0	1	2
NC_060948.1	2462465	0.0833
NC_060948.1	2465975	0.0833
NC_060948.1	2472503	0.1667
NC_060948.1	2472507	0.3333
NC_060948.1	2472742	0.0833
NC_060948.1	2474415	0.0833
NC_060948.1	2477255	0.1667
NC_060948.1	2477318	0.0833
NC_060948.1	2477332	0.0833
NC_060948.1	2478215	0.1667
NC_060948.1	2478721	0.0833
NC_060948.1	2479253	0.0833
NC_060948.1	2480028	0.0833
NC_060948.1	2480355	0.0833
NC_060948.1	2480836	0.0833
NC_060948.1	2483422	0.0833
NC_060948.1	2484255	0.0833
NC_060948.1	2484281	0.0833
NC_060948.1	2485534	0.0833
NC_060948.1	2488436	0.0833
NC_060948.1	2491658	0.0833
NC_060948.1	2492628	0.0833
NC_060948.1	2493546	0.0833
NC_060948.1	2495221	0.0833
NC_060948.1	2495354	0.0833
NC_060948.1	2495526	0.0833
NC_060948.1	2497413	0.0833
NC_060948.1	2497415	0.0833
NC_060948.1	2497417	0.0833
NC_060948.1	2497420	0.0833
NC_060948.1	2497421	0.0833
NC_060948.1	2497422	0.0833
NC_060948.1	2497424	0.0833
NC_060948.1	2497426	0.0833
NC_060948.1	2503061	0.0833
NC_060948.1	2504586	0.0833
NC_060948.1	2505017	0.0833
NC_060948.1	2511777	0.0833
NC_060948.1	2512067	0.0833
NC_060948.1	2514800	0.0833
NC_060948.1	2516649	0.0833
NC_060948.1	2516731	0.0833
NC_060948.1	2518944	0.0833
NC_060948.1	2521742	0.0833
NC_060948.1	2521746	0.0833
NC_060948.1	2527997	0.1667
NC_060948.1	2531297	0.0833
NC_060948.1	2533559	0.0833
NC_060948.1	2534206	0.1667
NC_060948.1	2537718	0.0833
NC_060948.1	2539614	0.0833
NC_060948.1	2542409	0.0833
NC_060948.1	2543645	0.0833
NC_060948.1	2544073	0.0833
NC_060948.1	2546199	0.1667
NC_060948.1	2546468	0.0833
NC_060948.1	2547064	0.0833
NC_060948.1	2548259	0.0833
NC_060948.1	2552544	0.0833
NC_060948.1	2553176	0.0833
NC_060948.1	2555013	0.0833
NC_060948.1	2559514	0.1667
NC_060948.1	2562962	0.0833
NC_060948.1	2563000	0.0833
NC_060948.1	2565263	0.0833
NC_060948.1	2565311	0.0833
NC_060948.1	2566462	0.0833
NC_060948.1	2568673	0.0833
NC_060948.1	2568696	0.0833
NC_060948.1	2568700	0.0833
NC_060948.1	2582075	0.0833
NC_060948.1	2583095	0.0833
NC_060948.1	2583816	0.0833
NC_060948.1	2584260	0.0833
NC_060948.1	2595378	0.1667
NC_060948.1	2596854	0.0833
NC_060948.1	2597772	0.0833
NC_060948.1	2598177	0.0833
NC_060948.1	2599287	0.0833
NC_060948.1	2599726	0.0833
NC_060948.1	2603221	0.0833
NC_060948.1	2603623	0.0833
NC_060948.1	2603816	0.1667
NC_060948.1	2604812	0.0833
NC_060948.1	2606880	0.0833
NC_060948.1	2607601	0.0833
NC_060948.1	2609855	0.0833
NC_060948.1	2610461	0.0833
NC_060948.1	2612438	0.1667
NC_060948.1	2612858	0.0833
NC_060948.1	2616742	0.0833
NC_060948.1	2617605	0.0833
NC_060948.1	2619126	0.0833
NC_060948.1	2619128	0.0833
NC_060948.1	2619706	0.1667
NC_060948.1	2621802	0.0833
NC_060948.1	2624554	0.0833
NC_060948.1	2626552	0.0833
NC_060948.1	2628159	0.0833
NC_060948.1	2633848	0.3333
NC_060948.1	2636530	0.1667
NC_060948.1	2637831	0.0833
NC_060948.1	2640469	0.1667
NC_060948.1	2640560	0.0833
NC_060948.1	2642028	0.0833
NC_060948.1	2645690	0.1667
NC_060948.1	2646782	0.0833
NC_060948.1	2651333	0.0833
NC_060948.1	2651335	0.0833
NC_060948.1	2651951	0.0833
NC_060948.1	2658963	0.0833
NC_060948.1	2658974	0.0833
NC_060948.1	2658975	0.0833
NC_060948.1	2659000	0.0833
NC_060948.1	2660438	0.0833
NC_060948.1	2662515	0.1667
NC_060948.1	2663571	0.0833
NC_060948.1	2664758	0.1667
NC_060948.1	2666639	0.0833
NC_060948.1	2669822	0.0833
NC_060948.1	2671118	0.0833
NC_060948.1	2672488	0.0833
NC_060948.1	2672786	0.0833
NC_060948.1	2673151	0.0833
NC_060948.1	2673402	0.0833
NC_060948.1	2673404	0.0833
NC_060948.1	2673405	0.0833
NC_060948.1	2674881	0.1667
NC_060948.1	2675477	0.25
NC_060948.1	2675734	0.25
NC_060948.1	2675735	0.25
NC_060948.1	2675765	0.0833
NC_060948.1	2675907	0.25
NC_060948.1	2675912	0.25
NC_060948.1	2676007	0.0833
NC_060948.1	2676024	0.0833
NC_060948.1	2676065	0.25
NC_060948.1	2677620	0.0833
NC_060948.1	2677777	0.0833
NC_060948.1	2678541	0.0833
NC_060948.1	2681704	0.0833
NC_060948.1	2681731	0.0833
NC_060948.1	2683663	0.0833
NC_060948.1	2683665	0.0833
NC_060948.1	2687873	0.0833
NC_060948.1	2687885	0.0833
NC_060948.1	2691876	0.0833
NC_060948.1	2693969	0.0833
NC_060948.1	2695913	0.0833
NC_060948.1	2696945	0.0833
NC_060948.1	2697778	0.2727
NC_060948.1	2697781	0.0909
NC_060948.1	2697852	0.0833
NC_060948.1	2697860	0.25
NC_060948.1	2697929	0.0833
NC_060948.1	2697948	0.1667
NC_060948.1	2698145	0.0833
NC_060948.1	2698521	0.0833
NC_060948.1	2703349	0.0833
NC_060948.1	2705603	0.0833
NC_060948.1	2706555	0.0833
NC_060948.1	2708833	0.0833
NC_060948.1	2708843	0.0833
NC_060948.1	2709896	0.0833
NC_060948.1	2711961	0.0833
NC_060948.1	2712354	0.1667
NC_060948.1	2713700	0.0833
NC_060948.1	2715743	0.0833
NC_060948.1	2716060	0.0833
NC_060948.1	2721495	0.0833
NC_060948.1	2722416	0.0833
NC_060948.1	2724160	0.1667
NC_060948.1	2727356	0.125
NC_060948.1	2728655	0.125
NC_060948.1	2729506	0.125
NC_060948.1	2730596	0.125
NC_060948.1	2733631	0.125
NC_060948.1	2734305	0.125
NC_060948.1	2734615	0.125
NC_060948.1	2735410	0.125
NC_060948.1	2743293	0.125
NC_060948.1	2743299	0.125
NC_060948.1	2743472	0.125
NC_060948.1	2744593	0.125
NC_060948.1	2745064	0.125
NC_060948.1	2745133	0.125
NC_060948.1	2746034	0.125
NC_060948.1	2748286	0.125
NC_060948.1	2750117	0.125
NC_060948.1	2765488	0.125
NC_060948.1	2773244	0.125
NC_060948.1	2773953	0.125
NC_060948.1	2776724	0.125
NC_060948.1	2780250	0.125
NC_060948.1	2783030	0.125
NC_060948.1	2785810	0.125
NC_060948.1	2788667	0.125
NC_060948.1	2788703	0.125
NC_060948.1	2788804	0.125
NC_060948.1	2789097	0.125
NC_060948.1	2791276	0.125
NC_060948.1	2792189	0.125
NC_060948.1	2794068	0.125
NC_060948.1	2796624	0.125
NC_060948.1	2799870	0.125
NC_060948.1	2802406	0.125
NC_060948.1	2802631	0.125
NC_060948.1	2802840	0.125
NC_060948.1	2804569	0.125
NC_060948.1	2805645	0.125
NC_060948.1	2809604	0.125
NC_060948.1	2811717	0.125
NC_060948.1	2827607	0.125
NC_060948.1	2828269	0.125
NC_060948.1	2830877	0.125
NC_060948.1	2832167	0.125
NC_060948.1	2836499	0.125
NC_060948.1	2836740	0.125
NC_060948.1	2837499	0.125
NC_060948.1	2839184	0.125
NC_060948.1	2842285	0.125
NC_060948.1	2842830	0.125
NC_060948.1	2844197	0.125
NC_060948.1	2845470	0.125
NC_060948.1	2845962	0.125
NC_060948.1	2850162	0.125
NC_060948.1	2850655	0.125
NC_060948.1	2852695	0.125
NC_060948.1	2853111	0.125
NC_060948.1	2856034	0.125
NC_060948.1	2856838	0.125
NC_060948.1	2857160	0.125
NC_060948.1	2860410	0.125
NC_060948.1	2862729	0.125
NC_060948.1	2863951	0.125
NC_060948.1	2865604	0.125
NC_060948.1	2871849	0.125
NC_060948.1	2872242	0.125
NC_060948.1	2872299	0.125
NC_060948.1	2872316	0.125
NC_060948.1	2872346	0.125
NC_060948.1	2872361	0.125
NC_060948.1	2872403	0.125
NC_060948.1	2875199	0.125
NC_060948.1	2875580	0.125
NC_060948.1	2876910	0.125
NC_060948.1	2879287	0.125
NC_060948.1	2881866	0.125
NC_060948.1	2883857	0.125
NC_060948.1	2884213	0.125
NC_060948.1	2885183	0.125
NC_060948.1	2885235	0.125
NC_060948.1	2885301	0.125
NC_060948.1	2885367	0.125
NC_060948.1	2885938	0.125
NC_060948.1	2890320	0.125
NC_060948.1	2894872	0.125
NC_060948.1	2894880	0.125
NC_060948.1	2894954	0.125
NC_060948.1	2895371	0.25
NC_060948.1	2895643	0.125
NC_060948.1	2897265	0.125
NC_060948.1	2900621	0.125
NC_060948.1	2901570	0.125
NC_060948.1	2902802	0.125
NC_060948.1	2903325	0.125
NC_060948.1	2904018	0.125
NC_060948.1	2904669	0.125
NC_060948.1	2905179	0.125
NC_060948.1	2908382	0.125
NC_060948.1	2908383	0.125
NC_060948.1	2910880	0.125
NC_060948.1	2912574	0.125
NC_060948.1	2912640	0.125
NC_060948.1	2912706	0.125
NC_060948.1	2915887	0.125
NC_060948.1	2916027	0.125
NC_060948.1	2916075	0.125
NC_060948.1	2918817	0.125
NC_060948.1	2919231	0.125
NC_060948.1	2921401	0.125
NC_060948.1	2921575	0.125
NC_060948.1	2922456	0.125
NC_060948.1	2926403	0.125
NC_060948.1	2926898	0.125
NC_060948.1	2926931	0.125
NC_060948.1	2927154	0.125
NC_060948.1	2927256	0.125
NC_060948.1	2927486	0.125
NC_060948.1	2930611	0.125
NC_060948.1	2933058	0.125
NC_060948.1	2933059	0.125
NC_060948.1	2933755	0.125
NC_060948.1	2935890	0.125
NC_060948.1	2940159	0.125
NC_060948.1	2940684	0.125
NC_060948.1	2943454	0.125
NC_060948.1	2951083	0.125
NC_060948.1	2951913	0.125
NC_060948.1	2956707	0.125
NC_060948.1	2956774	0.125
NC_060948.1	2962836	0.125
NC_060948.1	2965279	0.125
NC_060948.1	2965593	0.125
NC_060948.1	2966256	0.125
NC_060948.1	2967478	0.125
NC_060948.1	2967938	0.125
NC_060948.1	2968111	0.125
NC_060948.1	2968429	0.125
NC_060948.1	2975506	0.125
NC_060948.1	2977649	0.125
NC_060948.1	2979505	0.125
NC_060948.1	2981071	0.125
NC_060948.1	2981666	0.125
NC_060948.1	2981743	0.125
NC_060948.1	2984306	0.125
NC_060948.1	2984634	0.125
NC_060948.1	2987095	0.125
NC_060948.1	2989068	0.125
NC_060948.1	2990939	0.125
NC_060948.1	2996615	0.125
NC_060948.1	2998384	0.125
NC_060948.1	2998612	0.125
NC_060948.1	3001771	0.125
NC_060948.1	3002887	0.125
NC_060948.1	3005538	0.125
NC_060948.1	3006103	0.125
NC_060948.1	3006964	0.125
NC_060948.1	3013526	0.125
NC_060948.1	3013643	0.125
NC_060948.1	3014357	0.125
NC_060948.1	3014987	0.125
NC_060948.1	3015308	0.125
NC_060948.1	3015863	0.125
NC_060948.1	3019728	0.125
NC_060948.1	3021068	0.125
NC_060948.1	3027003	0.125
NC_060948.1	3027905	0.125
NC_060948.1	3027917	0.125
NC_060948.1	3028488	0.125
NC_060948.1	3030977	0.125
NC_060948.1	3032488	0.125
NC_060948.1	3033715	0.125
NC_060948.1	3037524	0.125
NC_060948.1	3046115	0.125
NC_060948.1	3049192	0.125
NC_060948.1	3049227	0.125
NC_060948.1	3049434	0.125
NC_060948.1	3049876	0.125
NC_060948.1	3050187	0.125
NC_060948.1	3050232	0.125
NC_060948.1	3050254	0.125
NC_060948.1	3050258	0.125
NC_060948.1	3050322	0.125
NC_060948.1	3050623	0.125
NC_060948.1	3050881	0.125
NC_060948.1	3054429	0.125
NC_060948.1	3055282	0.125
NC_060948.1	3055470	0.125
NC_060948.1	3056591	0.125
NC_060948.1	3060767	0.125
NC_060948.1	3061247	0.125
NC_060948.1	3062491	0.125
NC_060948.1	3062579	0.125
NC_060948.1	3062954	0.125
NC_060948.1	3062956	0.125
NC_060948.1	3064853	0.125
NC_060948.1	3065617	0.125
NC_060948.1	3069074	0.125
NC_060948.1	3070509	0.125
NC_060948.1	3072561	0.125
NC_060948.1	3074788	0.125
NC_060948.1	3075200	0.125
NC_060948.1	3078338	0.125
NC_060948.1	3082578	0.125
NC_060948.1	3084036	0.125
NC_060948.1	3084653	0.125
NC_060948.1	3086107	0.125
NC_060948.1	3087062	0.125
NC_060948.1	3087116	0.125
NC_060948.1	3087798	0.125
NC_060948.1	3088625	0.125
NC_060948.1	3088719	0.125
NC_060948.1	3088729	0.125
NC_060948.1	3093821	0.125
NC_060948.1	3094520	0.125
NC_060948.1	3095675	0.125
NC_060948.1	3095756	0.125
NC_060948.1	3096824	0.125
NC_060948.1	3096895	0.125
NC_060948.1	3101591	0.125
NC_060948.1	3102386	0.125
NC_060948.1	3103047	0.125
NC_060948.1	3103238	0.125
NC_060948.1	3105017	0.125
NC_060948.1	3108915	0.125
NC_060948.1	3110411	0.25
NC_060948.1	3110413	0.25
NC_060948.1	3110415	0.125
NC_060948.1	3113416	0.125
NC_060948.1	3115391	0.125
NC_060948.1	3117404	0.125
NC_060948.1	3120488	0.125
NC_060948.1	3120927	0.125
NC_060948.1	3121066	0.125
NC_060948.1	3121278	0.125
NC_060948.1	3125668	0.125
NC_060948.1	3127828	0.125
NC_060948.1	3128841	0.125
NC_060948.1	3130018	0.125
NC_060948.1	3130034	0.125
NC_060948.1	3130067	0.125
NC_060948.1	3130128	0.125
NC_060948.1	3130324	0.125
NC_060948.1	3130357	0.125
NC_060948.1	3131462	0.125
NC_060948.1	3134541	0.125
NC_060948.1	3134953	0.125
NC_060948.1	3135451	0.125
NC_060948.1	3137116	0.125
NC_060948.1	3140620	0.125
NC_060948.1	3148068	0.125
NC_060948.1	3160212	0.125
NC_060948.1	3163583	0.125
NC_060948.1	3165210	0.125
NC_060948.1	3165253	0.2857
NC_060948.1	3167682	0.125
NC_060948.1	3168933	0.125
NC_060948.1	3170191	0.125
NC_060948.1	3171151	0.125
NC_060948.1	3174359	0.125
NC_060948.1	3178497	0.125
NC_060948.1	3184446	0.125
NC_060948.1	3184486	0.125
NC_060948.1	3186231	0.125
NC_060948.1	3194412	0.125
NC_060948.1	3196187	0.125
NC_060948.1	3197211	0.125
NC_060948.1	3199134	0.125
NC_060948.1	3201311	0.125
NC_060948.1	3203775	0.125
NC_060948.1	3204817	0.125
NC_060948.1	3205542	0.125
NC_060948.1	3205556	0.125
NC_060948.1	3206170	0.125
NC_060948.1	3206681	0.125
NC_060948.1	3206741	0.125
NC_060948.1	3207356	0.125
NC_060948.1	3208654	0.125
NC_060948.1	3210520	0.125
NC_060948.1	3210524	0.125
NC_060948.1	3211674	0.125
NC_060948.1	3217514	0.125
NC_060948.1	3220034	0.125
NC_060948.1	3220252	0.125
NC_060948.1	3221463	0.125
NC_060948.1	3230234	0.1429
NC_060948.1	3231106	0.125
NC_060948.1	3231776	0.375
NC_060948.1	3232054	0.375
NC_060948.1	3232168	0.125
NC_060948.1	3234084	0.125
NC_060948.1	3237891	0.3333
NC_060948.1	3239707	0.125
NC_060948.1	3240901	0.125
NC_060948.1	3243179	0.125
NC_060948.1	3244407	0.125
NC_060948.1	3244875	0.125
NC_060948.1	3245375	0.125
NC_060948.1	3245378	0.125
NC_060948.1	3245383	0.125
NC_060948.1	3245385	0.125
NC_060948.1	3245478	0.25
NC_060948.1	3245526	0.125
NC_060948.1	3245551	0.375
NC_060948.1	3245552	0.125
NC_060948.1	3245557	0.375
NC_060948.1	3245558	0.125
NC_060948.1	3245563	0.375
NC_060948.1	3245569	0.375
NC_060948.1	3245573	0.375
NC_060948.1	3245612	0.125
NC_060948.1	3245613	0.125
NC_060948.1	3245817	0.125
NC_060948.1	3246188	0.125
NC_060948.1	3246311	0.125
NC_060948.1	3246434	0.125
NC_060948.1	3248398	0.125
NC_060948.1	3251557	0.125
NC_060948.1	3256094	0.125
NC_060948.1	3256405	0.125
NC_060948.1	3257489	0.125
NC_060948.1	3258342	0.125
NC_060948.1	3259947	0.125
NC_060948.1	3263760	0.125
NC_060948.1	3266306	0.125
NC_060948.1	3268154	0.125
NC_060948.1	3268748	0.125
NC_060948.1	3272081	0.125
NC_060948.1	3272170	0.125
NC_060948.1	3276731	0.125
NC_060948.1	3276747	0.125
NC_060948.1	3277997	0.125
NC_060948.1	3278050	0.125
NC_060948.1	3278430	0.125
NC_060948.1	3278535	0.125
NC_060948.1	3278537	0.125
NC_060948.1	3278539	0.125
NC_060948.1	3278541	0.125
NC_060948.1	3282454	0.125
NC_060948.1	3284701	0.125
NC_060948.1	3286334	0.125
NC_060948.1	3286991	0.125
NC_060948.1	3287048	0.125
NC_060948.1	3287070	0.125
NC_060948.1	3290215	0.125
NC_060948.1	3290682	0.125
NC_060948.1	3293010	0.125
NC_060948.1	3296195	0.125
NC_060948.1	3297568	0.125
NC_060948.1	3299387	0.125
NC_060948.1	3300252	0.125
NC_060948.1	3300253	0.125
NC_060948.1	3301180	0.125
NC_060948.1	3304038	0.125
NC_060948.1	3305902	0.125
NC_060948.1	3310939	0.125
NC_060948.1	3312159	0.125
NC_060948.1	3312667	0.125
NC_060948.1	3313740	0.125
NC_060948.1	3314963	0.125
NC_060948.1	3316086	0.125
NC_060948.1	3316566	0.125
NC_060948.1	3318490	0.125
NC_060948.1	3319550	0.125
NC_060948.1	3322875	0.125
NC_060948.1	3323927	0.125
NC_060948.1	3327357	0.125
NC_060948.1	3327374	0.125
NC_060948.1	3327480	0.125
NC_060948.1	3328868	0.125
NC_060948.1	3331545	0.125
NC_060948.1	3335189	0.125
NC_060948.1	3335975	0.125
NC_060948.1	3337723	0.125
NC_060948.1	3338103	0.125
NC_060948.1	3350800	0.125
NC_060948.1	3352618	0.125
NC_060948.1	3352985	0.125
NC_060948.1	3353086	0.125
NC_060948.1	3353151	0.125
NC_060948.1	3353159	0.125
NC_060948.1	3353485	0.125
NC_060948.1	3353498	0.125
NC_060948.1	3353620	0.125
NC_060948.1	3354021	0.125
NC_060948.1	3355212	0.125
NC_060948.1	3356753	0.125
NC_060948.1	3359733	0.125
NC_060948.1	3359747	0.125
NC_060948.1	3361082	0.125
NC_060948.1	3362606	0.125
NC_060948.1	3366633	0.125
NC_060948.1	3366786	0.125
NC_060948.1	3369074	0.125
NC_060948.1	3370073	0.125
NC_060948.1	3370929	0.125
NC_060948.1	3371115	0.125
NC_060948.1	3372143	0.125
NC_060948.1	3372182	0.125
NC_060948.1	3373157	0.125
NC_060948.1	3373895	0.125
NC_060948.1	3377926	0.125
NC_060948.1	3380918	0.25
NC_060948.1	3380979	0.125
NC_060948.1	3381123	0.125
NC_060948.1	3383013	0.125
NC_060948.1	3385100	0.125
NC_060948.1	3385692	0.125
NC_060948.1	3386602	0.125
NC_060948.1	3388015	0.125
NC_060948.1	3388626	0.125
NC_060948.1	3390470	0.125
NC_060948.1	3390889	0.125
NC_060948.1	3392373	0.125
NC_060948.1	3395705	0.125
NC_060948.1	3399673	0.125
NC_060948.1	3402024	0.125
NC_060948.1	3403363	0.125
NC_060948.1	3405716	0.125
NC_060948.1	3406209	0.125
NC_060948.1	3407052	0.125
NC_060948.1	3407214	0.125
NC_060948.1	3407241	0.125
NC_060948.1	3409295	0.125
NC_060948.1	3409751	0.125
NC_060948.1	3410091	0.125
NC_060948.1	3410227	0.125
NC_060948.1	3411139	0.125
NC_060948.1	3412750	0.125
NC_060948.1	3413420	0.125
NC_060948.1	3415888	0.125
NC_060948.1	3416129	0.125
NC_060948.1	3417539	0.125
NC_060948.1	3422808	0.125
NC_060948.1	3425290	0.125
NC_060948.1	3426267	0.125
NC_060948.1	3428205	0.125
NC_060948.1	3430204	0.125
NC_060948.1	3430433	0.125
NC_060948.1	3431695	0.125
NC_060948.1	3432907	0.125
NC_060948.1	3441223	0.125
NC_060948.1	3442038	0.125
NC_060948.1	3444565	0.125
NC_060948.1	3444906	0.125
NC_060948.1	3445167	0.125
NC_060948.1	3447005	0.125
NC_060948.1	3449643	0.375
NC_060948.1	3449685	0.125
NC_060948.1	3449689	0.25
NC_060948.1	3449693	0.25
NC_060948.1	3449697	0.125
NC_060948.1	3449701	0.125
NC_060948.1	3450140	0.125
NC_060948.1	3450284	0.125
NC_060948.1	3450962	0.125
NC_060948.1	3451007	0.125
NC_060948.1	3451116	0.125
NC_060948.1	3451214	0.125
NC_060948.1	3452180	0.125
NC_060948.1	3453338	0.125
NC_060948.1	3456303	0.125
NC_060948.1	3458042	0.125
NC_060948.1	3459020	0.125
NC_060948.1	3459644	0.125
NC_060948.1	3460881	0.125
NC_060948.1	3461825	0.125
NC_060948.1	3463227	0.125
NC_060948.1	3468805	0.125
NC_060948.1	3470969	0.125
NC_060948.1	3471802	0.125
NC_060948.1	3471842	0.375
NC_060948.1	3472002	0.125
NC_060948.1	3472028	0.25
NC_060948.1	3472079	0.25
NC_060948.1	3472105	0.125
NC_060948.1	3472157	0.25
NC_060948.1	3472158	0.25
NC_060948.1	3472190	0.125
NC_060948.1	3472394	0.125
NC_060948.1	3474812	0.125
NC_060948.1	3475550	0.125
NC_060948.1	3475649	0.125
NC_060948.1	3478394	0.125
NC_060948.1	3484934	0.125
NC_060948.1	3485728	0.125
NC_060948.1	3485958	0.125
NC_060948.1	3496398	0.125
NC_060948.1	3497586	0.125
NC_060948.1	3498711	0.125
NC_060948.1	3498993	0.125
NC_060948.1	3507758	0.125
NC_060948.1	3508882	0.125
NC_060948.1	3512741	0.125
NC_060948.1	3515601	0.125
NC_060948.1	3515655	0.125
NC_060948.1	3519477	0.125
NC_060948.1	3519794	0.125
NC_060948.1	3520260	0.125
NC_060948.1	3520478	0.125
NC_060948.1	3521428	0.125
NC_060948.1	3527348	0.125
NC_060948.1	3527987	0.125
NC_060948.1	3529524	0.125
NC_060948.1	3529986	0.125
NC_060948.1	3532994	0.125
NC_060948.1	3534718	0.125
NC_060948.1	3535621	0.125
NC_060948.1	3535789	0.125
NC_060948.1	3536047	0.125
NC_060948.1	3540719	0.125
NC_060948.1	3544422	0.125
NC_060948.1	3544801	0.125
NC_060948.1	3545277	0.125
NC_060948.1	3551612	0.125
NC_060948.1	3553393	0.125
NC_060948.1	3555518	0.125
NC_060948.1	3555740	0.125
NC_060948.1	3561060	0.125
NC_060948.1	3562841	0.125
NC_060948.1	3566472	0.125
NC_060948.1	3567163	0.125
NC_060948.1	3568175	0.125
NC_060948.1	3568867	0.125
NC_060948.1	3570662	0.125
NC_060948.1	3571700	0.125
NC_060948.1	3575576	0.125
NC_060948.1	3578308	0.125
NC_060948.1	3579311	0.125
NC_060948.1	3582131	0.125
NC_060948.1	3582607	0.125
NC_060948.1	3584096	0.125
NC_060948.1	3584275	0.125
NC_060948.1	3585428	0.125
NC_060948.1	3585448	0.125
NC_060948.1	3590777	0.125
NC_060948.1	3593160	0.125
NC_060948.1	3594697	0.125
NC_060948.1	3597267	0.125
NC_060948.1	3597411	0.125
NC_060948.1	3597604	0.125
NC_060948.1	3599912	0.125
NC_060948.1	3600009	0.125
NC_060948.1	3600019	0.125
NC_060948.1	3600021	0.125
NC_060948.1	3600023	0.125
NC_060948.1	3600025	0.125
NC_060948.1	3600027	0.125
NC_060948.1	3600029	0.1429
NC_060948.1	3600035	0.1429
NC_060948.1	3600037	0.1429
NC_060948.1	3606126	0.125
NC_060948.1	3606575	0.125
NC_060948.1	3606879	0.125
NC_060948.1	3609172	0.125
NC_060948.1	3609987	0.125
NC_060948.1	3615144	0.125
NC_060948.1	3617953	0.125
NC_060948.1	3619639	0.125
NC_060948.1	3622214	0.125
NC_060948.1	3623342	0.125
NC_060948.1	3626635	0.125
NC_060948.1	3626901	0.125
NC_060948.1	3630392	0.125
NC_060948.1	3631622	0.125
NC_060948.1	3632019	0.125
NC_060948.1	3634634	0.125
NC_060948.1	3636693	0.125
NC_060948.1	3636832	0.125
NC_060948.1	3638105	0.125
NC_060948.1	3638786	0.125
NC_060948.1	3641444	0.125
NC_060948.1	3646680	0.125
NC_060948.1	3650091	0.125
NC_060948.1	3655860	0.125
NC_060948.1	3657253	0.125
NC_060948.1	3659786	0.125
NC_060948.1	3662543	0.125
NC_060948.1	3664667	0.125
NC_060948.1	3667075	0.125
NC_060948.1	3669949	0.125
NC_060948.1	3670517	0.125
NC_060948.1	3678439	0.125
NC_060948.1	3678909	0.125
NC_060948.1	3679930	0.125
NC_060948.1	3681381	0.125
NC_060948.1	3681638	0.125
NC_060948.1	3682168	0.125
NC_060948.1	3685761	0.125
NC_060948.1	3687462	0.125
NC_060948.1	3687488	0.125
NC_060948.1	3687801	0.125
NC_060948.1	3688507	0.125
NC_060948.1	3691611	0.125
NC_060948.1	3692560	0.125
NC_060948.1	3696909	0.125
NC_060948.1	3698887	0.125
NC_060948.1	3701529	0.125
NC_060948.1	3701837	0.125
NC_060948.1	3705016	0.125
NC_060948.1	3705017	0.125
NC_060948.1	3705406	0.125
NC_060948.1	3707098	0.125
NC_060948.1	3707549	0.125
NC_060948.1	3710849	0.125
NC_060948.1	3712451	0.125
NC_060948.1	3712501	0.125
NC_060948.1	3712597	0.125
NC_060948.1	3713536	0.125
NC_060948.1	3713537	0.125
NC_060948.1	3714227	0.125
NC_060948.1	3716093	0.125
NC_060948.1	3719773	0.125
NC_060948.1	3720569	0.125
NC_060948.1	3721073	0.125
NC_060948.1	3723349	0.125
NC_060948.1	3725837	0.125
NC_060948.1	3728953	0.125
NC_060948.1	3730101	0.125
NC_060948.1	3731286	0.125
NC_060948.1	3735445	0.125
NC_060948.1	3735755	0.125
NC_060948.1	3740631	0.125
NC_060948.1	3742042	0.125
NC_060948.1	3742044	0.125
NC_060948.1	3742046	0.125
NC_060948.1	3742048	0.125
NC_060948.1	3742056	0.125
NC_060948.1	3742064	0.125
NC_060948.1	3742080	0.1429
NC_060948.1	3744462	0.125
NC_060948.1	3744497	0.125
NC_060948.1	3745469	0.125
NC_060948.1	3747834	0.125
NC_060948.1	3747963	0.125
NC_060948.1	3748216	0.125
NC_060948.1	3749054	0.125
NC_060948.1	3749854	0.125
NC_060948.1	3750417	0.125
NC_060948.1	3750522	0.125
NC_060948.1	3752519	0.125
NC_060948.1	3754532	0.125
NC_060948.1	3764969	0.125
NC_060948.1	3768289	0.125
NC_060948.1	3771127	0.125
NC_060948.1	3773495	0.125
NC_060948.1	3778154	0.125
NC_060948.1	3778788	0.125
NC_060948.1	3778789	0.125
NC_060948.1	3778906	0.125
NC_060948.1	3778908	0.125
NC_060948.1	3778999	0.125
NC_060948.1	3779046	0.125
NC_060948.1	3779053	0.125
NC_060948.1	3779055	0.125
NC_060948.1	3779088	0.125
NC_060948.1	3779295	0.125
NC_060948.1	3779301	0.125
NC_060948.1	3780277	0.125
NC_060948.1	3784353	0.125
NC_060948.1	3785785	0.125
NC_060948.1	3789551	0.125
NC_060948.1	3791858	0.125
NC_060948.1	3793239	0.125
NC_060948.1	3795612	0.125
NC_060948.1	3795841	0.125
NC_060948.1	3797724	0.125
NC_060948.1	3798429	0.125
NC_060948.1	3800197	0.125
NC_060948.1	3804239	0.125
NC_060948.1	3804937	0.125
NC_060948.1	3808768	0.125
NC_060948.1	3809485	0.125
NC_060948.1	3810658	0.125
NC_060948.1	3813273	0.125
NC_060948.1	3815753	0.125
NC_060948.1	3817395	0.125
NC_060948.1	3817898	0.125
NC_060948.1	3820454	0.125
NC_060948.1	3820663	0.125
NC_060948.1	3821645	0.125
NC_060948.1	3823565	0.125
NC_060948.1	3824936	0.125
NC_060948.1	3825707	0.125
NC_060948.1	3827785	0.125
NC_060948.1	3827786	0.125
NC_060948.1	3827884	0.125
NC_060948.1	3829778	0.125
NC_060948.1	3830149	0.125
NC_060948.1	3830172	0.125
NC_060948.1	3831117	0.125
NC_060948.1	3832243	0.125
NC_060948.1	3835359	0.125
NC_060948.1	3836459	0.125
NC_060948.1	3836924	0.125
NC_060948.1	3837140	0.125
NC_060948.1	3837849	0.125
NC_060948.1	3840530	0.125
NC_060948.1	3846343	0.125
NC_060948.1	3848056	0.125
NC_060948.1	3849250	0.125
NC_060948.1	3849818	0.125
NC_060948.1	3852188	0.125
NC_060948.1	3857531	0.125
NC_060948.1	3860321	0.125
NC_060948.1	3861982	0.125
NC_060948.1	3865530	0.125
NC_060948.1	3865532	0.125
NC_060948.1	3865533	0.125
NC_060948.1	3865536	0.125
NC_060948.1	3865537	0.125
NC_060948.1	3865539	0.125
NC_060948.1	3865540	0.125
NC_060948.1	3865541	0.125
NC_060948.1	3865544	0.125
NC_060948.1	3866996	0.125
NC_060948.1	3867250	0.125
NC_060948.1	3868094	0.125
NC_060948.1	3872391	0.125
NC_060948.1	3875346	0.125
NC_060948.1	3879337	0.125
NC_060948.1	3881833	0.125
NC_060948.1	3883460	0.125
NC_060948.1	3888488	0.125
NC_060948.1	3888927	0.125
NC_060948.1	3892676	0.125
NC_060948.1	3894612	0.125
NC_060948.1	3896705	0.125
NC_060948.1	3898632	0.125
NC_060948.1	3901680	0.125
NC_060948.1	3901745	0.125
NC_060948.1	3903187	0.125
NC_060948.1	3904187	0.125
NC_060948.1	3905031	0.125
NC_060948.1	3907371	0.125
NC_060948.1	3907740	0.125
NC_060948.1	3908682	0.125
NC_060948.1	3911040	0.125
NC_060948.1	3912219	0.125
NC_060948.1	3912235	0.125
NC_060948.1	3912687	0.125
NC_060948.1	3913703	0.125
NC_060948.1	3915124	0.125
NC_060948.1	3916520	0.125
NC_060948.1	3918013	0.125
NC_060948.1	3918854	0.125
NC_060948.1	3925408	0.125
NC_060948.1	3926475	0.125
NC_060948.1	3927252	0.125
NC_060948.1	3927287	0.125
NC_060948.1	3929456	0.125
NC_060948.1	3930047	0.125
NC_060948.1	3930651	0.125
NC_060948.1	3932533	0.125
NC_060948.1	3935422	0.125
NC_060948.1	3937741	0.125
NC_060948.1	3937768	0.125
NC_060948.1	3937901	0.125
NC_060948.1	3939256	0.125
NC_060948.1	3941243	0.125
NC_060948.1	3943085	0.125
NC_060948.1	3943172	0.125
NC_060948.1	3945837	0.125
NC_060948.1	3946106	0.125
NC_060948.1	3947980	0.125
NC_060948.1	3948117	0.125
NC_060948.1	3948119	0.125
NC_060948.1	3948121	0.25
NC_060948.1	3948130	0.125
NC_060948.1	3948134	0.125
NC_060948.1	3948661	0.125
NC_060948.1	3950424	0.125
NC_060948.1	3951085	0.125
NC_060948.1	3953481	0.125
NC_060948.1	3954330	0.125
NC_060948.1	3957546	0.125
NC_060948.1	3959079	0.125
NC_060948.1	3959532	0.125
NC_060948.1	3960274	0.125
NC_060948.1	3960652	0.125
NC_060948.1	3966418	0.125
NC_060948.1	3967329	0.125
NC_060948.1	3969088	0.125
NC_060948.1	3970038	0.125
NC_060948.1	3973122	0.125
NC_060948.1	3974553	0.125
NC_060948.1	3977407	0.125
NC_060948.1	3980653	0.125
NC_060948.1	3981218	0.125
NC_060948.1	3982650	0.125
NC_060948.1	3986540	0.125
NC_060948.1	3989114	0.125
NC_060948.1	3989778	0.125
NC_060948.1	3991380	0.125
NC_060948.1	3994342	0.125
NC_060948.1	3996178	0.125
NC_060948.1	3996203	0.125
NC_060948.1	3996379	0.125
NC_060948.1	3998026	0.125
NC_060948.1	3998527	0.125
NC_060948.1	4000086	0.125
NC_060948.1	4000907	0.125
NC_060948.1	4002609	0.125
NC_060948.1	4003584	0.125
NC_060948.1	4005359	0.125
NC_060948.1	4007816	0.125
NC_060948.1	4009923	0.125
NC_060948.1	4011339	0.125
NC_060948.1	4012204	0.125
NC_060948.1	4020297	0.125
NC_060948.1	4025570	0.125
NC_060948.1	4025659	0.125
NC_060948.1	4027555	0.125
NC_060948.1	4028393	0.125
NC_060948.1	4032376	0.125
NC_060948.1	4033003	0.125
NC_060948.1	4033207	0.125
NC_060948.1	4033343	0.125
NC_060948.1	4033396	0.125
NC_060948.1	4033553	0.125
NC_060948.1	4034317	0.125
NC_060948.1	4034598	0.125
NC_060948.1	4034885	0.125
NC_060948.1	4034980	0.125
NC_060948.1	4035405	0.125
NC_060948.1	4037458	0.125
NC_060948.1	4041464	0.125
NC_060948.1	4041924	0.125
NC_060948.1	4046043	0.125
NC_060948.1	4053338	0.125
NC_060948.1	4059921	0.125
NC_060948.1	4060693	0.125
NC_060948.1	4061833	0.125
NC_060948.1	4062537	0.125
NC_060948.1	4064257	0.125
NC_060948.1	4064823	0.125
NC_060948.1	4067435	0.125
NC_060948.1	4068116	0.125
NC_060948.1	4068526	0.125
NC_060948.1	4069247	0.125
NC_060948.1	4070188	0.125
NC_060948.1	4070189	0.125
NC_060948.1	4071841	0.125
NC_060948.1	4073247	0.125
NC_060948.1	4073329	0.125
NC_060948.1	4074065	0.125
NC_060948.1	4076306	0.125
NC_060948.1	4077347	0.125
NC_060948.1	4077766	0.125
NC_060948.1	4081238	0.125
NC_060948.1	4082199	0.125
NC_060948.1	4082525	0.125
NC_060948.1	4083554	0.125
NC_060948.1	4084442	0.125
NC_060948.1	4088053	0.125
NC_060948.1	4089838	0.125
NC_060948.1	4090599	0.125
NC_060948.1	4091211	0.125
NC_060948.1	4092372	0.125
NC_060948.1	4093034	0.125
NC_060948.1	4093351	0.125
NC_060948.1	4097922	0.125
NC_060948.1	4098833	0.125
NC_060948.1	4099458	0.125
NC_060948.1	4100202	0.125
NC_060948.1	4100465	0.125
NC_060948.1	4102539	0.125
NC_060948.1	4104722	0.125
NC_060948.1	4105724	0.125
NC_060948.1	4105744	0.125
NC_060948.1	4107334	0.125
NC_060948.1	4109170	0.125
NC_060948.1	4109323	0.125
NC_060948.1	4111176	0.125
NC_060948.1	4111411	0.125
NC_060948.1	4116843	0.125
NC_060948.1	4117457	0.125
NC_060948.1	4121032	0.125
NC_060948.1	4121367	0.125
NC_060948.1	4125706	0.125
NC_060948.1	4127691	0.125
NC_060948.1	4129917	0.125
NC_060948.1	4130722	0.125
NC_060948.1	4132171	0.125
NC_060948.1	4133584	0.125
NC_060948.1	4136327	0.125
NC_060948.1	4137423	0.125
NC_060948.1	4137494	0.125
NC_060948.1	4137535	0.125
NC_060948.1	4137816	0.125
NC_060948.1	4140723	0.125
NC_060948.1	4143241	0.125
NC_060948.1	4147363	0.125
NC_060948.1	4149395	0.125
NC_060948.1	4151925	0.125
NC_060948.1	4153061	0.125
NC_060948.1	4153498	0.125
NC_060948.1	4153764	0.125
NC_060948.1	4157989	0.125
NC_060948.1	4159706	0.125
NC_060948.1	4161120	0.125
NC_060948.1	4161701	0.125
NC_060948.1	4162315	0.125
NC_060948.1	4162918	0.125
NC_060948.1	4163601	0.125
NC_060948.1	4166140	0.125
NC_060948.1	4166212	0.125
NC_060948.1	4166213	0.125
NC_060948.1	4166855	0.125
NC_060948.1	4166952	0.125
NC_060948.1	4169041	0.125
NC_060948.1	4170193	0.125
NC_060948.1	4170403	0.125
NC_060948.1	4172339	0.125
NC_060948.1	4172340	0.125
NC_060948.1	4174227	0.125
NC_060948.1	4176595	0.125
NC_060948.1	4177519	0.125
NC_060948.1	4178383	0.125
NC_060948.1	4181919	0.125
NC_060948.1	4183781	0.125
NC_060948.1	4185260	0.125
NC_060948.1	4185465	0.125
NC_060948.1	4190553	0.125
NC_060948.1	4193661	0.125
NC_060948.1	4193919	0.125
NC_060948.1	4193920	0.125
NC_060948.1	4194194	0.125
NC_060948.1	4194396	0.125
NC_060948.1	4197541	0.125
NC_060948.1	4198651	0.125
NC_060948.1	4199840	0.125
NC_060948.1	4208176	0.125
NC_060948.1	4209544	0.125
NC_060948.1	4210290	0.125
NC_060948.1	4210629	0.125
NC_060948.1	4213121	0.125
NC_060948.1	4216596	0.125
NC_060948.1	4218393	0.125
NC_060948.1	4220254	0.125
NC_060948.1	4220361	0.125
NC_060948.1	4224148	0.125
NC_060948.1	4226330	0.125
NC_060948.1	4227272	0.125
NC_060948.1	4229777	0.125
NC_060948.1	4232798	0.125
NC_060948.1	4235824	0.125
NC_060948.1	4240897	0.125
NC_060948.1	4242694	0.125
NC_060948.1	4243078	0.125
NC_060948.1	4246338	0.125
NC_060948.1	4248268	0.125
NC_060948.1	4249558	0.125
NC_060948.1	4251061	0.125
NC_060948.1	4251321	0.125
NC_060948.1	4251958	0.125
NC_060948.1	4252956	0.125
NC_060948.1	4254940	0.125
NC_060948.1	4257885	0.125
NC_060948.1	4258146	0.125
NC_060948.1	4259228	0.125
NC_060948.1	4259386	0.125
NC_060948.1	4259444	0.125
NC_060948.1	4259859	0.125
NC_060948.1	4261636	0.125
NC_060948.1	4262736	0.125
NC_060948.1	4262855	0.125
NC_060948.1	4263197	0.125
NC_060948.1	4263198	0.125
NC_060948.1	4267822	0.125
NC_060948.1	4268161	0.125
NC_060948.1	4268208	0.125
NC_060948.1	4272395	0.125
NC_060948.1	4272613	0.125
NC_060948.1	4273134	0.125
NC_060948.1	4273829	0.125
NC_060948.1	4279784	0.125
NC_060948.1	4282656	0.125
NC_060948.1	4282865	0.125
NC_060948.1	4282936	0.125
NC_060948.1	4284953	0.125
NC_060948.1	4293174	0.125
NC_060948.1	4297233	0.125
NC_060948.1	4298069	0.125
NC_060948.1	4298473	0.125
NC_060948.1	4299067	0.125
NC_060948.1	4299723	0.125
NC_060948.1	4301166	0.125
NC_060948.1	4301355	0.125
NC_060948.1	4308109	0.125
NC_060948.1	4308800	0.125
NC_060948.1	4309746	0.125
NC_060948.1	4310530	0.125
NC_060948.1	4312936	0.125
NC_060948.1	4313706	0.125
NC_060948.1	4313817	0.125
NC_060948.1	4313835	0.125
NC_060948.1	4313837	0.125
NC_060948.1	4314059	0.125
NC_060948.1	4314155	0.125
NC_060948.1	4314203	0.125
NC_060948.1	4314260	0.125
NC_060948.1	4314278	0.125
NC_060948.1	4314440	0.125
NC_060948.1	4314862	0.125
NC_060948.1	4316892	0.125
NC_060948.1	4317408	0.125
NC_060948.1	4320214	0.125
NC_060948.1	4320367	0.125
NC_060948.1	4322829	0.125
NC_060948.1	4324336	0.125
NC_060948.1	4328323	0.125
NC_060948.1	4329984	0.125
NC_060948.1	4331322	0.125
NC_060948.1	4331645	0.125
NC_060948.1	4332186	0.125
NC_060948.1	4337400	0.125
NC_060948.1	4338916	0.125
NC_060948.1	4339103	0.125
NC_060948.1	4340345	0.125
NC_060948.1	4344177	0.125
NC_060948.1	4349215	0.125
NC_060948.1	4349702	0.125
NC_060948.1	4350859	0.125
NC_060948.1	4353562	0.125
NC_060948.1	4353994	0.125
NC_060948.1	4354542	0.125
NC_060948.1	4356738	0.125
NC_060948.1	4358654	0.125
NC_060948.1	4358701	0.125
NC_060948.1	4359585	0.125
NC_060948.1	4360561	0.125
NC_060948.1	4362327	0.125
NC_060948.1	4363531	0.125
NC_060948.1	4363645	0.125
NC_060948.1	4364005	0.125
NC_060948.1	4366859	0.125
NC_060948.1	4367008	0.125
NC_060948.1	4367009	0.125
NC_060948.1	4367595	0.125
NC_060948.1	4368170	0.125
NC_060948.1	4368509	0.125
NC_060948.1	4369753	0.125
NC_060948.1	4372765	0.125
NC_060948.1	4375696	0.125
NC_060948.1	4378971	0.125
NC_060948.1	4381772	0.125
NC_060948.1	4382661	0.125
NC_060948.1	4382786	0.125
NC_060948.1	4382838	0.125
NC_060948.1	4385546	0.125
NC_060948.1	4387428	0.125
NC_060948.1	4388622	0.125
NC_060948.1	4388788	0.125
NC_060948.1	4391247	0.125
NC_060948.1	4396392	0.125
NC_060948.1	4396440	0.125
NC_060948.1	4398235	0.125
NC_060948.1	4399511	0.125
NC_060948.1	4401503	0.125
NC_060948.1	4407862	0.125
NC_060948.1	4409222	0.125
NC_060948.1	4414924	0.125
NC_060948.1	4416545	0.125
NC_060948.1	4418282	0.125
NC_060948.1	4418290	0.125
NC_060948.1	4420496	0.125
NC_060948.1	4421045	0.125
NC_060948.1	4431098	0.125
NC_060948.1	4431478	0.125
NC_060948.1	4434888	0.125
NC_060948.1	4436674	0.125
NC_060948.1	4438109	0.125
NC_060948.1	4439456	0.125
NC_060948.1	4443479	0.125
NC_060948.1	4444031	0.125
NC_060948.1	4445967	0.125
NC_060948.1	4447445	0.125
NC_060948.1	4447565	0.125
NC_060948.1	4447567	0.125
NC_060948.1	4448454	0.125
NC_060948.1	4449537	0.125
NC_060948.1	4450540	0.125
NC_060948.1	4451762	0.125
NC_060948.1	4454549	0.125
NC_060948.1	4454636	0.125
NC_060948.1	4455644	0.125
NC_060948.1	4455854	0.125
NC_060948.1	4457310	0.125
NC_060948.1	4458031	0.125
NC_060948.1	4459802	0.125
NC_060948.1	4460036	0.125
NC_060948.1	4461492	0.125
NC_060948.1	4461983	0.25
NC_060948.1	4461985	0.125
NC_060948.1	4464187	0.125
NC_060948.1	4464188	0.125
NC_060948.1	4464512	0.125
NC_060948.1	4469610	0.125
NC_060948.1	4469756	0.125
NC_060948.1	4471933	0.125
NC_060948.1	4473982	0.125
NC_060948.1	4476311	0.125
NC_060948.1	4481793	0.125
NC_060948.1	4482129	0.125
NC_060948.1	4484275	0.125
NC_060948.1	4485119	0.125
NC_060948.1	4485902	0.125
NC_060948.1	4488851	0.125
NC_060948.1	4489268	0.125
NC_060948.1	4489460	0.125
NC_060948.1	4490870	0.125
NC_060948.1	4492870	0.125
NC_060948.1	4493538	0.125
NC_060948.1	4493746	0.125
NC_060948.1	4500296	0.125
NC_060948.1	4500698	0.125
NC_060948.1	4501540	0.125
NC_060948.1	4501955	0.125
NC_060948.1	4502162	0.125
NC_060948.1	4502859	0.125
NC_060948.1	4504793	0.125
NC_060948.1	4505854	0.125
NC_060948.1	4506782	0.125
NC_060948.1	4507519	0.125
NC_060948.1	4510199	0.125
NC_060948.1	4515001	0.125
NC_060948.1	4516387	0.125
NC_060948.1	4516642	0.125
NC_060948.1	4520582	0.125
NC_060948.1	4521505	0.125
NC_060948.1	4521861	0.125
NC_060948.1	4523912	0.125
NC_060948.1	4525200	0.125
NC_060948.1	4527033	0.125
NC_060948.1	4528339	0.125
NC_060948.1	4528521	0.125
NC_060948.1	4531513	0.125
NC_060948.1	4532488	0.125
NC_060948.1	4533075	0.125
NC_060948.1	4533432	0.125
NC_060948.1	4537082	0.125
NC_060948.1	4538342	0.5
NC_060948.1	4538343	0.3333
NC_060948.1	4539094	0.125
NC_060948.1	4540546	0.125
NC_060948.1	4541587	0.125
NC_060948.1	4546118	0.125
NC_060948.1	4546497	0.125
NC_060948.1	4547105	0.125
NC_060948.1	4548626	0.125
NC_060948.1	4548769	0.125
NC_060948.1	4549178	0.125
NC_060948.1	4549535	0.125
NC_060948.1	4549793	0.125
NC_060948.1	4550385	0.125
NC_060948.1	4550397	0.125
NC_060948.1	4550420	0.125
NC_060948.1	4553329	0.125
NC_060948.1	4553335	0.125
NC_060948.1	4557234	0.125
NC_060948.1	4560426	0.125
NC_060948.1	4560755	0.125
NC_060948.1	4561019	0.125
NC_060948.1	4561746	0.125
NC_060948.1	4563493	0.125
NC_060948.1	4565393	0.125
NC_060948.1	4568044	0.125
NC_060948.1	4568374	0.125
NC_060948.1	4569561	0.125
NC_060948.1	4570530	0.125
NC_060948.1	4574589	0.125
NC_060948.1	4574960	0.125
NC_060948.1	4574962	0.125
NC_060948.1	4575406	0.125
NC_060948.1	4577644	0.125
NC_060948.1	4579393	0.125
NC_060948.1	4579679	0.125
NC_060948.1	4580210	0.125
NC_060948.1	4580351	0.125
NC_060948.1	4584632	0.125
NC_060948.1	4585561	0.125
NC_060948.1	4589663	0.1429
NC_060948.1	4593961	0.125
NC_060948.1	4594029	0.125
NC_060948.1	4594942	0.125
NC_060948.1	4598587	0.125
NC_060948.1	4606156	0.125
NC_060948.1	4607338	0.125
NC_060948.1	4608261	0.125
NC_060948.1	4611786	0.125
NC_060948.1	4613604	0.125
NC_060948.1	4614916	0.125
NC_060948.1	4619198	0.125
NC_060948.1	4621029	0.125
NC_060948.1	4625222	0.125
NC_060948.1	4626041	0.125
NC_060948.1	4626051	0.125
NC_060948.1	4626554	0.125
NC_060948.1	4628419	0.25
NC_060948.1	4628420	0.25
NC_060948.1	4629833	0.125
NC_060948.1	4632267	0.125
NC_060948.1	4632647	0.125
NC_060948.1	4634020	0.125
NC_060948.1	4634289	0.125
NC_060948.1	4634408	0.125
NC_060948.1	4636256	0.125
NC_060948.1	4637865	0.125
NC_060948.1	4638520	0.125
NC_060948.1	4640927	0.125
NC_060948.1	4642030	0.125
NC_060948.1	4642033	0.125
NC_060948.1	4642036	0.125
NC_060948.1	4642038	0.125
NC_060948.1	4642039	0.125
NC_060948.1	4642043	0.125
NC_060948.1	4642109	0.125
NC_060948.1	4642628	0.125
NC_060948.1	4645161	0.125
NC_060948.1	4645839	0.125
NC_060948.1	4646203	0.125
NC_060948.1	4646448	0.125
NC_060948.1	4648566	0.125
NC_060948.1	4652211	0.125
NC_060948.1	4653101	0.125
NC_060948.1	4654637	0.125
NC_060948.1	4654646	0.125
NC_060948.1	4654904	0.125
NC_060948.1	4656492	0.125
NC_060948.1	4656788	0.125
NC_060948.1	4656789	0.125
NC_060948.1	4658403	0.125
NC_060948.1	4658427	0.125
NC_060948.1	4659819	0.5
NC_060948.1	4659823	0.1667
NC_060948.1	4659825	0.1429
NC_060948.1	4659827	0.25
NC_060948.1	4659829	0.125
NC_060948.1	4661157	0.125
NC_060948.1	4664546	0.125
NC_060948.1	4664579	0.125
NC_060948.1	4665364	0.125
NC_060948.1	4665603	0.125
NC_060948.1	4667863	0.125
NC_060948.1	4670113	0.125
NC_060948.1	4670508	0.125
NC_060948.1	4670509	0.125
NC_060948.1	4672159	0.125
NC_060948.1	4672696	0.125
NC_060948.1	4673822	0.125
NC_060948.1	4675516	0.125
NC_060948.1	4677384	0.125
NC_060948.1	4677690	0.125
NC_060948.1	4678007	0.125
NC_060948.1	4678843	0.125
NC_060948.1	4678993	0.125
NC_060948.1	4681241	0.125
NC_060948.1	4682614	0.125
NC_060948.1	4684087	0.125
NC_060948.1	4684498	0.125
NC_060948.1	4686106	0.125
NC_060948.1	4689737	0.125
NC_060948.1	4690206	0.125
NC_060948.1	4690658	0.125
NC_060948.1	4692951	0.125
NC_060948.1	4694954	0.125
NC_060948.1	4695628	0.125
NC_060948.1	4699793	0.125
NC_060948.1	4704267	0.125
NC_060948.1	4708296	0.125
NC_060948.1	4710154	0.125
NC_060948.1	4711067	0.125
NC_060948.1	4712089	0.125
NC_060948.1	4712613	0.125
NC_060948.1	4713065	0.125
NC_060948.1	4714214	0.125
NC_060948.1	4714494	0.125
NC_060948.1	4715059	0.125
NC_060948.1	4715309	0.125
NC_060948.1	4716766	0.125
NC_060948.1	4718271	0.125
NC_060948.1	4718586	0.125
NC_060948.1	4718898	0.125
NC_060948.1	4719241	0.125
NC_060948.1	4721172	0.125
NC_060948.1	4725251	0.125
NC_060948.1	4725954	0.125
NC_060948.1	4726065	0.125
NC_060948.1	4726074	0.125
NC_060948.1	4726914	0.125
NC_060948.1	4729404	0.125
NC_060948.1	4732251	0.125
NC_060948.1	4733339	0.125
NC_060948.1	4734030	0.125
NC_060948.1	4734031	0.125
NC_060948.1	4735587	0.125
NC_060948.1	4736795	0.125
NC_060948.1	4738918	0.125
NC_060948.1	4742831	0.125
NC_060948.1	4743452	0.125
NC_060948.1	4743791	0.125
NC_060948.1	4744200	0.125
NC_060948.1	4745515	0.125
NC_060948.1	4745637	0.125
NC_060948.1	4747365	0.125
NC_060948.1	4748076	0.1429
NC_060948.1	4748098	0.125
NC_060948.1	4750283	0.125
NC_060948.1	4750307	0.125
NC_060948.1	4750732	0.125
NC_060948.1	4751367	0.125
NC_060948.1	4752079	0.125
NC_060948.1	4752494	0.125
NC_060948.1	4755095	0.125
NC_060948.1	4760656	0.125
NC_060948.1	4767830	0.125
NC_060948.1	4768617	0.125
NC_060948.1	4769105	0.125
NC_060948.1	4771861	0.125
NC_060948.1	4774193	0.125
NC_060948.1	4779263	0.125
NC_060948.1	4779862	0.125
NC_060948.1	4780149	0.125
NC_060948.1	4780288	0.125
NC_060948.1	4780969	0.125
NC_060948.1	4784633	0.125
NC_060948.1	4784634	0.125
NC_060948.1	4784717	0.125
NC_060948.1	4784726	0.125
NC_060948.1	4784731	0.125
NC_060948.1	4785833	0.125
NC_060948.1	4787096	0.125
NC_060948.1	4787458	0.125
NC_060948.1	4787572	0.125
NC_060948.1	4788009	0.125
NC_060948.1	4788014	0.125
NC_060948.1	4788017	0.25
NC_060948.1	4788019	0.125
NC_060948.1	4788056	0.125
NC_060948.1	4788142	0.125
NC_060948.1	4788193	0.125
NC_060948.1	4788198	0.25
NC_060948.1	4788199	0.25
NC_060948.1	4788483	0.125
NC_060948.1	4792570	0.125
NC_060948.1	4793251	0.125
NC_060948.1	4794981	0.125
NC_060948.1	4795338	0.125
NC_060948.1	4795507	0.125
NC_060948.1	4796005	0.125
NC_060948.1	4796543	0.125
NC_060948.1	4799439	0.125
NC_060948.1	4802537	0.125
NC_060948.1	4804251	0.125
NC_060948.1	4806485	0.125
NC_060948.1	4807792	0.125
NC_060948.1	4809015	0.1429
NC_060948.1	4810080	0.125
NC_060948.1	4812444	0.125
NC_060948.1	4814185	0.125
NC_060948.1	4816555	0.125
NC_060948.1	4817862	0.125
NC_060948.1	4818414	0.125
NC_060948.1	4819437	0.125
NC_060948.1	4820635	0.125
NC_060948.1	4822253	0.125
NC_060948.1	4824398	0.125
NC_060948.1	4829025	0.125
NC_060948.1	4837321	0.125
NC_060948.1	4838947	0.125
NC_060948.1	4849619	0.125
NC_060948.1	4853111	0.125
NC_060948.1	4853474	0.125
NC_060948.1	4853714	0.125
NC_060948.1	4855213	0.125
NC_060948.1	4858863	0.125
NC_060948.1	4859911	0.125
NC_060948.1	4863498	0.125
NC_060948.1	4864515	0.125
NC_060948.1	4864682	0.125
NC_060948.1	4869034	0.125
NC_060948.1	4871486	0.125
NC_060948.1	4872449	0.125
NC_060948.1	4872689	0.125
NC_060948.1	4878800	0.125
NC_060948.1	4880218	0.125
NC_060948.1	4880528	0.125
NC_060948.1	4880589	0.125
NC_060948.1	4881889	0.125
NC_060948.1	4882839	0.125
NC_060948.1	4885231	0.125
NC_060948.1	4886537	0.125
NC_060948.1	4887716	0.125
NC_060948.1	4888093	0.125
NC_060948.1	4893090	0.125
NC_060948.1	4896945	0.125
NC_060948.1	4898162	0.125
NC_060948.1	4899307	0.125
NC_060948.1	4900239	0.125
NC_060948.1	4903952	0.125
NC_060948.1	4904866	0.125
NC_060948.1	4905099	0.125
NC_060948.1	4905684	0.125
NC_060948.1	4906438	0.125
NC_060948.1	4909402	0.125
NC_060948.1	4913808	0.125
NC_060948.1	4915813	0.125
NC_060948.1	4916255	0.125
NC_060948.1	4917715	0.125
NC_060948.1	4921778	0.125
NC_060948.1	4922110	0.125
NC_060948.1	4922399	0.125
NC_060948.1	4922754	0.125
NC_060948.1	4922759	0.125
NC_060948.1	4922930	0.125
NC_060948.1	4924649	0.125
NC_060948.1	4924664	0.125
NC_060948.1	4925873	0.125
NC_060948.1	4931922	0.125
NC_060948.1	4934038	0.125
NC_060948.1	4935048	0.125
NC_060948.1	4935774	0.125
NC_060948.1	4935988	0.125
NC_060948.1	4942003	0.125
NC_060948.1	4945476	0.125
NC_060948.1	4948910	0.125
NC_060948.1	4951397	0.125
NC_060948.1	4954144	0.125
NC_060948.1	4955684	0.125
NC_060948.1	4955954	0.125
NC_060948.1	4958364	0.125
NC_060948.1	4958663	0.125
NC_060948.1	4959737	0.125
NC_060948.1	4959742	0.125
NC_060948.1	4961910	0.125
NC_060948.1	4963197	0.125
NC_060948.1	4964362	0.125
NC_060948.1	4966504	0.125
NC_060948.1	4967938	0.125
NC_060948.1	4970849	0.125
NC_060948.1	4973400	0.125
NC_060948.1	4974237	0.125
NC_060948.1	4974588	0.125
NC_060948.1	4977911	0.125
NC_060948.1	4978137	0.125
NC_060948.1	4981634	0.125
NC_060948.1	4981802	0.125
NC_060948.1	4982491	0.125
NC_060948.1	4983983	0.125
NC_060948.1	4984703	0.125
NC_060948.1	4985439	0.125
NC_060948.1	4992325	0.125
NC_060948.1	4993586	0.125
NC_060948.1	4997036	0.125
NC_060948.1	4997356	0.125
NC_060948.1	4997357	0.125
NC_060948.1	4999678	0.125
NC_060948.1	5000069	0.125
NC_060948.1	5001343	0.125
NC_060948.1	5002400	0.125
NC_060948.1	5002474	0.125
NC_060948.1	5005971	0.125
NC_060948.1	5009840	0.125
NC_060948.1	5010670	0.125
NC_060948.1	5013642	0.125
NC_060948.1	5017725	0.125
NC_060948.1	5018432	0.125
NC_060948.1	5018447	0.125
NC_060948.1	5019438	0.125
NC_060948.1	5021539	0.125
NC_060948.1	5022905	0.125
NC_060948.1	5023186	0.125
NC_060948.1	5024707	0.125
NC_060948.1	5026382	0.125
NC_060948.1	5027612	0.125
NC_060948.1	5028505	0.125
NC_060948.1	5028709	0.125
NC_060948.1	5031947	0.125
NC_060948.1	5032916	0.125
NC_060948.1	5033321	0.125
NC_060948.1	5034574	0.125
NC_060948.1	5036368	0.125
NC_060948.1	5036685	0.125
NC_060948.1	5039108	0.125
NC_060948.1	5048310	0.125
NC_060948.1	5052623	0.25
NC_060948.1	5052675	0.2857
NC_060948.1	5052678	0.1667
NC_060948.1	5052680	0.1667
NC_060948.1	5052682	0.1429
NC_060948.1	5052684	0.1429
NC_060948.1	5052686	0.1429
NC_060948.1	5052688	0.1429
NC_060948.1	5054005	0.125
NC_060948.1	5054013	0.125
NC_060948.1	5054019	0.125
NC_060948.1	5055242	0.125
NC_060948.1	5061447	0.125
NC_060948.1	5062497	0.125
NC_060948.1	5063753	0.125
NC_060948.1	5064662	0.125
NC_060948.1	5064666	0.125
NC_060948.1	5064667	0.5
NC_060948.1	5064668	0.5
NC_060948.1	5064670	0.5
NC_060948.1	5064671	0.25
NC_060948.1	5065420	0.125
NC_060948.1	5065650	0.125
NC_060948.1	5065700	0.125
NC_060948.1	5066235	0.125
NC_060948.1	5066878	0.125
NC_060948.1	5067428	0.125
NC_060948.1	5069825	0.125
NC_060948.1	5072390	0.125
NC_060948.1	5074370	0.125
NC_060948.1	5077884	0.125
NC_060948.1	5082249	0.125
NC_060948.1	5082369	0.125
NC_060948.1	5085313	0.125
NC_060948.1	5086297	0.125
NC_060948.1	5087293	0.125
NC_060948.1	5087454	0.125
NC_060948.1	5087672	0.125
NC_060948.1	5090518	0.125
NC_060948.1	5092076	0.125
NC_060948.1	5094904	0.125
NC_060948.1	5095006	0.125
NC_060948.1	5095826	0.125
NC_060948.1	5097333	0.125
NC_060948.1	5097601	0.125
NC_060948.1	5098519	0.125
NC_060948.1	5100627	0.125
NC_060948.1	5105460	0.125
NC_060948.1	5105709	0.125
NC_060948.1	5106249	0.125
NC_060948.1	5106995	0.125
NC_060948.1	5108807	0.125
NC_060948.1	5109881	0.125
NC_060948.1	5114971	0.125
NC_060948.1	5116539	0.125
NC_060948.1	5120338	0.125
NC_060948.1	5120340	0.375
NC_060948.1	5120342	0.25
NC_060948.1	5120344	0.125
NC_060948.1	5122462	0.125
NC_060948.1	5124088	0.125
NC_060948.1	5126709	0.125
NC_060948.1	5132327	0.125
NC_060948.1	5132456	0.125
NC_060948.1	5133688	0.125
NC_060948.1	5135755	0.125
NC_060948.1	5141509	0.125
NC_060948.1	5141542	0.125
NC_060948.1	5146640	0.125
NC_060948.1	5148534	0.125
NC_060948.1	5155416	0.125
NC_060948.1	5157011	0.125
NC_060948.1	5157514	0.125
NC_060948.1	5158991	0.125
NC_060948.1	5159576	0.125
NC_060948.1	5160597	0.125
NC_060948.1	5160676	0.125
NC_060948.1	5162141	0.125
NC_060948.1	5163244	0.125
NC_060948.1	5165496	0.125
NC_060948.1	5166317	0.25
NC_060948.1	5166437	0.125
NC_060948.1	5166830	0.125
NC_060948.1	5168939	0.125
NC_060948.1	5169297	0.125
NC_060948.1	5170614	0.125
NC_060948.1	5180116	0.125
NC_060948.1	5194526	0.125
NC_060948.1	5196588	0.125
NC_060948.1	5198849	0.125
NC_060948.1	5200498	0.125
NC_060948.1	5203687	0.125
NC_060948.1	5203812	0.125
NC_060948.1	5204779	0.125
NC_060948.1	5204801	0.125
NC_060948.1	5205034	0.125
NC_060948.1	5205058	0.125
NC_060948.1	5205080	0.125
NC_060948.1	5205117	0.125
NC_060948.1	5205236	0.125
NC_060948.1	5205280	0.4286
NC_060948.1	5208144	0.125
NC_060948.1	5210355	0.125
NC_060948.1	5211482	0.125
NC_060948.1	5214706	0.125
NC_060948.1	5216905	0.125
NC_060948.1	5224000	0.125
NC_060948.1	5224200	0.125
NC_060948.1	5224555	0.125
NC_060948.1	5237140	0.125
NC_060948.1	5237316	0.125
NC_060948.1	5240973	0.125
NC_060948.1	5242675	0.125
NC_060948.1	5244488	0.125
NC_060948.1	5245570	0.125
NC_060948.1	5245952	0.25
NC_060948.1	5245970	0.125
NC_060948.1	5248820	0.125
NC_060948.1	5249438	0.125
NC_060948.1	5249439	0.125
NC_060948.1	5250641	0.125
NC_060948.1	5253877	0.125
NC_060948.1	5254212	0.125
NC_060948.1	5255491	0.125
NC_060948.1	5260725	0.125
NC_060948.1	5261012	0.125
NC_060948.1	5261304	0.125
NC_060948.1	5262677	0.125
NC_060948.1	5264369	0.125
NC_060948.1	5265090	0.125
NC_060948.1	5266301	0.125
NC_060948.1	5266428	0.125
NC_060948.1	5272764	0.125
NC_060948.1	5274933	0.125
NC_060948.1	5277115	0.125
NC_060948.1	5281247	0.125
NC_060948.1	5281600	0.125
NC_060948.1	5286494	0.125
NC_060948.1	5287253	0.125
NC_060948.1	5287687	0.125
NC_060948.1	5288692	0.25
NC_060948.1	5290489	0.125
NC_060948.1	5293177	0.125
NC_060948.1	5293255	0.125
NC_060948.1	5294809	0.125
NC_060948.1	5295982	0.125
NC_060948.1	5296935	0.125
NC_060948.1	5298671	0.125
NC_060948.1	5301090	0.125
NC_060948.1	5303307	0.125
NC_060948.1	5306078	0.125
NC_060948.1	5307421	0.25
NC_060948.1	5307843	0.125
NC_060948.1	5310181	0.125
NC_060948.1	5311427	0.125
NC_060948.1	5312584	0.125
NC_060948.1	5312598	0.125
NC_060948.1	5314048	0.125
NC_060948.1	5314187	0.125
NC_060948.1	5318867	0.125
NC_060948.1	5319991	0.125
NC_060948.1	5323642	0.125
NC_060948.1	5325444	0.125
NC_060948.1	5327323	0.125
NC_060948.1	5327331	0.125
NC_060948.1	5328754	0.125
NC_060948.1	5330079	0.25
NC_060948.1	5330618	0.125
NC_060948.1	5330767	0.125
NC_060948.1	5333731	0.125
NC_060948.1	5334325	0.125
NC_060948.1	5337194	0.125
NC_060948.1	5337491	0.125
NC_060948.1	5339675	0.125
NC_060948.1	5340165	0.125
NC_060948.1	5342226	0.125
NC_060948.1	5344217	0.125
NC_060948.1	5346959	0.125
NC_060948.1	5349099	0.125
NC_060948.1	5351669	0.125
NC_060948.1	5352498	0.125
NC_060948.1	5355025	0.125
NC_060948.1	5357048	0.125
NC_060948.1	5358848	0.125
NC_060948.1	5361970	0.125
NC_060948.1	5362275	0.1667
NC_060948.1	5362276	0.1667
NC_060948.1	5362928	0.125
NC_060948.1	5367419	0.125
NC_060948.1	5370697	0.125
NC_060948.1	5371641	0.125
NC_060948.1	5377497	0.125
NC_060948.1	5378829	0.125
NC_060948.1	5378831	0.125
NC_060948.1	5379370	0.125
NC_060948.1	5382608	0.125
NC_060948.1	5384292	0.125
NC_060948.1	5387958	0.125
NC_060948.1	5390885	0.125
NC_060948.1	5390902	0.125
NC_060948.1	5391519	0.125
NC_060948.1	5393549	0.125
NC_060948.1	5393627	0.125
NC_060948.1	5396255	0.125
NC_060948.1	5396728	0.125
NC_060948.1	5397243	0.125
NC_060948.1	5397865	0.125
NC_060948.1	5399559	0.125
NC_060948.1	5399636	0.125
NC_060948.1	5400284	0.125
NC_060948.1	5401766	0.125
NC_060948.1	5402326	0.125
NC_060948.1	5403021	0.125
NC_060948.1	5405013	0.125
NC_060948.1	5406734	0.125
NC_060948.1	5408996	0.125
NC_060948.1	5409264	0.125
NC_060948.1	5410254	0.125
NC_060948.1	5412168	0.125
NC_060948.1	5413469	0.125
NC_060948.1	5414089	0.125
NC_060948.1	5414485	0.125
NC_060948.1	5420417	0.125
NC_060948.1	5421388	0.125
NC_060948.1	5427401	0.125
NC_060948.1	5432554	0.125
NC_060948.1	5432841	0.125
NC_060948.1	5433326	0.125
NC_060948.1	5436671	0.125
NC_060948.1	5436824	0.125
NC_060948.1	5437142	0.125
NC_060948.1	5438334	0.125
NC_060948.1	5439044	0.125
NC_060948.1	5439047	0.125
NC_060948.1	5440568	0.125
NC_060948.1	5445302	0.125
NC_060948.1	5445498	0.125
NC_060948.1	5448759	0.125
NC_060948.1	5449172	0.125
NC_060948.1	5455795	0.125
NC_060948.1	5457620	0.125
NC_060948.1	5457621	0.125
NC_060948.1	5457838	0.125
NC_060948.1	5458163	0.125
NC_060948.1	5459725	0.125
NC_060948.1	5465826	0.125
NC_060948.1	5465952	0.125
NC_060948.1	5471320	0.125
NC_060948.1	5471730	0.125
NC_060948.1	5471929	0.125
NC_060948.1	5474695	0.125
NC_060948.1	5475997	0.125
NC_060948.1	5477007	0.125
NC_060948.1	5479102	0.125
NC_060948.1	5479248	0.125
NC_060948.1	5480453	0.125
NC_060948.1	5480799	0.125
NC_060948.1	5483540	0.125
NC_060948.1	5489438	0.125
NC_060948.1	5489892	0.125
NC_060948.1	5492050	0.125
NC_060948.1	5492668	0.125
NC_060948.1	5493323	0.125
NC_060948.1	5493660	0.125
NC_060948.1	5494392	0.125
NC_060948.1	5496425	0.125
NC_060948.1	5496746	0.125
NC_060948.1	5497850	0.125
NC_060948.1	5498752	0.125
NC_060948.1	5505217	0.125
NC_060948.1	5509743	0.125
NC_060948.1	5510075	0.125
NC_060948.1	5511457	0.125
NC_060948.1	5511706	0.125
NC_060948.1	5511763	0.125
NC_060948.1	5514609	0.125
NC_060948.1	5514613	0.125
NC_060948.1	5514617	0.125
NC_060948.1	5515427	0.125
NC_060948.1	5516376	0.125
NC_060948.1	5517718	0.125
NC_060948.1	5518190	0.125
NC_060948.1	5521726	0.125
NC_060948.1	5522476	0.125
NC_060948.1	5523276	0.125
NC_060948.1	5525203	0.125
NC_060948.1	5525299	0.125
NC_060948.1	5528194	0.125
NC_060948.1	5528354	0.125
NC_060948.1	5535882	0.125
NC_060948.1	5539149	0.125
NC_060948.1	5540912	0.125
NC_060948.1	5542706	0.125
NC_060948.1	5542851	0.125
NC_060948.1	5545382	0.125
NC_060948.1	5546403	0.125
NC_060948.1	5548389	0.125
NC_060948.1	5548623	0.125
NC_060948.1	5550889	0.125
NC_060948.1	5551740	0.125
NC_060948.1	5554484	0.125
NC_060948.1	5554625	0.125
NC_060948.1	5558018	0.125
NC_060948.1	5559510	0.125
NC_060948.1	5560137	0.125
NC_060948.1	5560792	0.125
NC_060948.1	5563686	0.125
NC_060948.1	5564345	0.125
NC_060948.1	5565244	0.125
NC_060948.1	5565288	0.125
NC_060948.1	5568415	0.125
NC_060948.1	5569113	0.125
NC_060948.1	5569521	0.125
NC_060948.1	5571508	0.125
NC_060948.1	5573959	0.125
NC_060948.1	5576410	0.125
NC_060948.1	5578956	0.125
NC_060948.1	5582397	0.125
NC_060948.1	5582819	0.125
NC_060948.1	5583226	0.125
NC_060948.1	5590481	0.125
NC_060948.1	5590499	0.125
NC_060948.1	5592053	0.125
NC_060948.1	5593144	0.125
NC_060948.1	5596581	0.25
NC_060948.1	5598826	0.125
NC_060948.1	5599253	0.125
NC_060948.1	5601355	0.125
NC_060948.1	5603421	0.125
NC_060948.1	5603534	0.125
NC_060948.1	5608885	0.125
NC_060948.1	5609097	0.125
NC_060948.1	5612858	0.125
NC_060948.1	5613658	0.125
NC_060948.1	5613822	0.125
NC_060948.1	5615753	0.125
NC_060948.1	5623657	0.125
NC_060948.1	5624844	0.125
NC_060948.1	5625469	0.125
NC_060948.1	5626622	0.125
NC_060948.1	5627426	0.125
NC_060948.1	5627500	0.125
NC_060948.1	5630283	0.125
NC_060948.1	5630961	0.125
NC_060948.1	5631275	0.125
NC_060948.1	5633920	0.125
NC_060948.1	5634797	0.125
NC_060948.1	5634950	0.125
NC_060948.1	5635883	0.125
NC_060948.1	5635884	0.125
NC_060948.1	5636143	0.125
NC_060948.1	5637360	0.125
NC_060948.1	5638548	0.125
NC_060948.1	5639890	0.125
NC_060948.1	5641724	0.125
NC_060948.1	5644423	0.125
NC_060948.1	5645850	0.125
NC_060948.1	5646514	0.125
NC_060948.1	5647710	0.125
NC_060948.1	5651292	0.125
NC_060948.1	5653861	0.125
NC_060948.1	5654308	0.125
NC_060948.1	5654346	0.125
NC_060948.1	5657336	0.125
NC_060948.1	5658279	0.125
NC_060948.1	5659365	0.125
NC_060948.1	5660542	0.125
NC_060948.1	5666395	0.125
NC_060948.1	5669129	0.1667
NC_060948.1	5669218	0.125
NC_060948.1	5669533	0.125
NC_060948.1	5673427	0.125
NC_060948.1	5674411	0.125
NC_060948.1	5679901	0.125
NC_060948.1	5680068	0.125
NC_060948.1	5681620	0.125
NC_060948.1	5682369	0.125
NC_060948.1	5684226	0.125
NC_060948.1	5684227	0.125
NC_060948.1	5684229	0.125
NC_060948.1	5684232	0.125
NC_060948.1	5684805	0.125
NC_060948.1	5686375	0.125
NC_060948.1	5696058	0.125
NC_060948.1	5696848	0.125
NC_060948.1	5698016	0.375
NC_060948.1	5698020	0.125
NC_060948.1	5702022	0.125
NC_060948.1	5705716	0.125
NC_060948.1	5705931	0.125
NC_060948.1	5708337	0.125
NC_060948.1	5711733	0.125
NC_060948.1	5712164	0.125
NC_060948.1	5712832	0.125
NC_060948.1	5712866	0.125
NC_060948.1	5713940	0.125
NC_060948.1	5715175	0.125
NC_060948.1	5715308	0.125
NC_060948.1	5716660	0.125
NC_060948.1	5716687	0.125
NC_060948.1	5720651	0.125
NC_060948.1	5729954	0.125
NC_060948.1	5732682	0.125
NC_060948.1	5735038	0.125
NC_060948.1	5740812	0.125
NC_060948.1	5741408	0.125
NC_060948.1	5742825	0.125
NC_060948.1	5745363	0.125
NC_060948.1	5746025	0.125
NC_060948.1	5746698	0.125
NC_060948.1	5748194	0.125
NC_060948.1	5748768	0.125
NC_060948.1	5749187	0.25
NC_060948.1	5749189	0.25
NC_060948.1	5749191	0.25
NC_060948.1	5749193	0.375
NC_060948.1	5749195	0.25
NC_060948.1	5749197	0.25
NC_060948.1	5749199	0.25
NC_060948.1	5749201	0.25
NC_060948.1	5749203	0.25
NC_060948.1	5749205	0.125
NC_060948.1	5749608	0.1429
NC_060948.1	5752578	0.125
NC_060948.1	5752648	0.125
NC_060948.1	5753653	0.125
NC_060948.1	5754257	0.125
NC_060948.1	5754593	0.125
NC_060948.1	5758557	0.125
NC_060948.1	5758729	0.125
NC_060948.1	5758748	0.125
NC_060948.1	5760743	0.125
NC_060948.1	5762577	0.125
NC_060948.1	5762760	0.125
NC_060948.1	5765590	0.125
NC_060948.1	5769036	0.125
NC_060948.1	5771345	0.125
NC_060948.1	5773285	0.125
NC_060948.1	5773746	0.125
NC_060948.1	5773748	0.125
NC_060948.1	5774095	0.125
NC_060948.1	5775925	0.125
NC_060948.1	5777143	0.125
NC_060948.1	5778812	0.125
NC_060948.1	5779413	0.125
NC_060948.1	5780758	0.125
NC_060948.1	5780814	0.125
NC_060948.1	5782092	0.125
NC_060948.1	5782185	0.125
NC_060948.1	5782292	0.125
NC_060948.1	5783460	0.125
NC_060948.1	5786052	0.125
NC_060948.1	5786095	0.125
NC_060948.1	5787489	0.125
NC_060948.1	5788560	0.125
NC_060948.1	5788646	0.375
NC_060948.1	5788648	0.125
NC_060948.1	5788944	0.125
NC_060948.1	5789013	0.125
NC_060948.1	5789635	0.125
NC_060948.1	5791561	0.125
NC_060948.1	5800039	0.125
NC_060948.1	5800936	0.125
NC_060948.1	5801298	0.125
NC_060948.1	5802798	0.125
NC_060948.1	5803693	0.125
NC_060948.1	5803848	0.125
NC_060948.1	5804215	0.125
NC_060948.1	5805458	0.125
NC_060948.1	5807202	0.125
NC_060948.1	5809494	0.125
NC_060948.1	5810521	0.125
NC_060948.1	5812407	0.125
NC_060948.1	5813494	0.125
NC_060948.1	5813709	0.125
NC_060948.1	5814006	0.125
NC_060948.1	5814052	0.125
NC_060948.1	5815128	0.125
NC_060948.1	5817875	0.125
NC_060948.1	5818072	0.125
NC_060948.1	5819482	0.125
NC_060948.1	5819601	0.125
NC_060948.1	5821632	0.125
NC_060948.1	5823839	0.125
NC_060948.1	5824186	0.125
NC_060948.1	5824985	0.125
NC_060948.1	5826252	0.125
NC_060948.1	5828708	0.125
NC_060948.1	5828711	0.125
NC_060948.1	5829986	0.125
NC_060948.1	5831422	0.125
NC_060948.1	5832631	0.125
NC_060948.1	5832639	0.125
NC_060948.1	5832642	0.125
NC_060948.1	5832836	0.125
NC_060948.1	5834167	0.125
NC_060948.1	5834473	0.125
NC_060948.1	5835566	0.125
NC_060948.1	5836876	0.125
NC_060948.1	5841840	0.125
NC_060948.1	5843408	0.125
NC_060948.1	5844636	0.125
NC_060948.1	5844901	0.125
NC_060948.1	5845757	0.125
NC_060948.1	5847176	0.125
NC_060948.1	5849204	0.125
NC_060948.1	5849259	0.125
NC_060948.1	5849464	0.125
NC_060948.1	5849821	0.125
NC_060948.1	5850703	0.125
NC_060948.1	5851125	0.125
NC_060948.1	5858133	0.125
NC_060948.1	5858158	0.125
NC_060948.1	5860551	0.125
NC_060948.1	5863187	0.125
NC_060948.1	5864172	0.125
NC_060948.1	5865107	0.125
NC_060948.1	5865248	0.125
NC_060948.1	5866448	0.125
NC_060948.1	5871007	0.125
NC_060948.1	5872153	0.125
NC_060948.1	5875276	0.125
NC_060948.1	5876106	0.125
NC_060948.1	6201400	0.125
NC_060948.1	6202679	0.125
NC_060948.1	6203205	0.125
NC_060948.1	6204467	0.125
NC_060948.1	6204765	0.125
NC_060948.1	6207915	0.125
NC_060948.1	6208297	0.125
NC_060948.1	6211305	0.125
NC_060948.1	6213435	0.125
NC_060948.1	6216273	0.125
NC_060948.1	6216657	0.125
NC_060948.1	6219087	0.125
NC_060948.1	6219973	0.125
NC_060948.1	6221059	0.125
NC_060948.1	6222307	0.125
NC_060948.1	6224761	0.125
NC_060948.1	6227608	0.125
NC_060948.1	6228364	0.125
NC_060948.1	6229401	0.125
NC_060948.1	6230436	0.125
NC_060948.1	6231145	0.125
NC_060948.1	6232994	0.125
NC_060948.1	6233136	0.125
NC_060948.1	6235780	0.125
NC_060948.1	6238109	0.125
NC_060948.1	6239256	0.125
NC_060948.1	6244466	0.125
NC_060948.1	6249489	0.125
NC_060948.1	6250111	0.125
NC_060948.1	6250621	0.125
NC_060948.1	6250622	0.125
NC_060948.1	6250623	0.125
NC_060948.1	6250630	0.125
NC_060948.1	6251623	0.125
NC_060948.1	6252026	0.125
NC_060948.1	6252220	0.125
NC_060948.1	6252323	0.125
NC_060948.1	6254747	0.125
NC_060948.1	6259246	0.125
NC_060948.1	6264687	0.125
NC_060948.1	6266280	0.125
NC_060948.1	6269818	0.125
NC_060948.1	6270663	0.125
NC_060948.1	6270712	0.125
NC_060948.1	6273181	0.125
NC_060948.1	6274089	0.125
NC_060948.1	6274376	0.125
NC_060948.1	6277211	0.125
NC_060948.1	6279146	0.125
NC_060948.1	6279253	0.125
NC_060948.1	6279952	0.125
NC_060948.1	6280291	0.125
NC_060948.1	6280894	0.125
NC_060948.1	6282190	0.125
NC_060948.1	6282865	0.125
NC_060948.1	6286139	0.125
NC_060948.1	6287371	0.125
NC_060948.1	6288893	0.125
NC_060948.1	6293736	0.125
NC_060948.1	6293876	0.125
NC_060948.1	6294019	0.125
NC_060948.1	6294458	0.125
NC_060948.1	6294760	0.125
NC_060948.1	6294933	0.125
NC_060948.1	6295116	0.125
NC_060948.1	6296423	0.125
NC_060948.1	6296811	0.125
NC_060948.1	6298139	0.125
NC_060948.1	6299025	0.125
NC_060948.1	6299891	0.125
NC_060948.1	6300393	0.125
NC_060948.1	6301160	0.125
NC_060948.1	6305119	0.125
NC_060948.1	6305578	0.125
NC_060948.1	6305806	0.125
NC_060948.1	6308595	0.125
NC_060948.1	6308607	0.125
NC_060948.1	6311930	0.125
NC_060948.1	6312719	0.125
NC_060948.1	6315714	0.125
NC_060948.1	6317670	0.125
NC_060948.1	6317792	0.125
NC_060948.1	6321219	0.125
NC_060948.1	6323256	0.125
NC_060948.1	6323433	0.125
NC_060948.1	6323579	0.125
NC_060948.1	6332966	0.125
NC_060948.1	6333194	0.125
NC_060948.1	6336844	0.125
NC_060948.1	6337493	0.125
NC_060948.1	6340691	0.125
NC_060948.1	6352362	0.125
NC_060948.1	6354142	0.125
NC_060948.1	6356343	0.125
NC_060948.1	6357127	0.125
NC_060948.1	6357553	0.375
NC_060948.1	6358854	0.125
NC_060948.1	6359242	0.125
NC_060948.1	6360729	0.125
NC_060948.1	6361143	0.125
NC_060948.1	6361209	0.125
NC_060948.1	6365618	0.125
NC_060948.1	6367053	0.125
NC_060948.1	6370026	0.125
NC_060948.1	6370259	0.125
NC_060948.1	6371436	0.125
NC_060948.1	6372873	0.125
NC_060948.1	6374775	0.125
NC_060948.1	6375047	0.125
NC_060948.1	6375400	0.125
NC_060948.1	6375541	0.125
NC_060948.1	6377416	0.125
NC_060948.1	6379519	0.125
NC_060948.1	6379521	0.25
NC_060948.1	6383592	0.125
NC_060948.1	6383876	0.125
NC_060948.1	6384812	0.125
NC_060948.1	6385639	0.125
NC_060948.1	6387344	0.125
NC_060948.1	6387468	0.125
NC_060948.1	6387797	0.125
NC_060948.1	6389188	0.125
NC_060948.1	6390956	0.125
NC_060948.1	6391593	0.125
NC_060948.1	6392703	0.125
NC_060948.1	6393014	0.125
NC_060948.1	6396016	0.125
NC_060948.1	6396494	0.125
NC_060948.1	6397072	0.125
NC_060948.1	6398807	0.125
NC_060948.1	6400167	0.125
NC_060948.1	6400533	0.125
NC_060948.1	6403616	0.0833
NC_060948.1	6404953	0.0833
NC_060948.1	6406470	0.0833
NC_060948.1	6409131	0.0833
NC_060948.1	6414728	0.0833
NC_060948.1	6414934	0.0833
NC_060948.1	6415008	0.0833
NC_060948.1	6415140	0.0833
NC_060948.1	6415207	0.0833
NC_060948.1	6415295	0.0833
NC_060948.1	6416019	0.1667
NC_060948.1	6416087	0.0833
NC_060948.1	6416400	0.0833
NC_060948.1	6418581	0.0833
NC_060948.1	6421175	0.0833
NC_060948.1	6421907	0.0833
NC_060948.1	6422443	0.0833
NC_060948.1	6422462	0.0833
NC_060948.1	6422717	0.1667
NC_060948.1	6422830	0.0833
NC_060948.1	6422849	0.1667
NC_060948.1	6423432	0.0833
NC_060948.1	6424209	0.0833
NC_060948.1	6424285	0.0833
NC_060948.1	6427970	0.0833
NC_060948.1	6428468	0.0833
NC_060948.1	6430699	0.0833
NC_060948.1	6430824	0.0833
NC_060948.1	6431154	0.0833
NC_060948.1	6432819	0.0833
NC_060948.1	6433890	0.0833
NC_060948.1	6435207	0.0833
NC_060948.1	6440582	0.0833
NC_060948.1	6444152	0.0833
NC_060948.1	6444419	0.0833
NC_060948.1	6446004	0.0833
NC_060948.1	6449591	0.0833
NC_060948.1	6454737	0.0833
NC_060948.1	6454740	0.1667
NC_060948.1	6463578	0.0909
NC_060948.1	6464359	0.0909
NC_060948.1	6464889	0.0909
NC_060948.1	6465550	0.0909
NC_060948.1	6469573	0.0909
NC_060948.1	6476268	0.0909
NC_060948.1	6476751	0.0909
NC_060948.1	6479019	0.0909
NC_060948.1	6480665	0.0833
NC_060948.1	6484581	0.0833
NC_060948.1	6485431	0.1667
NC_060948.1	6485521	0.0833
NC_060948.1	6485538	0.0833
NC_060948.1	6487840	0.0833
NC_060948.1	6490916	0.0833
NC_060948.1	6493270	0.0833
NC_060948.1	6500984	0.1667
NC_060948.1	6502109	0.0833
NC_060948.1	6503172	0.0833
NC_060948.1	6503330	0.1667
NC_060948.1	6503800	0.0833
NC_060948.1	6504196	0.0833
NC_060948.1	6506079	0.0833
NC_060948.1	6509294	0.0833
NC_060948.1	6509331	0.0833
NC_060948.1	6511476	0.1667
NC_060948.1	6513412	0.0833
NC_060948.1	6513415	0.0833
NC_060948.1	6516494	0.0833
NC_060948.1	6518732	0.0833
NC_060948.1	6524111	0.0833
NC_060948.1	6524142	0.0833
NC_060948.1	6524319	0.1667
NC_060948.1	6528825	0.0833
NC_060948.1	6528907	0.0833
NC_060948.1	6529797	0.0833
NC_060948.1	6535060	0.0833
NC_060948.1	6535538	0.0833
NC_060948.1	6535594	0.0833
NC_060948.1	6536062	0.0833
NC_060948.1	6536564	0.0833
NC_060948.1	6537543	0.1667
NC_060948.1	6537550	0.0833
NC_060948.1	6537572	0.1667
NC_060948.1	6537576	0.1667
NC_060948.1	6537580	0.0833
NC_060948.1	6537588	0.25
NC_060948.1	6537615	0.0833
NC_060948.1	6537618	0.0833
NC_060948.1	6537646	0.0833
NC_060948.1	6537744	0.0833
NC_060948.1	6537796	0.0833
NC_060948.1	6537804	0.1667
NC_060948.1	6539387	0.0833
NC_060948.1	6542907	0.0833
NC_060948.1	6546183	0.0833
NC_060948.1	6546833	0.0833
NC_060948.1	6548025	0.0833
NC_060948.1	6550077	0.0833
NC_060948.1	6550320	0.0833
NC_060948.1	6554298	0.0833
NC_060948.1	6556144	0.0833
NC_060948.1	6557812	0.1667
NC_060948.1	6557814	0.0833
NC_060948.1	6557825	0.0833
NC_060948.1	6558036	0.0833
NC_060948.1	6560778	0.0833
NC_060948.1	6562097	0.0833
NC_060948.1	6564194	0.0833
NC_060948.1	6565313	0.0833
NC_060948.1	6567141	0.0833
NC_060948.1	6569102	0.0833
NC_060948.1	6570102	0.0833
NC_060948.1	6570464	0.0833
NC_060948.1	6571400	0.0833
NC_060948.1	6572478	0.0833
NC_060948.1	6572736	0.0833
NC_060948.1	6573794	0.0833
NC_060948.1	6574665	0.0833
NC_060948.1	6575231	0.1667
NC_060948.1	6579594	0.0833
NC_060948.1	6586518	0.0833
NC_060948.1	6588766	0.0833
NC_060948.1	6591438	0.0833
NC_060948.1	6591524	0.0833
NC_060948.1	6601626	0.0833
NC_060948.1	6602437	0.1667
NC_060948.1	6603626	0.0833
NC_060948.1	6603658	0.0833
NC_060948.1	6605407	0.0909
NC_060948.1	6608504	0.0909
NC_060948.1	6610997	0.0909
NC_060948.1	6611241	0.1818
NC_060948.1	6611828	0.0909
NC_060948.1	6612470	0.1818
NC_060948.1	6614136	0.0909
NC_060948.1	6614138	0.0909
NC_060948.1	6615626	0.0909
NC_060948.1	6617328	0.0909
NC_060948.1	6619342	0.0909
NC_060948.1	6623675	0.0909
NC_060948.1	6627437	0.0909
NC_060948.1	6628905	0.0909
NC_060948.1	6630768	0.0909
NC_060948.1	6631664	0.0909
NC_060948.1	6632439	0.0909
NC_060948.1	6635455	0.1818
NC_060948.1	6640031	0.0909
NC_060948.1	6642989	0.0909
NC_060948.1	6643165	0.0909
NC_060948.1	6643978	0.0909
NC_060948.1	6645362	0.0909
NC_060948.1	6645519	0.0909
NC_060948.1	6645531	0.0909
NC_060948.1	6647520	0.0909
NC_060948.1	6648558	0.0909
NC_060948.1	6649781	0.0909
NC_060948.1	6652073	0.0909
NC_060948.1	6652408	0.1818
NC_060948.1	6652708	0.0909
NC_060948.1	6655952	0.0833
NC_060948.1	6657201	0.0833
NC_060948.1	6657266	0.0833
NC_060948.1	6657297	0.0833
NC_060948.1	6659337	0.0833
NC_060948.1	6662181	0.0833
NC_060948.1	6663655	0.0833
NC_060948.1	6663746	0.1667
NC_060948.1	6671452	0.0833
NC_060948.1	6673060	0.0833
NC_060948.1	6673529	0.0833
NC_060948.1	6675158	0.0833
NC_060948.1	6676885	0.0833
NC_060948.1	6678136	0.0833
NC_060948.1	6678580	0.0833
NC_060948.1	6678914	0.0833
NC_060948.1	6679108	0.0833
NC_060948.1	6681101	0.0833
NC_060948.1	6683379	0.0833
NC_060948.1	6684081	0.0833
NC_060948.1	6689490	0.1667
NC_060948.1	6692549	0.0833
NC_060948.1	6697262	0.0833
NC_060948.1	6697280	0.0833
NC_060948.1	6697649	0.0833
NC_060948.1	6700383	0.0833
NC_060948.1	6701364	0.0833
NC_060948.1	6704381	0.0833
NC_060948.1	6706180	0.0833
NC_060948.1	6709686	0.0833
NC_060948.1	6710880	0.1667
NC_060948.1	6711770	0.0833
NC_060948.1	6715175	0.0833
NC_060948.1	6715331	0.0833
NC_060948.1	6715881	0.0833
NC_060948.1	6716101	0.0833
NC_060948.1	6716147	0.0833
NC_060948.1	6716397	0.0833
NC_060948.1	6716462	0.0833
NC_060948.1	6716837	0.0833
NC_060948.1	6717115	0.1667
NC_060948.1	6717122	0.0833
NC_060948.1	6717299	0.0833
NC_060948.1	6720703	0.0833
NC_060948.1	6720761	0.0833
NC_060948.1	6725509	0.1667
NC_060948.1	6725600	0.0833
NC_060948.1	6729994	0.1667
NC_060948.1	6731058	0.0833
NC_060948.1	6735878	0.0833
NC_060948.1	6736057	0.0833
NC_060948.1	6736477	0.0833
NC_060948.1	6737497	0.0833
NC_060948.1	6737600	0.1667
NC_060948.1	6737892	0.0833
NC_060948.1	6742454	0.0833
NC_060948.1	6748820	0.0833
NC_060948.1	6748951	0.0833
NC_060948.1	6749009	0.0833
NC_060948.1	6749504	0.0833
NC_060948.1	6749902	0.1667
NC_060948.1	6751527	0.0833
NC_060948.1	6751631	0.0833
NC_060948.1	6753470	0.0833
NC_060948.1	6755093	0.0833
NC_060948.1	6756190	0.25
NC_060948.1	6756430	0.0833
NC_060948.1	6756535	0.0833
NC_060948.1	6758092	0.0833
NC_060948.1	6759584	0.0833
NC_060948.1	6768516	0.0833
NC_060948.1	6770123	0.0833
NC_060948.1	6771509	0.0833
NC_060948.1	6774121	0.1667
NC_060948.1	6775288	0.0833
NC_060948.1	6775313	0.0833
NC_060948.1	6777490	0.0833
NC_060948.1	6779811	0.0833
NC_060948.1	6780403	0.0833
NC_060948.1	6781301	0.0833
NC_060948.1	6782732	0.0833
NC_060948.1	6783246	0.0833
NC_060948.1	6785738	0.0833
NC_060948.1	6789651	0.1818
NC_060948.1	6790241	0.0909
NC_060948.1	6791244	0.0909
NC_060948.1	6791550	0.0909
NC_060948.1	6793240	0.0909
NC_060948.1	6796790	0.0909
NC_060948.1	6802640	0.0909
NC_060948.1	6805323	0.0909
NC_060948.1	6807603	0.0909
NC_060948.1	6809170	0.0909
NC_060948.1	6810613	0.0909
NC_060948.1	6812014	0.0909
NC_060948.1	6812196	0.0909
NC_060948.1	6814594	0.0909
NC_060948.1	6814629	0.0909
NC_060948.1	6815244	0.0909
NC_060948.1	6816427	0.0909
NC_060948.1	6816789	0.1818
NC_060948.1	6818957	0.0909
NC_060948.1	6821540	0.0909
NC_060948.1	6822183	0.0909
NC_060948.1	6822502	0.1818
NC_060948.1	6823650	0.0909
NC_060948.1	6824378	0.0909
NC_060948.1	6825929	0.0909
NC_060948.1	6827356	0.0909
NC_060948.1	6827486	0.0909
NC_060948.1	6829202	0.0909
NC_060948.1	6832871	0.0909
NC_060948.1	6833152	0.1818
NC_060948.1	6837084	0.0909
NC_060948.1	6837126	0.0909
NC_060948.1	6845185	0.1818
NC_060948.1	6845745	0.0909
NC_060948.1	6845791	0.0909
NC_060948.1	6846177	0.0909
NC_060948.1	6846749	0.1818
NC_060948.1	6849172	0.0909
NC_060948.1	6849525	0.0909
NC_060948.1	6851149	0.0909
NC_060948.1	6852201	0.0909
NC_060948.1	6853696	0.0909
NC_060948.1	6854377	0.0909
NC_060948.1	6854465	0.0909
NC_060948.1	6856223	0.0909
NC_060948.1	6856686	0.0909
NC_060948.1	6857709	0.0909
NC_060948.1	6858457	0.0909
NC_060948.1	6858606	0.0909
NC_060948.1	6858660	0.0909
NC_060948.1	6860728	0.0909
NC_060948.1	6861608	0.0909
NC_060948.1	6862866	0.0909
NC_060948.1	6863645	0.0909
NC_060948.1	6865858	0.1818
NC_060948.1	6866769	0.0909
NC_060948.1	6866985	0.0909
NC_060948.1	6867344	0.1818
NC_060948.1	6868549	0.1818
NC_060948.1	6868832	0.0909
NC_060948.1	6872280	0.0909
NC_060948.1	6874690	0.0909
NC_060948.1	6876124	0.0909
NC_060948.1	6882405	0.0909
NC_060948.1	6883282	0.0909
NC_060948.1	6884240	0.0909
NC_060948.1	6884376	0.0909
NC_060948.1	6884407	0.1818
NC_060948.1	6884659	0.0909
NC_060948.1	6884835	0.0909
NC_060948.1	6887002	0.0909
NC_060948.1	6887514	0.0909
NC_060948.1	6888853	0.0909
NC_060948.1	6890519	0.0909
NC_060948.1	6890953	0.0909
NC_060948.1	6891311	0.0909
NC_060948.1	6891313	0.2727
NC_060948.1	6891315	0.1818
NC_060948.1	6891317	0.1818
NC_060948.1	6891319	0.0909
NC_060948.1	6892658	0.0909
NC_060948.1	6896464	0.0909
NC_060948.1	6901435	0.0909
NC_060948.1	6902504	0.0909
NC_060948.1	6903030	0.0909
NC_060948.1	6903238	0.0909
NC_060948.1	6905400	0.0909
NC_060948.1	6905762	0.0909
NC_060948.1	6907377	0.1818
NC_060948.1	6907378	0.1818
NC_060948.1	6911074	0.1818
NC_060948.1	6911228	0.1818
NC_060948.1	6915672	0.0909
NC_060948.1	6916211	0.0909
NC_060948.1	6916816	0.0909
NC_060948.1	6916961	0.0909
NC_060948.1	6917002	0.1818
NC_060948.1	6918275	0.0909
NC_060948.1	6918846	0.0909
NC_060948.1	6918992	0.0909
NC_060948.1	6918994	0.0909
NC_060948.1	6920224	0.0909
NC_060948.1	6920571	0.0909
NC_060948.1	6921500	0.2
NC_060948.1	6921590	0.0909
NC_060948.1	6922782	0.0909
NC_060948.1	6923198	0.0909
NC_060948.1	6923359	0.0909
NC_060948.1	6923842	0.0909
NC_060948.1	6923994	0.0909
NC_060948.1	6924304	0.0909
NC_060948.1	6925774	0.0909
NC_060948.1	6925926	0.0909
NC_060948.1	6926390	0.0909
NC_060948.1	6927425	0.0909
NC_060948.1	6927587	0.0909
NC_060948.1	6935435	0.0909
NC_060948.1	6937661	0.0909
NC_060948.1	6939369	0.0909
NC_060948.1	6939598	0.0909
NC_060948.1	6942031	0.0909
NC_060948.1	6944236	0.0909
NC_060948.1	6944524	0.0909
NC_060948.1	6945123	0.0909
NC_060948.1	6945533	0.0909
NC_060948.1	6947520	0.0909
NC_060948.1	6948742	0.0909
NC_060948.1	6949128	0.0909
NC_060948.1	6950244	0.0909
NC_060948.1	6950814	0.0909
NC_060948.1	6950920	0.1
NC_060948.1	6950922	0.1818
NC_060948.1	6951556	0.0909
NC_060948.1	6951877	0.0909
NC_060948.1	6954181	0.0909
NC_060948.1	6955814	0.1818
NC_060948.1	6956116	0.1818
NC_060948.1	6957425	0.1818
NC_060948.1	6957925	0.0909
NC_060948.1	6958455	0.0909
NC_060948.1	6961471	0.0909
NC_060948.1	6962888	0.0909
NC_060948.1	6963755	0.0909
NC_060948.1	6964358	0.0909
NC_060948.1	6964647	0.0909
NC_060948.1	6965225	0.0909
NC_060948.1	6965258	0.0909
NC_060948.1	6965895	0.0909
NC_060948.1	6966959	0.0909
NC_060948.1	6967037	0.0909
NC_060948.1	6968422	0.0909
NC_060948.1	6968423	0.0909
NC_060948.1	6969295	0.0909
NC_060948.1	6970037	0.0909
NC_060948.1	6972703	0.0909
NC_060948.1	6974560	0.0909
NC_060948.1	6977656	0.0909
NC_060948.1	6979604	0.0909
NC_060948.1	6979606	0.0909
NC_060948.1	6979608	0.0909
NC_060948.1	6982834	0.0909
NC_060948.1	6986986	0.0909
NC_060948.1	6988250	0.1818
NC_060948.1	6989431	0.0909
NC_060948.1	6990302	0.0909
NC_060948.1	6994413	0.0909
NC_060948.1	6994566	0.0909
NC_060948.1	6994583	0.0909
NC_060948.1	6994584	0.0909
NC_060948.1	6994768	0.0909
NC_060948.1	6995012	0.1818
NC_060948.1	6995024	0.0909
NC_060948.1	6995702	0.1818
NC_060948.1	6995703	0.1818
NC_060948.1	6995710	0.0909
NC_060948.1	6997944	0.0909
NC_060948.1	6998225	0.1818
NC_060948.1	7000631	0.0909
NC_060948.1	7001983	0.0909
NC_060948.1	7002360	0.0909
NC_060948.1	7002409	0.0909
NC_060948.1	7003734	0.0909
NC_060948.1	7005008	0.1818
NC_060948.1	7006279	0.0909
NC_060948.1	7010099	0.2
NC_060948.1	7012084	0.0909
NC_060948.1	7012733	0.0909
NC_060948.1	7015111	0.0909
NC_060948.1	7016976	0.1818
NC_060948.1	7017343	0.0909
NC_060948.1	7017420	0.0909
NC_060948.1	7021513	0.0909
NC_060948.1	7023881	0.0909
NC_060948.1	7030679	0.0909
NC_060948.1	7031343	0.0909
NC_060948.1	7033603	0.0909
NC_060948.1	7034829	0.0909
NC_060948.1	7037280	0.1
NC_060948.1	7037882	0.0909
NC_060948.1	7040715	0.0909
NC_060948.1	7041933	0.0909
NC_060948.1	7043119	0.0909
NC_060948.1	7043966	0.0909
NC_060948.1	7047840	0.0909
NC_060948.1	7047953	0.0909
NC_060948.1	7049232	0.0909
NC_060948.1	7049269	0.0909
NC_060948.1	7052115	0.0909
NC_060948.1	7053658	0.0909
NC_060948.1	7053709	0.0909
NC_060948.1	7056839	0.0909
NC_060948.1	7059369	0.1818
NC_060948.1	7063235	0.1818
NC_060948.1	7064953	0.0909
NC_060948.1	7066028	0.0909
NC_060948.1	7067167	0.0909
NC_060948.1	7067331	0.0909
NC_060948.1	7067724	0.0909
NC_060948.1	7071340	0.0909
NC_060948.1	7073008	0.0909
NC_060948.1	7074736	0.0909
NC_060948.1	7075463	0.1818
NC_060948.1	7075816	0.0909
NC_060948.1	7075931	0.0909
NC_060948.1	7076136	0.0909
NC_060948.1	7077002	0.0909
NC_060948.1	7079195	0.1818
NC_060948.1	7079255	0.0909
NC_060948.1	7080625	0.0909
NC_060948.1	7081769	0.0909
NC_060948.1	7081798	0.0909
NC_060948.1	7082308	0.0909
NC_060948.1	7083203	0.0909
NC_060948.1	7083553	0.0909
NC_060948.1	7083679	0.0909
NC_060948.1	7086179	0.0909
NC_060948.1	7086979	0.1818
NC_060948.1	7087651	0.0909
NC_060948.1	7087660	0.0909
NC_060948.1	7090821	0.0909
NC_060948.1	7091776	0.1818
NC_060948.1	7091847	0.0909
NC_060948.1	7092125	0.0909
NC_060948.1	7094637	0.0909
NC_060948.1	7094845	0.0909
NC_060948.1	7098510	0.0909
NC_060948.1	7099873	0.0909
NC_060948.1	7100553	0.0909
NC_060948.1	7100739	0.0909
NC_060948.1	7100865	0.0909
NC_060948.1	7103477	0.0909
NC_060948.1	7103857	0.0909
NC_060948.1	7104751	0.0909
NC_060948.1	7104900	0.0909
NC_060948.1	7105289	0.1818
NC_060948.1	7106073	0.0909
NC_060948.1	7106282	0.0909
NC_060948.1	7109240	0.0909
NC_060948.1	7110532	0.1818
NC_060948.1	7113925	0.0909
NC_060948.1	7114261	0.0909
NC_060948.1	7116426	0.0909
NC_060948.1	7121087	0.0909
NC_060948.1	7122062	0.0909
NC_060948.1	7122793	0.0909
NC_060948.1	7124017	0.0909
NC_060948.1	7124276	0.0909
NC_060948.1	7124533	0.0909
NC_060948.1	7124604	0.0909
NC_060948.1	7128736	0.0909
NC_060948.1	7129674	0.0909
NC_060948.1	7133562	0.0909
NC_060948.1	7135843	0.0909
NC_060948.1	7138161	0.0909
NC_060948.1	7139049	0.0909
NC_060948.1	7139468	0.0909
NC_060948.1	7141608	0.0909
NC_060948.1	7142449	0.1818
NC_060948.1	7142605	0.0909
NC_060948.1	7143576	0.0909
NC_060948.1	7144035	0.2727
NC_060948.1	7144060	0.0909
NC_060948.1	7144080	0.0909
NC_060948.1	7144082	0.1
NC_060948.1	7144083	0.3636
NC_060948.1	7144085	0.0909
NC_060948.1	7149555	0.0909
NC_060948.1	7152242	0.0909
NC_060948.1	7152563	0.0909
NC_060948.1	7153675	0.0909
NC_060948.1	7157406	0.0909
NC_060948.1	7157556	0.0909
NC_060948.1	7157603	0.0909
NC_060948.1	7157864	0.0909
NC_060948.1	7158757	0.0909
NC_060948.1	7158993	0.0909
NC_060948.1	7159220	0.0909
NC_060948.1	7159308	0.0909
NC_060948.1	7159553	0.1818
NC_060948.1	7159787	0.0909
NC_060948.1	7161109	0.0909
NC_060948.1	7161322	0.0909
NC_060948.1	7162552	0.0909
NC_060948.1	7162776	0.0909
NC_060948.1	7163266	0.1818
NC_060948.1	7165508	0.0909
NC_060948.1	7166543	0.0909
NC_060948.1	7166810	0.0909
NC_060948.1	7170008	0.1818
NC_060948.1	7171119	0.0909
NC_060948.1	7173397	0.0909
NC_060948.1	7174711	0.0909
NC_060948.1	7175427	0.1818
NC_060948.1	7175428	0.1818
NC_060948.1	7175435	0.1818
NC_060948.1	7175452	0.0909
NC_060948.1	7175453	0.0909
NC_060948.1	7175460	0.0909
NC_060948.1	7175479	0.2727
NC_060948.1	7175482	0.2727
NC_060948.1	7175497	0.0909
NC_060948.1	7175503	0.1818
NC_060948.1	7175520	0.1818
NC_060948.1	7177882	0.1818
NC_060948.1	7179499	0.0909
NC_060948.1	7179621	0.0909
NC_060948.1	7180130	0.0909
NC_060948.1	7182352	0.0909
NC_060948.1	7182489	0.0909
NC_060948.1	7184376	0.0909
NC_060948.1	7186018	0.1818
NC_060948.1	7186160	0.0909
NC_060948.1	7189353	0.0909
NC_060948.1	7190903	0.0909
NC_060948.1	7198555	0.0909
NC_060948.1	7199540	0.0909
NC_060948.1	7200497	0.0909
NC_060948.1	7201137	0.0909
NC_060948.1	7201200	0.0909
NC_060948.1	7202126	0.1818
NC_060948.1	7204649	0.0909
NC_060948.1	7205797	0.0909
NC_060948.1	7206973	0.0909
NC_060948.1	7208050	0.1818
NC_060948.1	7208806	0.0909
NC_060948.1	7211743	0.0909
NC_060948.1	7212592	0.0909
NC_060948.1	7212634	0.2727
NC_060948.1	7212643	0.1818
NC_060948.1	7213512	0.0909
NC_060948.1	7220279	0.0909
NC_060948.1	7220856	0.0909
NC_060948.1	7223005	0.0909
NC_060948.1	7224431	0.0909
NC_060948.1	7225243	0.1818
NC_060948.1	7226064	0.0909
NC_060948.1	7226669	0.0909
NC_060948.1	7226688	0.0909
NC_060948.1	7296283	0.1818
NC_060948.1	7301719	0.0909
NC_060948.1	7301916	0.0909
NC_060948.1	7304851	0.1
NC_060948.1	7307894	0.0909
NC_060948.1	7311665	0.0909
NC_060948.1	7312115	0.1818
NC_060948.1	7314356	0.0909
NC_060948.1	7315761	0.0909
NC_060948.1	7316260	0.0909
NC_060948.1	7318147	0.0909
NC_060948.1	7318591	0.0909
NC_060948.1	7319019	0.0909
NC_060948.1	7319043	0.1818
NC_060948.1	7319055	0.1818
NC_060948.1	7319278	0.1818
NC_060948.1	7319282	0.3636
NC_060948.1	7319284	0.3636
NC_060948.1	7319466	0.0909
NC_060948.1	7321761	0.0909
NC_060948.1	7322591	0.0909
NC_060948.1	7323283	0.0909
NC_060948.1	7325089	0.0909
NC_060948.1	7325881	0.0909
NC_060948.1	7327274	0.0909
NC_060948.1	7333540	0.0909
NC_060948.1	7334085	0.0909
NC_060948.1	7334158	0.0909
NC_060948.1	7335435	0.0909
NC_060948.1	7336732	0.0909
NC_060948.1	7346173	0.0909
NC_060948.1	7348135	0.1818
NC_060948.1	7350628	0.1818
NC_060948.1	7355454	0.125
NC_060948.1	7360016	0.0909
NC_060948.1	7360037	0.0909
NC_060948.1	7360483	0.0909
NC_060948.1	7366887	0.1
NC_060948.1	7368452	0.1
NC_060948.1	7368877	0.1
NC_060948.1	7371549	0.1
NC_060948.1	7371997	0.1
NC_060948.1	7376093	0.2222
NC_060948.1	7376209	0.1111
NC_060948.1	7376497	0.1
NC_060948.1	7377259	0.1
NC_060948.1	7380413	0.1
NC_060948.1	7384041	0.1
NC_060948.1	7384184	0.1
NC_060948.1	7384271	0.1
NC_060948.1	7385141	0.1
NC_060948.1	7388137	0.1
NC_060948.1	7390596	0.1
NC_060948.1	7392983	0.1
NC_060948.1	7394585	0.1
NC_060948.1	7396419	0.1
NC_060948.1	7397160	0.1
NC_060948.1	7397376	0.1
NC_060948.1	7397568	0.1
NC_060948.1	7399528	0.1
NC_060948.1	7401788	0.1111
NC_060948.1	7401789	0.1111
NC_060948.1	7401790	0.1111
NC_060948.1	7402394	0.1
NC_060948.1	7403755	0.1
NC_060948.1	7406925	0.1
NC_060948.1	7407758	0.1
NC_060948.1	7407803	0.1
NC_060948.1	7409076	0.1
NC_060948.1	7409842	0.1
NC_060948.1	7410003	0.1
NC_060948.1	7411563	0.1
NC_060948.1	7414548	0.1
NC_060948.1	7416853	0.1
NC_060948.1	7417051	0.1
NC_060948.1	7417465	0.1
NC_060948.1	7417536	0.1
NC_060948.1	7418986	0.1
NC_060948.1	7426732	0.1
NC_060948.1	7428416	0.1
NC_060948.1	7431489	0.1
NC_060948.1	7432418	0.1
NC_060948.1	7432613	0.1
NC_060948.1	7433064	0.1
NC_060948.1	7433151	0.1
NC_060948.1	7433368	0.1
NC_060948.1	7433444	0.1
NC_060948.1	7434562	0.1
NC_060948.1	7435030	0.2
NC_060948.1	7435225	0.1
NC_060948.1	7435300	0.1
NC_060948.1	7435454	0.1
NC_060948.1	7435480	0.1
NC_060948.1	7439499	0.1
NC_060948.1	7442296	0.1
NC_060948.1	7444294	0.1
NC_060948.1	7446655	0.1
NC_060948.1	7449638	0.1
NC_060948.1	7459043	0.1
NC_060948.1	7459342	0.1
NC_060948.1	7459473	0.1
NC_060948.1	7459478	0.1
NC_060948.1	7461052	0.0909
NC_060948.1	7463349	0.0909
NC_060948.1	7466637	0.0909
NC_060948.1	7466836	0.0909
NC_060948.1	7467171	0.0909
NC_060948.1	7469603	0.0909
NC_060948.1	7469749	0.0909
NC_060948.1	7470086	0.0909
NC_060948.1	7473467	0.0909
NC_060948.1	7475473	0.0909
NC_060948.1	7477650	0.0909
NC_060948.1	7477807	0.1818
NC_060948.1	7478125	0.0909
NC_060948.1	7482209	0.0909
NC_060948.1	7490850	0.0909
NC_060948.1	7490916	0.1818
NC_060948.1	7491220	0.0909
NC_060948.1	7491484	0.1818
NC_060948.1	7493314	0.0909
NC_060948.1	7495078	0.0909
NC_060948.1	7495331	0.1818
NC_060948.1	7495427	0.1818
NC_060948.1	7496110	0.0909
NC_060948.1	7498967	0.0909
NC_060948.1	7499394	0.1818
NC_060948.1	7499636	0.0909
NC_060948.1	7502929	0.0909
NC_060948.1	7503501	0.0909
NC_060948.1	7505633	0.2727
NC_060948.1	7505637	0.0909
NC_060948.1	7505641	0.0909
NC_060948.1	7505685	0.3636
NC_060948.1	7505731	0.0909
NC_060948.1	7507388	0.0909
NC_060948.1	7508213	0.0909
NC_060948.1	7509033	0.0909
NC_060948.1	7509615	0.1818
NC_060948.1	7510256	0.0909
NC_060948.1	7510516	0.0909
NC_060948.1	7511853	0.1818
NC_060948.1	7511899	0.0909
NC_060948.1	7514790	0.0909
NC_060948.1	7517265	0.0909
NC_060948.1	7517563	0.1818
NC_060948.1	7518412	0.2
NC_060948.1	7518416	0.1
NC_060948.1	7518460	0.0909
NC_060948.1	7518769	0.0909
NC_060948.1	7519651	0.0909
NC_060948.1	7519819	0.1818
NC_060948.1	7521647	0.1818
NC_060948.1	7521959	0.0909
NC_060948.1	7523705	0.1818
NC_060948.1	7523991	0.0909
NC_060948.1	7524689	0.1818
NC_060948.1	7525487	0.0909
NC_060948.1	7526785	0.0909
NC_060948.1	7526804	0.0909
NC_060948.1	7527336	0.0909
NC_060948.1	7527457	0.0909
NC_060948.1	7528026	0.0909
NC_060948.1	7530828	0.0909
NC_060948.1	7531091	0.0909
NC_060948.1	7532388	0.1818
NC_060948.1	7534193	0.0909
NC_060948.1	7535722	0.0909
NC_060948.1	7536357	0.0909
NC_060948.1	7536846	0.0909
NC_060948.1	7537771	0.0909
NC_060948.1	7538682	0.0909
NC_060948.1	7538734	0.1818
NC_060948.1	7538938	0.0909
NC_060948.1	7539114	0.1818
NC_060948.1	7539757	0.0909
NC_060948.1	7543086	0.0909
NC_060948.1	7544639	0.0909
NC_060948.1	7544982	0.0909
NC_060948.1	7545138	0.0909
NC_060948.1	7545758	0.0909
NC_060948.1	7545759	0.0909
NC_060948.1	7546322	0.0909
NC_060948.1	7547105	0.1818
NC_060948.1	7547555	0.1818
NC_060948.1	7547840	0.0909
NC_060948.1	7547889	0.0909
NC_060948.1	7550076	0.0909
NC_060948.1	7550633	0.0909
NC_060948.1	7550892	0.0909
NC_060948.1	7551077	0.0909
NC_060948.1	7554657	0.0909
NC_060948.1	7555667	0.0909
NC_060948.1	7555673	0.0909
NC_060948.1	7555681	0.0909
NC_060948.1	7557850	0.0909
NC_060948.1	7558843	0.0909
NC_060948.1	7559076	0.0909
NC_060948.1	7561117	0.1818
NC_060948.1	7562454	0.0909
NC_060948.1	7562732	0.1818
NC_060948.1	7563056	0.0909
NC_060948.1	7566095	0.0909
NC_060948.1	7566636	0.0909
NC_060948.1	7567861	0.1818
NC_060948.1	7570338	0.0909
NC_060948.1	7571040	0.0909
NC_060948.1	7575258	0.0909
NC_060948.1	7580734	0.0909
NC_060948.1	7581604	0.1818
NC_060948.1	7583996	0.0909
NC_060948.1	7584103	0.0909
NC_060948.1	7584592	0.0909
NC_060948.1	7586212	0.1818
NC_060948.1	7586321	0.0909
NC_060948.1	7586848	0.0909
NC_060948.1	7588014	0.0909
NC_060948.1	7590873	0.0909
NC_060948.1	7593943	0.1818
NC_060948.1	7594843	0.0909
NC_060948.1	7596525	0.0909
NC_060948.1	7598015	0.0909
NC_060948.1	7599453	0.1818
NC_060948.1	7599532	0.1818
NC_060948.1	7601395	0.1818
NC_060948.1	7602379	0.0909
NC_060948.1	7603315	0.0909
NC_060948.1	7604980	0.0909
NC_060948.1	7605442	0.0909
NC_060948.1	7608056	0.0909
NC_060948.1	7608702	0.0909
NC_060948.1	7612748	0.0909
NC_060948.1	7613485	0.0909
NC_060948.1	7616608	0.0909
NC_060948.1	7617200	0.0909
NC_060948.1	7617728	0.1818
NC_060948.1	7618863	0.0909
NC_060948.1	7620175	0.0909
NC_060948.1	7620663	0.0909
NC_060948.1	7622670	0.0909
NC_060948.1	7623181	0.0909
NC_060948.1	7626350	0.0909
NC_060948.1	7627636	0.1818
NC_060948.1	7627772	0.0909
NC_060948.1	7631565	0.0909
NC_060948.1	7635983	0.0909
NC_060948.1	7635996	0.0909
NC_060948.1	7636943	0.0909
NC_060948.1	7637382	0.0909
NC_060948.1	7638378	0.0909
NC_060948.1	7642365	0.0909
NC_060948.1	7643553	0.0909
NC_060948.1	7648533	0.1818
NC_060948.1	7651142	0.0909
NC_060948.1	7657763	0.0909
NC_060948.1	7662298	0.0909
NC_060948.1	7662736	0.1818
NC_060948.1	7662920	0.1818
NC_060948.1	7664617	0.0909
NC_060948.1	7664667	0.0909
NC_060948.1	7664911	0.0909
NC_060948.1	7665074	0.0909
NC_060948.1	7665215	0.0909
NC_060948.1	7666342	0.0909
NC_060948.1	7670154	0.0909
NC_060948.1	7671945	0.0909
NC_060948.1	7673534	0.0909
NC_060948.1	7673704	0.0909
NC_060948.1	7675770	0.0909
NC_060948.1	7678291	0.0909
NC_060948.1	7678610	0.0909
NC_060948.1	7679143	0.0909
NC_060948.1	7679480	0.0909
NC_060948.1	7680266	0.0909
NC_060948.1	7683476	0.0909
NC_060948.1	7684121	0.1818
NC_060948.1	7685368	0.0909
NC_060948.1	7691016	0.1
NC_060948.1	7692056	0.1
NC_060948.1	7693698	0.1
NC_060948.1	7693788	0.1
NC_060948.1	7693965	0.1
NC_060948.1	7695889	0.1
NC_060948.1	7699286	0.1
NC_060948.1	7700709	0.1
NC_060948.1	7701314	0.1
NC_060948.1	7702071	0.2
NC_060948.1	7703447	0.1
NC_060948.1	7705915	0.1
NC_060948.1	7709481	0.1
NC_060948.1	7710089	0.2
NC_060948.1	7710916	0.1
NC_060948.1	7711553	0.1
NC_060948.1	7711779	0.2
NC_060948.1	7712560	0.1
NC_060948.1	7712969	0.1
NC_060948.1	7713193	0.1
NC_060948.1	7713904	0.1
NC_060948.1	7713961	0.1
NC_060948.1	7715214	0.1
NC_060948.1	7716026	0.1
NC_060948.1	7717773	0.1
NC_060948.1	7717935	0.1
NC_060948.1	7719529	0.1
NC_060948.1	7722737	0.1
NC_060948.1	7724280	0.1
NC_060948.1	7724772	0.1
NC_060948.1	7726145	0.0909
NC_060948.1	7727366	0.0909
NC_060948.1	7729232	0.1818
NC_060948.1	7732013	0.0909
NC_060948.1	7732451	0.0909
NC_060948.1	7735709	0.0909
NC_060948.1	7736661	0.0909
NC_060948.1	7741577	0.1111
NC_060948.1	7741588	0.1111
NC_060948.1	7744845	0.1111
NC_060948.1	7747979	0.1111
NC_060948.1	7749230	0.1111
NC_060948.1	7750991	0.1111
NC_060948.1	7752003	0.1111
NC_060948.1	7754330	0.1111
NC_060948.1	7756979	0.1111
NC_060948.1	7757417	0.2222
NC_060948.1	7757983	0.2222
NC_060948.1	7758500	0.1111
NC_060948.1	7758572	0.2222
NC_060948.1	7759465	0.1111
NC_060948.1	7764587	0.1111
NC_060948.1	7764635	0.1111
NC_060948.1	7765397	0.1111
NC_060948.1	7768833	0.1111
NC_060948.1	7769718	0.1111
NC_060948.1	7772890	0.1111
NC_060948.1	7779949	0.1111
NC_060948.1	7784544	0.2222
NC_060948.1	7784728	0.1111
NC_060948.1	7787029	0.125
NC_060948.1	7789314	0.125
NC_060948.1	7793893	0.125
NC_060948.1	7797012	0.125
NC_060948.1	7797066	0.125
NC_060948.1	7797175	0.125
NC_060948.1	7799249	0.125
NC_060948.1	7804186	0.125
NC_060948.1	7806314	0.125
NC_060948.1	7807482	0.125
NC_060948.1	7808726	0.125
NC_060948.1	7809304	0.125
NC_060948.1	7809728	0.125
NC_060948.1	7810597	0.125
NC_060948.1	7812939	0.125
NC_060948.1	7812995	0.125
NC_060948.1	7815823	0.125
NC_060948.1	7816860	0.125
NC_060948.1	7820607	0.125
NC_060948.1	7824779	0.125
NC_060948.1	7826541	0.125
NC_060948.1	7827271	0.125
NC_060948.1	7829182	0.125
NC_060948.1	7830005	0.125
NC_060948.1	7832913	0.125
NC_060948.1	7833727	0.125
NC_060948.1	7833937	0.125
NC_060948.1	7835671	0.125
NC_060948.1	7838960	0.125
NC_060948.1	7839089	0.125
NC_060948.1	7845039	0.125
NC_060948.1	7845137	0.125
NC_060948.1	7845799	0.125
NC_060948.1	7846637	0.125
NC_060948.1	7847186	0.125
NC_060948.1	7847424	0.125
NC_060948.1	7847858	0.125
NC_060948.1	7850975	0.1111
NC_060948.1	7852529	0.2222
NC_060948.1	7852825	0.1111
NC_060948.1	7854489	0.2222
NC_060948.1	7855006	0.1111
NC_060948.1	7855497	0.1111
NC_060948.1	7857093	0.125
NC_060948.1	7857338	0.125
NC_060948.1	7857549	0.125
NC_060948.1	7857963	0.125
NC_060948.1	7858496	0.125
NC_060948.1	7858966	0.125
NC_060948.1	7860628	0.1111
NC_060948.1	7861140	0.1111
NC_060948.1	7864146	0.1111
NC_060948.1	7864655	0.1111
NC_060948.1	7866029	0.1111
NC_060948.1	7868361	0.1111
NC_060948.1	7870336	0.1111
NC_060948.1	7871434	0.1111
NC_060948.1	7875024	0.1111
NC_060948.1	7880391	0.1111
NC_060948.1	7881283	0.1111
NC_060948.1	7882503	0.2222
NC_060948.1	7882551	0.3333
NC_060948.1	7884674	0.1111
NC_060948.1	7890026	0.1111
NC_060948.1	7891750	0.1111
NC_060948.1	7898444	0.1111
NC_060948.1	7899149	0.1111
NC_060948.1	7904929	0.1111
NC_060948.1	7908296	0.2222
NC_060948.1	7910366	0.1111
NC_060948.1	7911931	0.1111
NC_060948.1	7912396	0.1111
NC_060948.1	7912937	0.1111
NC_060948.1	7912973	0.1111
NC_060948.1	7912978	0.1111
NC_060948.1	7915353	0.1111
NC_060948.1	7918427	0.1111
NC_060948.1	7918636	0.1111
NC_060948.1	7919456	0.2222
NC_060948.1	7920214	0.1111
NC_060948.1	7920530	0.1111
NC_060948.1	7921240	0.1111
NC_060948.1	7922622	0.1111
NC_060948.1	7925420	0.1111
NC_060948.1	7926507	0.1111
NC_060948.1	7927103	0.1111
NC_060948.1	7927270	0.2222
NC_060948.1	7928852	0.2222
NC_060948.1	7930849	0.1111
NC_060948.1	7931053	0.1111
NC_060948.1	7931550	0.1111
NC_060948.1	7933465	0.1111
NC_060948.1	7933785	0.1111
NC_060948.1	7934050	0.1111
NC_060948.1	7934318	0.1111
NC_060948.1	7936452	0.1111
NC_060948.1	7937262	0.1111
NC_060948.1	7937352	0.2222
NC_060948.1	7941658	0.1111
NC_060948.1	7943389	0.1111
NC_060948.1	7943574	0.1111
NC_060948.1	7948759	0.1111
NC_060948.1	7949329	0.1111
NC_060948.1	7953683	0.1111
NC_060948.1	7954499	0.1111
NC_060948.1	7955671	0.1111
NC_060948.1	7957771	0.1111
NC_060948.1	7960842	0.2222
NC_060948.1	7961922	0.1111
NC_060948.1	7961992	0.1111
NC_060948.1	7963721	0.1111
NC_060948.1	7963790	0.1111
NC_060948.1	7964526	0.1111
NC_060948.1	7966619	0.1111
NC_060948.1	7967941	0.2222
NC_060948.1	7969173	0.1111
NC_060948.1	7971354	0.1111
NC_060948.1	7976478	0.1111
NC_060948.1	7981148	0.1111
NC_060948.1	7982207	0.1111
NC_060948.1	7986057	0.2222
NC_060948.1	7986945	0.2222
NC_060948.1	7990815	0.1111
NC_060948.1	7990889	0.2222
NC_060948.1	7990979	0.1111
NC_060948.1	7993242	0.1111
NC_060948.1	7993369	0.1111
NC_060948.1	7993774	0.2222
NC_060948.1	7994150	0.1111
NC_060948.1	8002724	0.1818
NC_060948.1	8003405	0.1818
NC_060948.1	8006061	0.0909
NC_060948.1	8010191	0.0909
NC_060948.1	8011407	0.0909
NC_060948.1	8011513	0.1818
NC_060948.1	8014083	0.2727
NC_060948.1	8014535	0.1818
NC_060948.1	8015497	0.1818
NC_060948.1	8015788	0.0909
NC_060948.1	8019192	0.0909
NC_060948.1	8019382	0.0909
NC_060948.1	8019590	0.1818
NC_060948.1	8021070	0.0909
NC_060948.1	8023635	0.0909
NC_060948.1	8024874	0.1818
NC_060948.1	8027374	0.1818
NC_060948.1	8028053	0.0909
NC_060948.1	8028363	0.0909
NC_060948.1	8031375	0.0909
NC_060948.1	8031391	0.1818
NC_060948.1	8031393	0.1818
NC_060948.1	8031415	0.0909
NC_060948.1	8032585	0.0909
NC_060948.1	8038109	0.1111
NC_060948.1	8042055	0.0909
NC_060948.1	8043629	0.1818
NC_060948.1	8045265	0.0909
NC_060948.1	8045545	0.0909
NC_060948.1	8046480	0.0909
NC_060948.1	8048782	0.0909
NC_060948.1	8049517	0.1818
NC_060948.1	8050835	0.0909
NC_060948.1	8051090	0.1818
NC_060948.1	8059476	0.0909
NC_060948.1	8063829	0.0909
NC_060948.1	8071605	0.0909
NC_060948.1	8071706	0.1818
NC_060948.1	8072253	0.1818
NC_060948.1	8074643	0.0909
NC_060948.1	8075573	0.0909
NC_060948.1	8078367	0.0909
NC_060948.1	8078835	0.0909
NC_060948.1	8079158	0.0909
NC_060948.1	8081091	0.0909
NC_060948.1	8083813	0.0909
NC_060948.1	8084180	0.0909
NC_060948.1	8084325	0.0909
NC_060948.1	8084433	0.0909
NC_060948.1	8087416	0.1
NC_060948.1	8087582	0.1
NC_060948.1	8087992	0.1
NC_060948.1	8089242	0.1
NC_060948.1	8089259	0.2
NC_060948.1	8090368	0.1
NC_060948.1	8090449	0.1
NC_060948.1	8091154	0.1
NC_060948.1	8093039	0.2
NC_060948.1	8095998	0.1
NC_060948.1	8096219	0.1
NC_060948.1	8096456	0.1
NC_060948.1	8100163	0.2
NC_060948.1	8104622	0.1
NC_060948.1	8104708	0.1
NC_060948.1	8107137	0.1
NC_060948.1	8110103	0.1
NC_060948.1	8111393	0.2
NC_060948.1	8111732	0.1
NC_060948.1	8111807	0.1
NC_060948.1	8113438	0.1
NC_060948.1	8114114	0.1
NC_060948.1	8114502	0.1
NC_060948.1	8116626	0.1
NC_060948.1	8116962	0.1
NC_060948.1	8117333	0.1
NC_060948.1	8118443	0.1
NC_060948.1	8118668	0.1
NC_060948.1	8119858	0.1
NC_060948.1	8120717	0.1
NC_060948.1	8121471	0.1
NC_060948.1	8121504	0.2
NC_060948.1	8121507	0.2
NC_060948.1	8121516	0.1
NC_060948.1	8121657	0.1
NC_060948.1	8122750	0.1
NC_060948.1	8125702	0.1
NC_060948.1	8132774	0.1111
NC_060948.1	8133689	0.1111
NC_060948.1	8137467	0.1111
NC_060948.1	8137571	0.1111
NC_060948.1	8142131	0.1111
NC_060948.1	8149156	0.2222
NC_060948.1	8152972	0.2222
NC_060948.1	8156113	0.1111
NC_060948.1	8158606	0.1111
NC_060948.1	8158840	0.2222
NC_060948.1	8162475	0.1111
NC_060948.1	8163283	0.1111
NC_060948.1	8164122	0.1111
NC_060948.1	8164719	0.1
NC_060948.1	8165583	0.1
NC_060948.1	8166096	0.1
NC_060948.1	8171037	0.1
NC_060948.1	8176462	0.2
NC_060948.1	8177062	0.1
NC_060948.1	8177193	0.2
NC_060948.1	8178171	0.1
NC_060948.1	8178696	0.1
NC_060948.1	8181345	0.1
NC_060948.1	8181605	0.25
NC_060948.1	8181695	0.1667
NC_060948.1	8183685	0.0833
NC_060948.1	8184179	0.0833
NC_060948.1	8184482	0.0833
NC_060948.1	8186852	0.0833
NC_060948.1	8186917	0.0833
NC_060948.1	8192454	0.0833
NC_060948.1	8194053	0.0833
NC_060948.1	8194599	0.0833
NC_060948.1	8199049	0.1667
NC_060948.1	8199471	0.0833
NC_060948.1	8200872	0.1667
NC_060948.1	8203915	0.0833
NC_060948.1	8204643	0.25
NC_060948.1	8206102	0.25
NC_060948.1	8206661	0.0833
NC_060948.1	8206767	0.0833
NC_060948.1	8206783	0.1667
NC_060948.1	8207648	0.0833
NC_060948.1	8208848	0.0833
NC_060948.1	8211945	0.1667
NC_060948.1	8212446	0.0833
NC_060948.1	8213851	0.0833
NC_060948.1	8217213	0.1667
NC_060948.1	8217226	0.0833
NC_060948.1	8217663	0.1667
NC_060948.1	8218405	0.25
NC_060948.1	8218507	0.0833
NC_060948.1	8220071	0.0833
NC_060948.1	8220403	0.0833
NC_060948.1	8221195	0.0833
NC_060948.1	8224202	0.0833
NC_060948.1	8227023	0.0833
NC_060948.1	8227410	0.1667
NC_060948.1	8227811	0.0833
NC_060948.1	8228285	0.0833
NC_060948.1	8229186	0.0833
NC_060948.1	8230202	0.0833
NC_060948.1	8230209	0.0833
NC_060948.1	8230610	0.0833
NC_060948.1	8231167	0.1667
NC_060948.1	8233565	0.0833
NC_060948.1	8233949	0.1667
NC_060948.1	8236778	0.2
NC_060948.1	8237378	0.1
NC_060948.1	8237516	0.1
NC_060948.1	8238254	0.1
NC_060948.1	8238923	0.1
NC_060948.1	8240248	0.1
NC_060948.1	8242762	0.2
NC_060948.1	8243136	0.1
NC_060948.1	8246272	0.1818
NC_060948.1	8246754	0.0909
NC_060948.1	8248766	0.0909
NC_060948.1	8249295	0.0909
NC_060948.1	8252365	0.2
NC_060948.1	8253878	0.1
NC_060948.1	8254194	0.1111
NC_060948.1	8254867	0.1111
NC_060948.1	8255261	0.1111
NC_060948.1	8257195	0.0909
NC_060948.1	8258137	0.0909
NC_060948.1	8258385	0.0909
NC_060948.1	8259816	0.0909
NC_060948.1	8260633	0.0909
NC_060948.1	8260676	0.1818
NC_060948.1	8261010	0.1818
NC_060948.1	8261136	0.2727
NC_060948.1	8261324	0.0909
NC_060948.1	8262054	0.0909
NC_060948.1	8262315	0.1818
NC_060948.1	8264375	0.0909
NC_060948.1	8268465	0.1818
NC_060948.1	8268773	0.1818
NC_060948.1	8268936	0.1111
NC_060948.1	8269013	0.2222
NC_060948.1	8269029	0.1111
NC_060948.1	8269061	0.1111
NC_060948.1	8269062	0.2222
NC_060948.1	8269075	0.2222
NC_060948.1	8269081	0.1111
NC_060948.1	8269101	0.1111
NC_060948.1	8269193	0.1111
NC_060948.1	8269487	0.1111
NC_060948.1	8269910	0.1111
NC_060948.1	8269997	0.1111
NC_060948.1	8270392	0.1111
NC_060948.1	8270592	0.1111
NC_060948.1	8271763	0.1
NC_060948.1	8272028	0.1
NC_060948.1	8272316	0.1
NC_060948.1	8272328	0.1
NC_060948.1	8273503	0.2727
NC_060948.1	8274758	0.0909
NC_060948.1	8279333	0.0909
NC_060948.1	8284156	0.1818
NC_060948.1	8285526	0.1818
NC_060948.1	8287929	0.3
NC_060948.1	8290180	0.1
NC_060948.1	8290831	0.2
NC_060948.1	8291312	0.1
NC_060948.1	8293397	0.1
NC_060948.1	8296679	0.1
NC_060948.1	8299624	0.1
NC_060948.1	8302288	0.1
NC_060948.1	8304871	0.2
NC_060948.1	8308621	0.1
NC_060948.1	8312821	0.1
NC_060948.1	8312839	0.1
NC_060948.1	8313321	0.1
NC_060948.1	8314509	0.2
NC_060948.1	8315844	0.1
NC_060948.1	8317547	0.1
NC_060948.1	8318281	0.1
NC_060948.1	8318416	0.2
NC_060948.1	8319158	0.1
NC_060948.1	8320788	0.2222
NC_060948.1	8322923	0.1111
NC_060948.1	8325217	0.2222
NC_060948.1	8328789	0.1111
NC_060948.1	8329537	0.1111
NC_060948.1	8329775	0.1111
NC_060948.1	8331748	0.2222
NC_060948.1	8332680	0.1111
NC_060948.1	8334987	0.1111
NC_060948.1	8336517	0.1111
NC_060948.1	8338184	0.1111
NC_060948.1	8339069	0.1111
NC_060948.1	8339664	0.1111
NC_060948.1	8341365	0.1111
NC_060948.1	8344502	0.1111
NC_060948.1	8345664	0.1111
NC_060948.1	8346455	0.1111
NC_060948.1	8346919	0.1111
NC_060948.1	8347607	0.1111
NC_060948.1	8348595	0.1111
NC_060948.1	8354531	0.1111
NC_060948.1	8355719	0.1111
NC_060948.1	8356214	0.1111
NC_060948.1	8356403	0.1111
NC_060948.1	8356700	0.1111
NC_060948.1	8358302	0.1111
NC_060948.1	8359057	0.1111
NC_060948.1	8360117	0.1111
NC_060948.1	8360189	0.2222
NC_060948.1	8360711	0.1111
NC_060948.1	8364766	0.1111
NC_060948.1	8368018	0.1
NC_060948.1	8373183	0.1
NC_060948.1	8373463	0.1
NC_060948.1	8373680	0.1
NC_060948.1	8374092	0.1
NC_060948.1	8376599	0.1
NC_060948.1	8377010	0.2
NC_060948.1	8378729	0.2
NC_060948.1	8381100	0.1
NC_060948.1	8382047	0.2
NC_060948.1	8382830	0.1
NC_060948.1	8384262	0.2
NC_060948.1	8384376	0.2
NC_060948.1	8390136	0.1111
NC_060948.1	8390392	0.1111
NC_060948.1	8390962	0.1111
NC_060948.1	8397412	0.1111
NC_060948.1	8398796	0.1111
NC_060948.1	8399178	0.1111
NC_060948.1	8400141	0.1111
NC_060948.1	8400607	0.1111
NC_060948.1	8400864	0.1111
NC_060948.1	8401014	0.1111
NC_060948.1	8401258	0.1111
NC_060948.1	8401696	0.1111
NC_060948.1	8402436	0.1111
NC_060948.1	8403138	0.2222
NC_060948.1	8403678	0.1111
NC_060948.1	8407515	0.1111
NC_060948.1	8408854	0.1111
NC_060948.1	8408858	0.1111
NC_060948.1	8409018	0.1111
NC_060948.1	8411563	0.1111
NC_060948.1	8416565	0.2
NC_060948.1	8418542	0.2222
NC_060948.1	8419769	0.0909
NC_060948.1	8419852	0.0909
NC_060948.1	8421190	0.0909
NC_060948.1	8421236	0.2727
NC_060948.1	8421522	0.0909
NC_060948.1	8422167	0.0909
NC_060948.1	8422397	0.0909
NC_060948.1	8422802	0.0909
NC_060948.1	8423268	0.0909
NC_060948.1	8423501	0.0909
NC_060948.1	8424024	0.1818
NC_060948.1	8424303	0.1818
NC_060948.1	8428220	0.0909
NC_060948.1	8428403	0.0909
NC_060948.1	8429427	0.1818
NC_060948.1	8432111	0.1111
NC_060948.1	8432193	0.2222
NC_060948.1	8432326	0.2222
NC_060948.1	8434348	0.1111
NC_060948.1	8436151	0.1111
NC_060948.1	8438019	0.1111
NC_060948.1	8438090	0.1111
NC_060948.1	8438622	0.1111
NC_060948.1	8446546	0.2222
NC_060948.1	8447022	0.2222
NC_060948.1	8447085	0.1111
NC_060948.1	8447420	0.1111
NC_060948.1	8448417	0.2222
NC_060948.1	8450127	0.2222
NC_060948.1	8451189	0.1111
NC_060948.1	8452594	0.1111
NC_060948.1	8454776	0.2222
NC_060948.1	8455164	0.1111
NC_060948.1	8456518	0.1111
NC_060948.1	8457027	0.1111
NC_060948.1	8457436	0.1111
NC_060948.1	8460737	0.1111
NC_060948.1	8461197	0.1111
NC_060948.1	8461210	0.1111
NC_060948.1	8461814	0.1111
NC_060948.1	8461815	0.2222
NC_060948.1	8461817	0.1111
NC_060948.1	8461980	0.2222
NC_060948.1	8462260	0.1111
NC_060948.1	8462793	0.2222
NC_060948.1	8463775	0.1
NC_060948.1	8464315	0.1
NC_060948.1	8465298	0.1
NC_060948.1	8465713	0.1
NC_060948.1	8467032	0.1
NC_060948.1	8467225	0.1
NC_060948.1	8467825	0.1
NC_060948.1	8467910	0.1
NC_060948.1	8468643	0.1
NC_060948.1	8473020	0.1
NC_060948.1	8473065	0.1
NC_060948.1	8475006	0.1
NC_060948.1	8475127	0.1
NC_060948.1	8478463	0.1
NC_060948.1	8479259	0.2
NC_060948.1	8480755	0.1
NC_060948.1	8484578	0.2
NC_060948.1	8486068	0.2
NC_060948.1	8488434	0.1
NC_060948.1	8489414	0.1
NC_060948.1	8489986	0.2
NC_060948.1	8490799	0.2
NC_060948.1	8491036	0.1
NC_060948.1	8492555	0.1
NC_060948.1	8493964	0.1
NC_060948.1	8496609	0.1
NC_060948.1	8497212	0.1
NC_060948.1	8498377	0.1
NC_060948.1	8499255	0.1
NC_060948.1	8504174	0.2
NC_060948.1	8510458	0.1
NC_060948.1	8511045	0.1
NC_060948.1	8512312	0.1
NC_060948.1	8512334	0.2
NC_060948.1	8512356	0.1
NC_060948.1	8512378	0.2
NC_060948.1	8512400	0.1
NC_060948.1	8512422	0.3
NC_060948.1	8512454	0.2222
NC_060948.1	8514179	0.1111
NC_060948.1	8517580	0.1111
NC_060948.1	8518543	0.1111
NC_060948.1	8518732	0.1111
NC_060948.1	8520237	0.1111
NC_060948.1	8526920	0.1111
NC_060948.1	8528742	0.1429
NC_060948.1	8528743	0.2857
NC_060948.1	8530223	0.1111
NC_060948.1	8531482	0.2222
NC_060948.1	8533015	0.1111
NC_060948.1	8534859	0.1111
NC_060948.1	8539141	0.1
NC_060948.1	8542799	0.1
NC_060948.1	8544517	0.1
NC_060948.1	8547388	0.1
NC_060948.1	8548353	0.1
NC_060948.1	8550567	0.1
NC_060948.1	8551764	0.1
NC_060948.1	8555110	0.1
NC_060948.1	8555170	0.1
NC_060948.1	8559813	0.1
NC_060948.1	8568325	0.1
NC_060948.1	8573808	0.2
NC_060948.1	8574453	0.1
NC_060948.1	8574864	0.2
NC_060948.1	8575228	0.1
NC_060948.1	8581982	0.2
NC_060948.1	8582392	0.1
NC_060948.1	8582514	0.2
NC_060948.1	8583298	0.2
NC_060948.1	8586664	0.2
NC_060948.1	8587178	0.1
NC_060948.1	8587306	0.1
NC_060948.1	8587906	0.1
NC_060948.1	8589628	0.1
NC_060948.1	8591921	0.1
NC_060948.1	8592330	0.1
NC_060948.1	8592480	0.1
NC_060948.1	8598458	0.1
NC_060948.1	8598841	0.1
NC_060948.1	8599532	0.1
NC_060948.1	8600469	0.1
NC_060948.1	8602022	0.1
NC_060948.1	8602940	0.1
NC_060948.1	8604073	0.1
NC_060948.1	8610540	0.1
NC_060948.1	8613383	0.2
NC_060948.1	8614661	0.1
NC_060948.1	8617252	0.2
NC_060948.1	8618186	0.2
NC_060948.1	8621582	0.1
NC_060948.1	8621622	0.2
NC_060948.1	8623223	0.1
NC_060948.1	8628930	0.2222
NC_060948.1	8630034	0.2222
NC_060948.1	8630580	0.1111
NC_060948.1	8632385	0.1111
NC_060948.1	8633450	0.1111
NC_060948.1	8635023	0.1111
NC_060948.1	8635122	0.2222
NC_060948.1	8637905	0.125
NC_060948.1	8640096	0.125
NC_060948.1	8640460	0.125
NC_060948.1	8643422	0.125
NC_060948.1	8644096	0.125
NC_060948.1	8644398	0.125
NC_060948.1	8644422	0.125
NC_060948.1	8646557	0.1
NC_060948.1	8646679	0.1
NC_060948.1	8649397	0.1111
NC_060948.1	8651133	0.1111
NC_060948.1	8654348	0.2222
NC_060948.1	8655559	0.1111
NC_060948.1	8657311	0.2
NC_060948.1	8661326	0.1818
NC_060948.1	8661939	0.1818
NC_060948.1	8663932	0.2727
NC_060948.1	8665551	0.2727
NC_060948.1	8666575	0.0909
NC_060948.1	8667545	0.1111
NC_060948.1	8668178	0.1111
NC_060948.1	8669566	0.2
NC_060948.1	8669599	0.1
NC_060948.1	8672519	0.1
NC_060948.1	8676370	0.1
NC_060948.1	8681567	0.0909
NC_060948.1	8683829	0.1818
NC_060948.1	8686862	0.2222
NC_060948.1	8689141	0.1111
NC_060948.1	8689143	0.1111
NC_060948.1	8689145	0.25
NC_060948.1	8689149	0.2222
NC_060948.1	8689151	0.1111
NC_060948.1	8690951	0.1
NC_060948.1	8694432	0.1
NC_060948.1	8695518	0.1
NC_060948.1	8696345	0.1
NC_060948.1	8704162	0.2
NC_060948.1	8704171	0.1
NC_060948.1	8708159	0.1
NC_060948.1	8708595	0.2
NC_060948.1	8708819	0.1
NC_060948.1	8711292	0.1
NC_060948.1	8711304	0.1
NC_060948.1	8711307	0.2
NC_060948.1	8711310	0.2
NC_060948.1	8711346	0.1
NC_060948.1	8711351	0.1
NC_060948.1	8711356	0.1
NC_060948.1	8711364	0.1
NC_060948.1	8711421	0.1
NC_060948.1	8711427	0.2
NC_060948.1	8711439	0.1
NC_060948.1	8711441	0.3
NC_060948.1	8711447	0.2
NC_060948.1	8711453	0.3
NC_060948.1	8711512	0.1
NC_060948.1	8713311	0.1
NC_060948.1	8714060	0.1
NC_060948.1	8715058	0.1
NC_060948.1	8716312	0.1
NC_060948.1	8718435	0.1
NC_060948.1	8722650	0.2
NC_060948.1	8723828	0.1
NC_060948.1	8724013	0.1
NC_060948.1	8725483	0.1
NC_060948.1	8829958	0.1111
NC_060948.1	8833221	0.1111
NC_060948.1	8833379	0.1111
NC_060948.1	8834142	0.1111
NC_060948.1	8835229	0.1111
NC_060948.1	8835851	0.1111
NC_060948.1	8839576	0.1111
NC_060948.1	8840311	0.1111
NC_060948.1	8840414	0.1111
NC_060948.1	8842028	0.1111
NC_060948.1	8844257	0.1111
NC_060948.1	8844756	0.1111
NC_060948.1	8844966	0.1111
NC_060948.1	8846084	0.1111
NC_060948.1	8847217	0.1111
NC_060948.1	8847386	0.1111
NC_060948.1	8851464	0.1111
NC_060948.1	8851587	0.1111
NC_060948.1	8852491	0.1111
NC_060948.1	8853421	0.1111
NC_060948.1	8856576	0.1111
NC_060948.1	8857797	0.1111
NC_060948.1	8857803	0.1111
NC_060948.1	8860158	0.1111
NC_060948.1	8860422	0.1111
NC_060948.1	8861934	0.0909
NC_060948.1	8862894	0.0909
NC_060948.1	8863384	0.1818
NC_060948.1	8863883	0.0909
NC_060948.1	8866498	0.0909
NC_060948.1	8867473	0.0909
NC_060948.1	8872164	0.0909
NC_060948.1	8872923	0.0909
NC_060948.1	8875181	0.0909
NC_060948.1	8875832	0.0909
NC_060948.1	8876803	0.0909
NC_060948.1	8878445	0.0909
NC_060948.1	8879688	0.0909
NC_060948.1	8883370	0.1667
NC_060948.1	8885526	0.0833
NC_060948.1	8885658	0.0833
NC_060948.1	8886636	0.0833
NC_060948.1	8888927	0.1667
NC_060948.1	8890400	0.0833
NC_060948.1	8891452	0.0833
NC_060948.1	8893535	0.0833
NC_060948.1	8893648	0.1667
NC_060948.1	8894603	0.25
NC_060948.1	8896659	0.1667
NC_060948.1	8899206	0.0833
NC_060948.1	8899717	0.3333
NC_060948.1	8899728	0.3333
NC_060948.1	8899988	0.1667
NC_060948.1	8900116	0.0833
NC_060948.1	8901183	0.0833
NC_060948.1	8902795	0.1667
NC_060948.1	8903120	0.0833
NC_060948.1	8903150	0.25
NC_060948.1	8904391	0.1667
NC_060948.1	8907124	0.0833
NC_060948.1	8908569	0.0833
NC_060948.1	8910861	0.0833
NC_060948.1	8912462	0.0833
NC_060948.1	8914120	0.0833
NC_060948.1	8914345	0.0833
NC_060948.1	8915472	0.1667
NC_060948.1	8915473	0.1667
NC_060948.1	8915486	0.0833
NC_060948.1	8915489	0.0833
NC_060948.1	8915770	0.25
NC_060948.1	8916441	0.1667
NC_060948.1	8917380	0.0909
NC_060948.1	8918835	0.1818
NC_060948.1	8922096	0.0909
NC_060948.1	8925345	0.0909
NC_060948.1	8927138	0.0909
NC_060948.1	8927521	0.0909
NC_060948.1	8928189	0.0909
NC_060948.1	8929449	0.0909
NC_060948.1	8929624	0.1818
NC_060948.1	8931659	0.0909
NC_060948.1	8937010	0.1
NC_060948.1	8939099	0.1
NC_060948.1	8939201	0.1
NC_060948.1	8940121	0.1111
NC_060948.1	8940226	0.1111
NC_060948.1	8940510	0.1111
NC_060948.1	8940558	0.1111
NC_060948.1	8940702	0.1111
NC_060948.1	8940886	0.1111
NC_060948.1	8941162	0.1111
NC_060948.1	8941197	0.1111
NC_060948.1	8941235	0.1111
NC_060948.1	8941848	0.1111
NC_060948.1	8942271	0.1111
NC_060948.1	8942758	0.1111
NC_060948.1	8942762	0.1111
NC_060948.1	8943700	0.1111
NC_060948.1	8944104	0.1111
NC_060948.1	8944172	0.1111
NC_060948.1	8944285	0.2222
NC_060948.1	8945224	0.1111
NC_060948.1	8945243	0.2222
NC_060948.1	8946607	0.1111
NC_060948.1	8946745	0.1111
NC_060948.1	8946992	0.2222
NC_060948.1	8947005	0.2222
NC_060948.1	8947927	0.1111
NC_060948.1	8947944	0.1111
NC_060948.1	8947946	0.1111
NC_060948.1	8948064	0.1111
NC_060948.1	8948098	0.2222
NC_060948.1	8948299	0.1111
NC_060948.1	8948869	0.2222
NC_060948.1	8948892	0.1111
NC_060948.1	8949165	0.2222
NC_060948.1	8949541	0.2222
NC_060948.1	8949752	0.2222
NC_060948.1	8951163	0.1111
NC_060948.1	8951286	0.1111
NC_060948.1	8951407	0.1111
NC_060948.1	8952430	0.1111
NC_060948.1	8953743	0.2222
NC_060948.1	8954404	0.1111
NC_060948.1	8954975	0.1111
NC_060948.1	8955037	0.1111
NC_060948.1	8956567	0.1111
NC_060948.1	8956805	0.1111
NC_060948.1	8956836	0.1111
NC_060948.1	8958743	0.125
NC_060948.1	8959766	0.25
NC_060948.1	8959997	0.25
NC_060948.1	8960464	0.125
NC_060948.1	8961371	0.125
NC_060948.1	8961770	0.1429
NC_060948.1	8961868	0.125
NC_060948.1	8961900	0.125
NC_060948.1	8962225	0.375
NC_060948.1	8963996	0.125
NC_060948.1	8967287	0.1667
NC_060948.1	8967319	0.3333
NC_060948.1	8968258	0.5
NC_060948.1	8968410	0.3333
NC_060948.1	8968556	0.3333
NC_060948.1	8968611	0.3333
NC_060948.1	8968644	0.3333
NC_060948.1	8968650	0.3333
NC_060948.1	8968672	0.1667
NC_060948.1	8968791	0.3333
NC_060948.1	8969017	0.5
NC_060948.1	8969951	0.1667
NC_060948.1	8969953	0.1667
NC_060948.1	8971390	0.1667
NC_060948.1	8976486	0.25
NC_060948.1	8977505	0.25
NC_060948.1	8977657	0.25
NC_060948.1	8979088	0.5
NC_060948.1	8979430	0.3333
NC_060948.1	8979468	0.5
NC_060948.1	8979520	0.25
NC_060948.1	8979702	0.3333
NC_060948.1	8980005	0.3333
NC_060948.1	8980009	0.3333
NC_060948.1	8980045	0.3333
NC_060948.1	8981135	0.3333
NC_060948.1	8981276	0.3333
NC_060948.1	8982110	0.3333
NC_060948.1	8984335	0.3333
NC_060948.1	8984739	0.3333
NC_060948.1	9003151	0.2
NC_060948.1	9005187	0.2
NC_060948.1	9005334	0.4
NC_060948.1	9005528	0.2
NC_060948.1	9007917	0.2
NC_060948.1	9008628	0.4
NC_060948.1	9009000	0.2
NC_060948.1	9009103	0.2
NC_060948.1	9015229	0.2
NC_060948.1	9015737	0.2
NC_060948.1	9016012	0.2
NC_060948.1	9016269	0.2
NC_060948.1	9018815	0.25
NC_060948.1	9024721	0.3333
NC_060948.1	9025462	0.3333
NC_060948.1	9028512	0.4
NC_060948.1	9028538	0.2
NC_060948.1	9029180	0.2
NC_060948.1	9032402	0.5
NC_060948.1	9032674	0.1667
NC_060948.1	9034440	0.1667
NC_060948.1	9035999	0.2
NC_060948.1	9037191	0.1667
NC_060948.1	9040617	0.1667
NC_060948.1	9042107	0.2
NC_060948.1	9043143	0.2
NC_060948.1	9044585	0.1667
NC_060948.1	9045602	0.4
NC_060948.1	9047296	0.25
NC_060948.1	9053003	0.25
NC_060948.1	9053342	0.25
NC_060948.1	9053447	0.25
NC_060948.1	9054734	0.25
NC_060948.1	9054936	0.25
NC_060948.1	9619236	0.3333
NC_060948.1	9620781	0.3333
NC_060948.1	9626418	0.3333
NC_060948.1	9628944	0.25
NC_060948.1	9629327	0.25
NC_060948.1	9629993	0.25
NC_060948.1	9629995	0.25
NC_060948.1	9630010	0.25
NC_060948.1	9630450	0.25
NC_060948.1	9630463	0.25
NC_060948.1	9637524	0.5
NC_060948.1	9637535	0.25
NC_060948.1	9637536	0.5
NC_060948.1	9640813	0.25
NC_060948.1	9645064	0.25
NC_060948.1	9645127	0.25
NC_060948.1	9645203	0.25
NC_060948.1	9645368	0.25
NC_060948.1	9645763	0.25
NC_060948.1	9647044	0.25
NC_060948.1	9654343	0.5
NC_060948.1	9759652	0.3333
NC_060948.1	9759950	0.3333
NC_060948.1	9760005	0.3333
NC_060948.1	9760038	0.3333
NC_060948.1	9760041	0.3333
NC_060948.1	9760043	0.3333
NC_060948.1	9760044	0.3333
NC_060948.1	9760066	0.3333
NC_060948.1	9760296	0.3333
NC_060948.1	9760372	0.3333
NC_060948.1	9760572	0.3333
NC_060948.1	9761244	0.3333
NC_060948.1	9761312	0.3333
NC_060948.1	9761943	0.3333
NC_060948.1	9762062	0.3333
NC_060948.1	9762118	0.3333
NC_060948.1	9767635	0.25
NC_060948.1	9768510	0.25
NC_060948.1	9770010	0.2
NC_060948.1	9773851	0.2
NC_060948.1	9773893	0.2
NC_060948.1	9774478	0.2
NC_060948.1	9774968	0.2
NC_060948.1	9776599	0.2
NC_060948.1	9777824	0.2
NC_060948.1	9778257	0.2
NC_060948.1	9778916	0.2
NC_060948.1	9779622	0.4
NC_060948.1	9779725	0.2
NC_060948.1	9779910	0.4
NC_060948.1	9779934	0.2
NC_060948.1	9780287	0.4
NC_060948.1	9780323	0.2
NC_060948.1	9781018	0.4
NC_060948.1	9783135	0.2
NC_060948.1	9783743	0.4
NC_060948.1	9784691	0.2
NC_060948.1	9784705	0.4
NC_060948.1	9787418	0.2
NC_060948.1	9787436	0.2
NC_060948.1	9787844	0.2
NC_060948.1	9787853	0.2
NC_060948.1	9788360	0.2
NC_060948.1	9788398	0.2
NC_060948.1	9788737	0.2
NC_060948.1	9789223	0.4
NC_060948.1	9790254	0.2
NC_060948.1	9790310	0.2
NC_060948.1	9791495	0.2
NC_060948.1	9791662	0.3333
NC_060948.1	9792385	0.3333
NC_060948.1	9792387	0.1667
NC_060948.1	9792855	0.1667
NC_060948.1	9794703	0.1429
NC_060948.1	9794943	0.1429
NC_060948.1	9795028	0.1429
NC_060948.1	9795276	0.1429
NC_060948.1	9795480	0.1429
NC_060948.1	9795932	0.2857
NC_060948.1	9796017	0.1429
NC_060948.1	9796469	0.2857
NC_060948.1	9796522	0.1429
NC_060948.1	9796572	0.1429
NC_060948.1	9797506	0.2857
NC_060948.1	9798289	0.2857
NC_060948.1	9798750	0.1667
NC_060948.1	9799622	0.1429
NC_060948.1	9799752	0.2857
NC_060948.1	9799754	0.2857
NC_060948.1	9799803	0.2857
NC_060948.1	9799843	0.2857
NC_060948.1	9799950	0.2857
NC_060948.1	9800053	0.1429
NC_060948.1	9800081	0.2857
NC_060948.1	9800100	0.2857
NC_060948.1	9800199	0.1429
NC_060948.1	9800261	0.2857
NC_060948.1	9800386	0.2857
NC_060948.1	9800395	0.2857
NC_060948.1	9800409	0.2857
NC_060948.1	9800560	0.2857
NC_060948.1	9800607	0.1429
NC_060948.1	9800608	0.2857
NC_060948.1	9800615	0.1429
NC_060948.1	9800648	0.2857
NC_060948.1	9800653	0.2857
NC_060948.1	9800654	0.2857
NC_060948.1	9800771	0.2857
NC_060948.1	9800933	0.1429
NC_060948.1	9800982	0.1429
NC_060948.1	9801021	0.1429
NC_060948.1	9801058	0.2857
NC_060948.1	9801185	0.4286
NC_060948.1	9801338	0.1429
NC_060948.1	9801853	0.1429
NC_060948.1	9801857	0.2857
NC_060948.1	9801953	0.2857
NC_060948.1	9801955	0.1667
NC_060948.1	9801960	0.1429
NC_060948.1	9801993	0.2857
NC_060948.1	9801994	0.1429
NC_060948.1	9802368	0.2857
NC_060948.1	9802496	0.1429
NC_060948.1	9802517	0.1429
NC_060948.1	9802588	0.4286
NC_060948.1	9802707	0.4286
NC_060948.1	9802763	0.2857
NC_060948.1	9803921	0.1429
NC_060948.1	9804003	0.2857
NC_060948.1	9804416	0.1429
NC_060948.1	9804773	0.1429
NC_060948.1	9804820	0.1429
NC_060948.1	9804849	0.1429
NC_060948.1	9804860	0.1429
NC_060948.1	9805259	0.1429
NC_060948.1	9806398	0.1429
NC_060948.1	9806639	0.1429
NC_060948.1	9807480	0.2857
NC_060948.1	9807650	0.1429
NC_060948.1	9807759	0.1429
NC_060948.1	9808220	0.1429
NC_060948.1	9808265	0.1429
NC_060948.1	9809067	0.1429
NC_060948.1	9809079	0.1429
NC_060948.1	9809553	0.125
NC_060948.1	9811317	0.125
NC_060948.1	9812053	0.2857
NC_060948.1	9812061	0.125
NC_060948.1	9812854	0.375
NC_060948.1	9814160	0.1429
NC_060948.1	9814271	0.125
NC_060948.1	9814422	0.25
NC_060948.1	9814696	0.125
NC_060948.1	9814846	0.25
NC_060948.1	9814869	0.125
NC_060948.1	9815020	0.125
NC_060948.1	9815034	0.125
NC_060948.1	9815117	0.375
NC_060948.1	9815207	0.25
NC_060948.1	9815330	0.375
NC_060948.1	9815376	0.125
NC_060948.1	9815558	0.25
NC_060948.1	9815559	0.25
NC_060948.1	9815604	0.125
NC_060948.1	9815623	0.25
NC_060948.1	9816893	0.25
NC_060948.1	9818169	0.25
NC_060948.1	9818237	0.25
NC_060948.1	9818254	0.25
NC_060948.1	9818452	0.25
NC_060948.1	9818488	0.125
NC_060948.1	9818719	0.25
NC_060948.1	9818724	0.25
NC_060948.1	9820930	0.125
NC_060948.1	9820963	0.25
NC_060948.1	9820968	0.25
NC_060948.1	9820969	0.25
NC_060948.1	9821297	0.125
NC_060948.1	9821500	0.25
NC_060948.1	9821842	0.125
NC_060948.1	9823148	0.125
NC_060948.1	9823174	0.25
NC_060948.1	9823795	0.125
NC_060948.1	9824012	0.125
NC_060948.1	9824105	0.25
NC_060948.1	9824396	0.25
NC_060948.1	9824538	0.25
NC_060948.1	9824732	0.25
NC_060948.1	9824779	0.25
NC_060948.1	9825216	0.125
NC_060948.1	9825358	0.25
NC_060948.1	9825416	0.25
NC_060948.1	9825553	0.125
NC_060948.1	9825633	0.125
NC_060948.1	9825662	0.125
NC_060948.1	9825939	0.25
NC_060948.1	9826157	0.125
NC_060948.1	9826351	0.25
NC_060948.1	9828067	0.1111
NC_060948.1	9828517	0.1111
NC_060948.1	9828757	0.1111
NC_060948.1	9829399	0.2222
NC_060948.1	9829827	0.1111
NC_060948.1	9830448	0.1429
NC_060948.1	9830779	0.2
NC_060948.1	9831077	0.1
NC_060948.1	9831152	0.1
NC_060948.1	9831308	0.1
NC_060948.1	9831358	0.1
NC_060948.1	9831627	0.2
NC_060948.1	9832013	0.2
NC_060948.1	9832164	0.1
NC_060948.1	9832166	0.1
NC_060948.1	9832168	0.2
NC_060948.1	9832197	0.1
NC_060948.1	9832223	0.1
NC_060948.1	9832258	0.2
NC_060948.1	9832297	0.1
NC_060948.1	9832301	0.1
NC_060948.1	9832387	0.3
NC_060948.1	9832889	0.1
NC_060948.1	9833494	0.1
NC_060948.1	9833564	0.1
NC_060948.1	9834001	0.2
NC_060948.1	9834384	0.1
NC_060948.1	9834774	0.2
NC_060948.1	9835384	0.1
NC_060948.1	9835934	0.2
NC_060948.1	9835972	0.1
NC_060948.1	9836792	0.1
NC_060948.1	9837935	0.1
NC_060948.1	9838607	0.1
NC_060948.1	9838815	0.1
NC_060948.1	9839053	0.1
NC_060948.1	9839223	0.1
NC_060948.1	9839405	0.1111
NC_060948.1	9839445	0.2
NC_060948.1	9840275	0.1
NC_060948.1	9840338	0.1
NC_060948.1	9840673	0.2
NC_060948.1	9840900	0.1
NC_060948.1	9841254	0.2
NC_060948.1	9841287	0.1
NC_060948.1	9841292	0.1
NC_060948.1	9841293	0.1
NC_060948.1	9841315	0.1
NC_060948.1	9842580	0.1
NC_060948.1	9842979	0.1
NC_060948.1	9844147	0.1
NC_060948.1	9844422	0.1
NC_060948.1	9845049	0.1
NC_060948.1	9846040	0.1
NC_060948.1	9846307	0.1
NC_060948.1	9847500	0.1
NC_060948.1	9849341	0.2
NC_060948.1	9849370	0.1
NC_060948.1	9850100	0.1
NC_060948.1	9850783	0.1
NC_060948.1	9852010	0.1
NC_060948.1	9852647	0.1
NC_060948.1	9853803	0.1
NC_060948.1	9854632	0.2
NC_060948.1	9854742	0.2
NC_060948.1	9855045	0.2
NC_060948.1	9855207	0.2
NC_060948.1	9855232	0.3
NC_060948.1	9855240	0.3
NC_060948.1	9855241	0.3
NC_060948.1	9855243	0.2
NC_060948.1	9855286	0.1
NC_060948.1	9855292	0.1
NC_060948.1	9855340	0.2
NC_060948.1	9855910	0.2
NC_060948.1	9856043	0.1
NC_060948.1	9856364	0.1
NC_060948.1	9856367	0.1
NC_060948.1	9856368	0.1
NC_060948.1	9856371	0.1
NC_060948.1	9856404	0.2
NC_060948.1	9856412	0.1
NC_060948.1	9856416	0.1
NC_060948.1	9856419	0.1
NC_060948.1	9856427	0.1
NC_060948.1	9856470	0.1
NC_060948.1	9856471	0.1
NC_060948.1	9856495	0.2
NC_060948.1	9856513	0.2
NC_060948.1	9856535	0.2
NC_060948.1	9857340	0.1
NC_060948.1	9858575	0.1
NC_060948.1	9860860	0.1
NC_060948.1	9862136	0.1
NC_060948.1	9864035	0.1
NC_060948.1	9864366	0.1
NC_060948.1	9865850	0.1
NC_060948.1	9866629	0.1
NC_060948.1	9867011	0.1
NC_060948.1	9867589	0.1
NC_060948.1	9869181	0.1
NC_060948.1	9870571	0.1
NC_060948.1	9871831	0.1
NC_060948.1	9873030	0.1
NC_060948.1	9873596	0.3
NC_060948.1	9874270	0.1
NC_060948.1	9879562	0.1
NC_060948.1	9880350	0.1
NC_060948.1	9880364	0.1
NC_060948.1	9881286	0.1
NC_060948.1	9881839	0.1
NC_060948.1	9881914	0.1
NC_060948.1	9885468	0.1
NC_060948.1	9887845	0.1
NC_060948.1	9888146	0.1
NC_060948.1	9889931	0.1
NC_060948.1	9898710	0.1
NC_060948.1	9901173	0.1
NC_060948.1	9901583	0.1
NC_060948.1	9902441	0.1
NC_060948.1	9904889	0.1
NC_060948.1	9912658	0.1
NC_060948.1	9913009	0.1
NC_060948.1	9913945	0.1
NC_060948.1	9914498	0.1
NC_060948.1	9916010	0.1
NC_060948.1	9917197	0.1
NC_060948.1	9919716	0.1
NC_060948.1	9924652	0.125
NC_060948.1	9928701	0.125
NC_060948.1	10255882	0.1667
NC_060948.1	10255912	0.0833
NC_060948.1	10255913	0.0833
NC_060948.1	10256401	0.0833
NC_060948.1	10257849	0.1667
NC_060948.1	10258998	0.0833
NC_060948.1	10261167	0.0833
NC_060948.1	10261411	0.0833
NC_060948.1	10262754	0.1667
NC_060948.1	10263711	0.0833
NC_060948.1	10264328	0.0833
NC_060948.1	10264880	0.0833
NC_060948.1	10266658	0.0833
NC_060948.1	10267368	0.0833
NC_060948.1	10269185	0.0833
NC_060948.1	10269790	0.0833
NC_060948.1	10270389	0.0833
NC_060948.1	10274012	0.1667
NC_060948.1	10277082	0.0833
NC_060948.1	10279264	0.0833
NC_060948.1	10285104	0.1
NC_060948.1	10286635	0.2
NC_060948.1	10286659	0.2
NC_060948.1	10287142	0.1
NC_060948.1	10288540	0.1
NC_060948.1	10291600	0.1
NC_060948.1	10292512	0.1
NC_060948.1	10292858	0.1
NC_060948.1	10293149	0.1
NC_060948.1	10296675	0.1
NC_060948.1	10298501	0.1
NC_060948.1	10301951	0.1
NC_060948.1	10305006	0.2
NC_060948.1	10306974	0.1
NC_060948.1	10308972	0.1
NC_060948.1	10309363	0.1
NC_060948.1	10311489	0.1
NC_060948.1	10313750	0.1
NC_060948.1	10313931	0.1
NC_060948.1	10314045	0.1
NC_060948.1	10314077	0.1
NC_060948.1	10314080	0.1
NC_060948.1	10314109	0.2
NC_060948.1	10314110	0.2
NC_060948.1	10314121	0.2
NC_060948.1	10314402	0.1
NC_060948.1	10319016	0.1
NC_060948.1	10319667	0.2
NC_060948.1	10321780	0.2
NC_060948.1	10321823	0.1
NC_060948.1	10321844	0.1
NC_060948.1	10323173	0.1
NC_060948.1	10323976	0.1
NC_060948.1	10324213	0.1
NC_060948.1	10324673	0.2
NC_060948.1	10326272	0.2
NC_060948.1	10326368	0.1
NC_060948.1	10329652	0.1
NC_060948.1	10331604	0.1
NC_060948.1	10331970	0.2
NC_060948.1	10331974	0.2
NC_060948.1	10331991	0.1
NC_060948.1	10332049	0.1
NC_060948.1	10332050	0.1
NC_060948.1	10332054	0.1
NC_060948.1	10332057	0.1
NC_060948.1	10332090	0.2
NC_060948.1	10332099	0.2
NC_060948.1	10332100	0.2
NC_060948.1	10332129	0.2
NC_060948.1	10332138	0.1
NC_060948.1	10332158	0.2
NC_060948.1	10332159	0.2
NC_060948.1	10332163	0.1
NC_060948.1	10332176	0.1
NC_060948.1	10332192	0.1
NC_060948.1	10332201	0.1
NC_060948.1	10332205	0.1
NC_060948.1	10332240	0.2
NC_060948.1	10332277	0.2
NC_060948.1	10332285	0.1
NC_060948.1	10332933	0.1
NC_060948.1	10333484	0.1
NC_060948.1	10333957	0.1
NC_060948.1	10334470	0.1111
NC_060948.1	10337361	0.1
NC_060948.1	10338222	0.1
NC_060948.1	10340003	0.1
NC_060948.1	10340876	0.1
NC_060948.1	10340911	0.1
NC_060948.1	10346355	0.2
NC_060948.1	10347737	0.1
NC_060948.1	10348233	0.2
NC_060948.1	10350291	0.2
NC_060948.1	10350847	0.1
NC_060948.1	10351027	0.1
NC_060948.1	10351773	0.1
NC_060948.1	10352073	0.1
NC_060948.1	10353977	0.1
NC_060948.1	10353979	0.1
NC_060948.1	10353981	0.1
NC_060948.1	10354851	0.1
NC_060948.1	10357659	0.1
NC_060948.1	10363299	0.1
NC_060948.1	10366311	0.1
NC_060948.1	10367229	0.1
NC_060948.1	10367537	0.1
NC_060948.1	10368467	0.1
NC_060948.1	10369435	0.1
NC_060948.1	10369451	0.1
NC_060948.1	10370636	0.1
NC_060948.1	10370695	0.2
NC_060948.1	10373238	0.2
NC_060948.1	10376504	0.1
NC_060948.1	10382357	0.0833
NC_060948.1	10383279	0.0833
NC_060948.1	10383869	0.0833
NC_060948.1	10383925	0.0833
NC_060948.1	10384218	0.0833
NC_060948.1	10386357	0.0833
NC_060948.1	10389579	0.1667
NC_060948.1	10391157	0.0833
NC_060948.1	10391436	0.0833
NC_060948.1	10391687	0.25
NC_060948.1	10392023	0.0833
NC_060948.1	10395103	0.1667
NC_060948.1	10395788	0.1667
NC_060948.1	10398255	0.0833
NC_060948.1	10399041	0.1667
NC_060948.1	10399488	0.0833
NC_060948.1	10399620	0.0909
NC_060948.1	10399639	0.0909
NC_060948.1	10402006	0.0909
NC_060948.1	10402451	0.0909
NC_060948.1	10402572	0.0909
NC_060948.1	10402672	0.0909
NC_060948.1	10403223	0.0909
NC_060948.1	10403941	0.0909
NC_060948.1	10404091	0.0909
NC_060948.1	10407469	0.0909
NC_060948.1	10407476	0.1818
NC_060948.1	10409368	0.0909
NC_060948.1	10412183	0.0909
NC_060948.1	10413461	0.0909
NC_060948.1	10413597	0.1818
NC_060948.1	10414284	0.0909
NC_060948.1	10415021	0.0909
NC_060948.1	10416698	0.0909
NC_060948.1	10417390	0.1818
NC_060948.1	10418032	0.0909
NC_060948.1	10419359	0.0909
NC_060948.1	10420520	0.0909
NC_060948.1	10420886	0.0909
NC_060948.1	10421456	0.1818
NC_060948.1	10422123	0.0909
NC_060948.1	10422495	0.0909
NC_060948.1	10423413	0.0909
NC_060948.1	10423661	0.0909
NC_060948.1	10423714	0.0909
NC_060948.1	10426418	0.0909
NC_060948.1	10427354	0.0909
NC_060948.1	10427488	0.0909
NC_060948.1	10428044	0.0909
NC_060948.1	10431566	0.1
NC_060948.1	10432297	0.1
NC_060948.1	10436545	0.1
NC_060948.1	10441177	0.1
NC_060948.1	10442227	0.1
NC_060948.1	10443418	0.1
NC_060948.1	10443786	0.1
NC_060948.1	10446370	0.1
NC_060948.1	10447201	0.1
NC_060948.1	10447549	0.1
NC_060948.1	10447996	0.1
NC_060948.1	10448267	0.1
NC_060948.1	12656830	0.125
NC_060948.1	12656831	0.125
NC_060948.1	12658324	0.125
NC_060948.1	12659622	0.125
NC_060948.1	12661544	0.125
NC_060948.1	12661595	0.125
NC_060948.1	12662005	0.125
NC_060948.1	12662182	0.125
NC_060948.1	12662183	0.125
NC_060948.1	12665568	0.125
NC_060948.1	12670049	0.125
NC_060948.1	12673082	0.125
NC_060948.1	12673855	0.125
NC_060948.1	12674177	0.125
NC_060948.1	12674660	0.125
NC_060948.1	12676412	0.125
NC_060948.1	12680130	0.125
NC_060948.1	12680471	0.125
NC_060948.1	12682102	0.125
NC_060948.1	12684995	0.1667
NC_060948.1	12685276	0.125
NC_060948.1	12685965	0.125
NC_060948.1	12686126	0.125
NC_060948.1	12686518	0.125
NC_060948.1	12687432	0.125
NC_060948.1	12689143	0.125
NC_060948.1	12690167	0.125
NC_060948.1	12692629	0.125
NC_060948.1	12693044	0.125
NC_060948.1	12694035	0.125
NC_060948.1	12695066	0.125
NC_060948.1	12697423	0.125
NC_060948.1	12697617	0.125
NC_060948.1	12699711	0.125
NC_060948.1	12700009	0.125
NC_060948.1	12703442	0.125
NC_060948.1	12708424	0.125
NC_060948.1	12708772	0.125
NC_060948.1	12709797	0.1429
NC_060948.1	12709799	0.1429
NC_060948.1	12709801	0.2857
NC_060948.1	12709803	0.1429
NC_060948.1	12714281	0.125
NC_060948.1	12717200	0.125
NC_060948.1	12717881	0.125
NC_060948.1	12718091	0.125
NC_060948.1	12720385	0.125
NC_060948.1	12725255	0.125
NC_060948.1	12727123	0.125
NC_060948.1	12729336	0.125
NC_060948.1	12729412	0.125
NC_060948.1	12731360	0.125
NC_060948.1	12731823	0.125
NC_060948.1	12733530	0.125
NC_060948.1	12734768	0.125
NC_060948.1	12735574	0.125
NC_060948.1	12735944	0.125
NC_060948.1	12736705	0.125
NC_060948.1	12737815	0.125
NC_060948.1	12739082	0.125
NC_060948.1	12741495	0.125
NC_060948.1	12742456	0.125
NC_060948.1	12745608	0.125
NC_060948.1	12746741	0.125
NC_060948.1	12746816	0.125
NC_060948.1	12747307	0.125
NC_060948.1	12747484	0.125
NC_060948.1	12750048	0.125
NC_060948.1	12750076	0.125
NC_060948.1	12750689	0.125
NC_060948.1	12751501	0.125
NC_060948.1	12751611	0.125
NC_060948.1	12751777	0.125
NC_060948.1	12753020	0.125
NC_060948.1	12753708	0.125
NC_060948.1	12754582	0.125
NC_060948.1	12754619	0.125
NC_060948.1	12755364	0.125
NC_060948.1	12764275	0.0909
NC_060948.1	12765540	0.1818
NC_060948.1	12765946	0.0909
NC_060948.1	12766192	0.0909
NC_060948.1	12766199	0.0909
NC_060948.1	12768056	0.0909
NC_060948.1	12768502	0.0909
NC_060948.1	12769261	0.0909
NC_060948.1	12769750	0.1
NC_060948.1	12770628	0.0909
NC_060948.1	12771056	0.0909
NC_060948.1	12771349	0.0909
NC_060948.1	12772510	0.0909
NC_060948.1	12775480	0.0909
NC_060948.1	12781509	0.0909
NC_060948.1	12782174	0.0909
NC_060948.1	12783037	0.0909
NC_060948.1	12783888	0.0909
NC_060948.1	12784172	0.0909
NC_060948.1	12784419	0.0909
NC_060948.1	12785306	0.1818
NC_060948.1	12787489	0.1818
NC_060948.1	12788116	0.0909
NC_060948.1	12788422	0.0909
NC_060948.1	12791868	0.0909
NC_060948.1	12791979	0.0909
NC_060948.1	12792292	0.0909
NC_060948.1	12792318	0.0909
NC_060948.1	12792975	0.0909
NC_060948.1	12794599	0.0909
NC_060948.1	12796116	0.0909
NC_060948.1	12797837	0.0909
NC_060948.1	12798032	0.0909
NC_060948.1	12799024	0.1818
NC_060948.1	12799422	0.1818
NC_060948.1	12800134	0.1818
NC_060948.1	12800637	0.0909
NC_060948.1	12800979	0.0909
NC_060948.1	12801504	0.0909
NC_060948.1	12802285	0.0909
NC_060948.1	12802409	0.0909
NC_060948.1	12802876	0.0909
NC_060948.1	12804206	0.0909
NC_060948.1	12804799	0.0909
NC_060948.1	12807294	0.0909
NC_060948.1	12809695	0.0909
NC_060948.1	12810455	0.1818
NC_060948.1	12812214	0.0909
NC_060948.1	12812541	0.1818
NC_060948.1	12815401	0.0909
NC_060948.1	12817519	0.0909
NC_060948.1	12818080	0.0909
NC_060948.1	12818309	0.0909
NC_060948.1	12818461	0.0909
NC_060948.1	12819904	0.0909
NC_060948.1	12821930	0.0909
NC_060948.1	12822870	0.0909
NC_060948.1	12828012	0.0909
NC_060948.1	12828353	0.0909
NC_060948.1	12828890	0.0909
NC_060948.1	12829724	0.0909
NC_060948.1	12830422	0.0909
NC_060948.1	12831016	0.0909
NC_060948.1	12832027	0.0909
NC_060948.1	12833053	0.0909
NC_060948.1	12833807	0.0909
NC_060948.1	12834954	0.0909
NC_060948.1	12838986	0.1818
NC_060948.1	12841809	0.1818
NC_060948.1	12842376	0.0909
NC_060948.1	12843451	0.1818
NC_060948.1	12846488	0.0909
NC_060948.1	12848237	0.0909
NC_060948.1	12849386	0.1
NC_060948.1	12849391	0.1818
NC_060948.1	12851879	0.0909
NC_060948.1	12853161	0.0909
NC_060948.1	12855600	0.0909
NC_060948.1	12858494	0.0909
NC_060948.1	12859258	0.0909
NC_060948.1	12859627	0.0909
NC_060948.1	12860652	0.0909
NC_060948.1	12861639	0.0909
NC_060948.1	12862055	0.0909
NC_060948.1	12862121	0.0909
NC_060948.1	12863843	0.0909
NC_060948.1	12864160	0.1818
NC_060948.1	12864187	0.1818
NC_060948.1	12864247	0.1818
NC_060948.1	12865718	0.0909
NC_060948.1	12866001	0.0909
NC_060948.1	12868405	0.0909
NC_060948.1	12870798	0.0909
NC_060948.1	12872254	0.0909
NC_060948.1	12873218	0.0909
NC_060948.1	12873692	0.0909
NC_060948.1	12873693	0.0909
NC_060948.1	12876121	0.0909
NC_060948.1	12876123	0.0909
NC_060948.1	12882175	0.0909
NC_060948.1	12882369	0.0909
NC_060948.1	12882982	0.0909
NC_060948.1	12883236	0.0909
NC_060948.1	12883399	0.0909
NC_060948.1	12886457	0.0909
NC_060948.1	12886821	0.0909
NC_060948.1	12887596	0.0909
NC_060948.1	12888597	0.1
NC_060948.1	12889119	0.0909
NC_060948.1	12889156	0.0909
NC_060948.1	12889390	0.0909
NC_060948.1	12892356	0.0909
NC_060948.1	12893471	0.0909
NC_060948.1	12894445	0.0909
NC_060948.1	12895702	0.0909
NC_060948.1	12896603	0.0909
NC_060948.1	12897361	0.0909
NC_060948.1	12897789	0.1818
NC_060948.1	12898799	0.1818
NC_060948.1	12899283	0.0909
NC_060948.1	12899531	0.0909
NC_060948.1	12899993	0.0909
NC_060948.1	12900729	0.1818
NC_060948.1	12900870	0.0909
NC_060948.1	12900918	0.0909
NC_060948.1	12900981	0.0909
NC_060948.1	12901507	0.0909
NC_060948.1	12902561	0.0909
NC_060948.1	12902815	0.0909
NC_060948.1	12903214	0.1818
NC_060948.1	12904045	0.1818
NC_060948.1	12905176	0.0909
NC_060948.1	12905561	0.0909
NC_060948.1	12906289	0.0909
NC_060948.1	12907058	0.0909
NC_060948.1	12907175	0.0909
NC_060948.1	12907482	0.0909
NC_060948.1	12907591	0.0909
NC_060948.1	12907774	0.0909
NC_060948.1	12908269	0.0909
NC_060948.1	12909606	0.0909
NC_060948.1	12909885	0.0909
NC_060948.1	12909979	0.0909
NC_060948.1	12910670	0.0909
NC_060948.1	12911175	0.0909
NC_060948.1	12912667	0.0909
NC_060948.1	12913249	0.0909
NC_060948.1	12916114	0.0909
NC_060948.1	12917190	0.0909
NC_060948.1	12917613	0.0909
NC_060948.1	12917924	0.0909
NC_060948.1	12918361	0.0909
NC_060948.1	12918387	0.1818
NC_060948.1	12918780	0.0909
NC_060948.1	12919989	0.0909
NC_060948.1	12920162	0.0909
NC_060948.1	12920412	0.0909
NC_060948.1	12920885	0.0909
NC_060948.1	12922526	0.0909
NC_060948.1	12926512	0.0909
NC_060948.1	12927895	0.0909
NC_060948.1	12928920	0.0909
NC_060948.1	12929660	0.0909
NC_060948.1	12930828	0.0909
NC_060948.1	12930917	0.0909
NC_060948.1	12931242	0.0909
NC_060948.1	12934105	0.0909
NC_060948.1	12934840	0.0909
NC_060948.1	12934861	0.1818
NC_060948.1	12935245	0.0909
NC_060948.1	12935755	0.0909
NC_060948.1	12936007	0.0909
NC_060948.1	12937068	0.0909
NC_060948.1	12937598	0.0909
NC_060948.1	12940951	0.0909
NC_060948.1	12941720	0.0909
NC_060948.1	12941815	0.0909
NC_060948.1	12942337	0.0909
NC_060948.1	12942387	0.0909
NC_060948.1	12945755	0.0909
NC_060948.1	12945958	0.0909
NC_060948.1	12945984	0.0909
NC_060948.1	12946081	0.0909
NC_060948.1	12947544	0.0909
NC_060948.1	12948546	0.0909
NC_060948.1	12948677	0.0909
NC_060948.1	12949484	0.0909
NC_060948.1	12950556	0.0909
NC_060948.1	12951310	0.0909
NC_060948.1	12953673	0.0909
NC_060948.1	12954944	0.0909
NC_060948.1	12955275	0.0909
NC_060948.1	12957839	0.0909
NC_060948.1	12957900	0.0909
NC_060948.1	12958047	0.0909
NC_060948.1	12958311	0.0909
NC_060948.1	12959584	0.0909
NC_060948.1	12960943	0.0909
NC_060948.1	12961025	0.0909
NC_060948.1	12962859	0.0909
NC_060948.1	12965200	0.0909
NC_060948.1	12968176	0.0909
NC_060948.1	12968388	0.0909
NC_060948.1	12969271	0.1818
NC_060948.1	12969742	0.1818
NC_060948.1	12969744	0.0909
NC_060948.1	12969960	0.0909
NC_060948.1	12971397	0.0909
NC_060948.1	12972405	0.0909
NC_060948.1	12973943	0.0909
NC_060948.1	12975438	0.0909
NC_060948.1	12975914	0.0909
NC_060948.1	12976079	0.0909
NC_060948.1	12977136	0.0909
NC_060948.1	12980126	0.0909
NC_060948.1	12982580	0.0909
NC_060948.1	12984609	0.0909
NC_060948.1	12985870	0.0909
NC_060948.1	12986026	0.0909
NC_060948.1	12986250	0.0909
NC_060948.1	12988960	0.0909
NC_060948.1	12990142	0.0909
NC_060948.1	12992036	0.0909
NC_060948.1	12992917	0.0909
NC_060948.1	12993626	0.0909
NC_060948.1	12993822	0.0909
NC_060948.1	12994162	0.0909
NC_060948.1	12994310	0.0909
NC_060948.1	12995104	0.0909
NC_060948.1	12995754	0.0909
NC_060948.1	12996032	0.0909
NC_060948.1	12996312	0.0909
NC_060948.1	12997218	0.0909
NC_060948.1	12998089	0.0909
NC_060948.1	13000451	0.0909
NC_060948.1	13000469	0.1818
NC_060948.1	13000499	0.2727
NC_060948.1	13000618	0.0909
NC_060948.1	13001691	0.0909
NC_060948.1	13002142	0.1818
NC_060948.1	13005870	0.0909
NC_060948.1	13005874	0.0909
NC_060948.1	13006854	0.0909
NC_060948.1	13008019	0.1818
NC_060948.1	13009482	0.0909
NC_060948.1	13013426	0.0909
NC_060948.1	13013516	0.0909
NC_060948.1	13014420	0.0909
NC_060948.1	13015360	0.0909
NC_060948.1	13015651	0.0909
NC_060948.1	13015657	0.0909
NC_060948.1	13016912	0.0909
NC_060948.1	13017619	0.0909
NC_060948.1	13017975	0.1818
NC_060948.1	13023613	0.0909
NC_060948.1	13023865	0.1818
NC_060948.1	13024404	0.0909
NC_060948.1	13029282	0.0909
NC_060948.1	13029824	0.0909
NC_060948.1	13030580	0.0909
NC_060948.1	13031661	0.0909
NC_060948.1	13031706	0.0909
NC_060948.1	13031935	0.1818
NC_060948.1	13032985	0.0909
NC_060948.1	13033414	0.0909
NC_060948.1	13034592	0.0909
NC_060948.1	13035455	0.0909
NC_060948.1	13035475	0.0909
NC_060948.1	13037629	0.0909
NC_060948.1	13038224	0.1818
NC_060948.1	13041081	0.0909
NC_060948.1	13042324	0.0909
NC_060948.1	13043877	0.1818
NC_060948.1	13043969	0.0909
NC_060948.1	13045739	0.0909
NC_060948.1	13046924	0.1818
NC_060948.1	13046960	0.0909
NC_060948.1	13047988	0.0909
NC_060948.1	13049996	0.0909
NC_060948.1	13050477	0.0909
NC_060948.1	13051584	0.0909
NC_060948.1	13052401	0.0909
NC_060948.1	13053020	0.1818
NC_060948.1	13053021	0.1818
NC_060948.1	13053508	0.0909
NC_060948.1	13053811	0.0909
NC_060948.1	13054982	0.0909
NC_060948.1	13055216	0.0909
NC_060948.1	13055263	0.0909
NC_060948.1	13056437	0.0909
NC_060948.1	13059823	0.0909
NC_060948.1	13059828	0.0909
NC_060948.1	13060086	0.0909
NC_060948.1	13060275	0.1818
NC_060948.1	13061926	0.0909
NC_060948.1	13062600	0.0909
NC_060948.1	13064191	0.1818
NC_060948.1	13066517	0.0909
NC_060948.1	13067460	0.0909
NC_060948.1	13068175	0.0909
NC_060948.1	13070498	0.0909
NC_060948.1	13070499	0.0909
NC_060948.1	13071529	0.0909
NC_060948.1	13071715	0.0909
NC_060948.1	13074670	0.0909
NC_060948.1	13075793	0.0909
NC_060948.1	13076254	0.0909
NC_060948.1	13077638	0.0909
NC_060948.1	13078416	0.0909
NC_060948.1	13079432	0.0909
NC_060948.1	13080692	0.0909
NC_060948.1	13080744	0.0909
NC_060948.1	13080925	0.0909
NC_060948.1	13080965	0.1818
NC_060948.1	13081228	0.0909
NC_060948.1	13082475	0.0909
NC_060948.1	13083220	0.0909
NC_060948.1	13083846	0.0909
NC_060948.1	13086388	0.0909
NC_060948.1	13086848	0.0909
NC_060948.1	13087181	0.0909
NC_060948.1	13089461	0.0909
NC_060948.1	13092218	0.0909
NC_060948.1	13094162	0.0909
NC_060948.1	13095319	0.0909
NC_060948.1	13095372	0.0909
NC_060948.1	13095559	0.0909
NC_060948.1	13096670	0.0909
NC_060948.1	13098009	0.0909
NC_060948.1	13098727	0.0909
NC_060948.1	13098948	0.0909
NC_060948.1	13100208	0.0909
NC_060948.1	13101530	0.0909
NC_060948.1	13102121	0.0909
NC_060948.1	13103836	0.0909
NC_060948.1	13104279	0.0909
NC_060948.1	13104361	0.0909
NC_060948.1	13107658	0.0909
NC_060948.1	13111443	0.0909
NC_060948.1	13112125	0.0909
NC_060948.1	13112802	0.0909
NC_060948.1	13115354	0.0909
NC_060948.1	13115578	0.0909
NC_060948.1	13115962	0.0909
NC_060948.1	13116710	0.0909
NC_060948.1	13117299	0.0909
NC_060948.1	13118421	0.0909
NC_060948.1	13118973	0.0909
NC_060948.1	13121127	0.0909
NC_060948.1	13123124	0.0909
NC_060948.1	13126247	0.0909
NC_060948.1	13131237	0.0909
NC_060948.1	13133385	0.1
NC_060948.1	13136964	0.0909
NC_060948.1	13138061	0.0909
NC_060948.1	13140615	0.0909
NC_060948.1	13140798	0.0909
NC_060948.1	13143451	0.0909
NC_060948.1	13145966	0.0909
NC_060948.1	13146250	0.1818
NC_060948.1	13147561	0.0909
NC_060948.1	13149613	0.0909
NC_060948.1	13149996	0.0909
NC_060948.1	13152333	0.0909
NC_060948.1	13153454	0.0909
NC_060948.1	13153912	0.0909
NC_060948.1	13156135	0.1818
NC_060948.1	13156203	0.1818
NC_060948.1	13157323	0.0909
NC_060948.1	13159601	0.0909
NC_060948.1	13161160	0.0909
NC_060948.1	13161843	0.0909
NC_060948.1	13163811	0.0909
NC_060948.1	13165938	0.1818
NC_060948.1	13167013	0.0909
NC_060948.1	13167937	0.0909
NC_060948.1	13168530	0.1818
NC_060948.1	13168753	0.1818
NC_060948.1	13168937	0.0909
NC_060948.1	13169240	0.0909
NC_060948.1	13170814	0.0909
NC_060948.1	13171336	0.0909
NC_060948.1	13171983	0.0909
NC_060948.1	13173390	0.0909
NC_060948.1	13174741	0.1818
NC_060948.1	13175388	0.0909
NC_060948.1	13176327	0.1818
NC_060948.1	13177521	0.0909
NC_060948.1	13177855	0.0909
NC_060948.1	13179084	0.0909
NC_060948.1	13179460	0.0909
NC_060948.1	13179520	0.0909
NC_060948.1	13179894	0.0909
NC_060948.1	13181064	0.0909
NC_060948.1	13181501	0.0909
NC_060948.1	13182503	0.0909
NC_060948.1	13183432	0.0909
NC_060948.1	13184810	0.0909
NC_060948.1	13186780	0.0909
NC_060948.1	13187894	0.0909
NC_060948.1	13192153	0.0909
NC_060948.1	13192501	0.0909
NC_060948.1	13192727	0.0909
NC_060948.1	13192928	0.0909
NC_060948.1	13193069	0.0909
NC_060948.1	13193164	0.0909
NC_060948.1	13193747	0.0909
NC_060948.1	13193857	0.1818
NC_060948.1	13193912	0.1818
NC_060948.1	13194061	0.0909
NC_060948.1	13198922	0.0909
NC_060948.1	13202301	0.0909
NC_060948.1	13202942	0.0909
NC_060948.1	13204876	0.1
NC_060948.1	13204882	0.0909
NC_060948.1	13204940	0.1818
NC_060948.1	13204980	0.0909
NC_060948.1	13205035	0.0909
NC_060948.1	13205314	0.0909
NC_060948.1	13205907	0.0909
NC_060948.1	13206984	0.0909
NC_060948.1	13207032	0.0909
NC_060948.1	13207051	0.0909
NC_060948.1	13209352	0.0909
NC_060948.1	13210174	0.0909
NC_060948.1	13210767	0.1818
NC_060948.1	13214365	0.0909
NC_060948.1	13215947	0.0909
NC_060948.1	13218163	0.0909
NC_060948.1	13219824	0.0909
NC_060948.1	13220970	0.0909
NC_060948.1	13221096	0.0909
NC_060948.1	13221109	0.0909
NC_060948.1	13222506	0.0909
NC_060948.1	13222514	0.0909
NC_060948.1	13222516	0.1818
NC_060948.1	13222542	0.0909
NC_060948.1	13223388	0.1818
NC_060948.1	13223635	0.1818
NC_060948.1	13225753	0.0909
NC_060948.1	13226528	0.1818
NC_060948.1	13227478	0.0909
NC_060948.1	13227767	0.0909
NC_060948.1	13229951	0.0909
NC_060948.1	13229961	0.0909
NC_060948.1	13229964	0.0909
NC_060948.1	13230726	0.0909
NC_060948.1	13232301	0.0909
NC_060948.1	13233275	0.0909
NC_060948.1	13233964	0.0909
NC_060948.1	13234815	0.0909
NC_060948.1	13235116	0.0909
NC_060948.1	13237835	0.0909
NC_060948.1	13238953	0.0909
NC_060948.1	13243501	0.0909
NC_060948.1	13245136	0.0909
NC_060948.1	13247400	0.0909
NC_060948.1	13248411	0.0833
NC_060948.1	13253311	0.0833
NC_060948.1	13254342	0.0833
NC_060948.1	13255697	0.0833
NC_060948.1	13256073	0.0833
NC_060948.1	13257482	0.0833
NC_060948.1	13259615	0.1667
NC_060948.1	13259672	0.1667
NC_060948.1	13259737	0.0833
NC_060948.1	13260114	0.0833
NC_060948.1	13261060	0.0833
NC_060948.1	13263252	0.0833
NC_060948.1	13263983	0.0833
NC_060948.1	13271598	0.1667
NC_060948.1	13272726	0.0909
NC_060948.1	13273370	0.0909
NC_060948.1	13280076	0.2
NC_060948.1	13282721	0.0909
NC_060948.1	13283000	0.0909
NC_060948.1	13284097	0.0909
NC_060948.1	13284514	0.0909
NC_060948.1	13284842	0.0909
NC_060948.1	13284848	0.0909
NC_060948.1	13284863	0.1818
NC_060948.1	13284865	0.2727
NC_060948.1	13285068	0.0909
NC_060948.1	13286890	0.0909
NC_060948.1	13289501	0.0909
NC_060948.1	13291867	0.0909
NC_060948.1	13292897	0.0909
NC_060948.1	13293045	0.0909
NC_060948.1	13293212	0.1818
NC_060948.1	13293221	0.1818
NC_060948.1	13294811	0.0909
NC_060948.1	13295938	0.0909
NC_060948.1	13298097	0.1818
NC_060948.1	13304230	0.0909
NC_060948.1	13305218	0.0909
NC_060948.1	13307026	0.0909
NC_060948.1	13309467	0.0909
NC_060948.1	13312414	0.0833
NC_060948.1	13312607	0.0833
NC_060948.1	13315386	0.0833
NC_060948.1	13315704	0.0833
NC_060948.1	13316291	0.0833
NC_060948.1	13317284	0.0833
NC_060948.1	13318654	0.0833
NC_060948.1	13319217	0.0833
NC_060948.1	13321474	0.0833
NC_060948.1	13321760	0.0833
NC_060948.1	13331210	0.0833
NC_060948.1	13335526	0.0833
NC_060948.1	13337000	0.0833
NC_060948.1	13337586	0.0833
NC_060948.1	13339956	0.0833
NC_060948.1	13340931	0.0833
NC_060948.1	13346561	0.0833
NC_060948.1	13347319	0.0833
NC_060948.1	13352677	0.1667
NC_060948.1	13353805	0.0833
NC_060948.1	13357586	0.0833
NC_060948.1	13358147	0.1
NC_060948.1	13358929	0.0833
NC_060948.1	13361125	0.1667
NC_060948.1	13368932	0.0833
NC_060948.1	13372859	0.0833
NC_060948.1	13374341	0.0833
NC_060948.1	13374741	0.0833
NC_060948.1	13376826	0.0833
NC_060948.1	13381734	0.1667
NC_060948.1	13383473	0.0833
NC_060948.1	13384187	0.1667
NC_060948.1	13384995	0.0833
NC_060948.1	13391491	0.0833
NC_060948.1	13391684	0.0833
NC_060948.1	13394488	0.0833
NC_060948.1	13394620	0.0833
NC_060948.1	13397718	0.0833
NC_060948.1	13398691	0.0833
NC_060948.1	13399111	0.25
NC_060948.1	13401571	0.0833
NC_060948.1	13405535	0.0833
NC_060948.1	13405634	0.25
NC_060948.1	13405636	0.25
NC_060948.1	13406262	0.0833
NC_060948.1	13407171	0.0833
NC_060948.1	13407883	0.0833
NC_060948.1	13408203	0.0833
NC_060948.1	13409314	0.0833
NC_060948.1	13410330	0.0833
NC_060948.1	13411191	0.1667
NC_060948.1	13412272	0.0833
NC_060948.1	13414152	0.0833
NC_060948.1	13415337	0.0833
NC_060948.1	13417694	0.0833
NC_060948.1	13419128	0.0833
NC_060948.1	13420063	0.1667
NC_060948.1	13420469	0.0833
NC_060948.1	13424758	0.0833
NC_060948.1	13427165	0.0833
NC_060948.1	13429301	0.0833
NC_060948.1	13431150	0.0833
NC_060948.1	13431525	0.0833
NC_060948.1	13431966	0.0833
NC_060948.1	13432410	0.0833
NC_060948.1	13433232	0.0833
NC_060948.1	13436727	0.0833
NC_060948.1	13437073	0.0833
NC_060948.1	13438079	0.0833
NC_060948.1	13443030	0.0833
NC_060948.1	13457800	0.1667
NC_060948.1	13459230	0.0833
NC_060948.1	13460508	0.0833
NC_060948.1	13460957	0.0833
NC_060948.1	13462222	0.0833
NC_060948.1	13462783	0.0833
NC_060948.1	13464123	0.0833
NC_060948.1	13464763	0.0833
NC_060948.1	13465117	0.0909
NC_060948.1	13467867	0.0909
NC_060948.1	13470052	0.0909
NC_060948.1	13471723	0.0909
NC_060948.1	13472503	0.0909
NC_060948.1	13473727	0.0909
NC_060948.1	13475238	0.0909
NC_060948.1	13476577	0.1818
NC_060948.1	13479326	0.0909
NC_060948.1	13479430	0.0909
NC_060948.1	13481716	0.0909
NC_060948.1	13481834	0.0909
NC_060948.1	13483771	0.0909
NC_060948.1	13483818	0.0909
NC_060948.1	13487980	0.0909
NC_060948.1	13488011	0.0909
NC_060948.1	13489889	0.0909
NC_060948.1	13494514	0.0909
NC_060948.1	13499155	0.0909
NC_060948.1	13500082	0.0909
NC_060948.1	13501034	0.0909
NC_060948.1	13501521	0.1818
NC_060948.1	13505175	0.0833
NC_060948.1	13506142	0.0833
NC_060948.1	13506146	0.1667
NC_060948.1	13506415	0.0833
NC_060948.1	13509567	0.0833
NC_060948.1	13509750	0.0833
NC_060948.1	13510812	0.1667
NC_060948.1	13510813	0.0833
NC_060948.1	13511838	0.1667
NC_060948.1	13512574	0.0833
NC_060948.1	13512902	0.0833
NC_060948.1	13513430	0.25
NC_060948.1	13513701	0.0833
NC_060948.1	13514278	0.0833
NC_060948.1	13516681	0.0833
NC_060948.1	13519677	0.0833
NC_060948.1	13520260	0.0833
NC_060948.1	13520517	0.0833
NC_060948.1	13521700	0.0833
NC_060948.1	13522170	0.1667
NC_060948.1	13522213	0.0833
NC_060948.1	13522794	0.1667
NC_060948.1	13528796	0.1667
NC_060948.1	13530774	0.0833
NC_060948.1	13532553	0.0833
NC_060948.1	13533437	0.0833
NC_060948.1	13538253	0.0833
NC_060948.1	13539644	0.0833
NC_060948.1	13546560	0.0833
NC_060948.1	13548326	0.0833
NC_060948.1	13551773	0.0833
NC_060948.1	13554320	0.0833
NC_060948.1	13557997	0.0833
NC_060948.1	13560362	0.0833
NC_060948.1	13564331	0.0833
NC_060948.1	13564572	0.0833
NC_060948.1	13566355	0.0833
NC_060948.1	13570684	0.0833
NC_060948.1	13570710	0.0833
NC_060948.1	13571448	0.1667
NC_060948.1	13573479	0.0833
NC_060948.1	13573704	0.0833
NC_060948.1	13574442	0.0833
NC_060948.1	13576761	0.0833
NC_060948.1	13578240	0.1667
NC_060948.1	13581914	0.0833
NC_060948.1	13583340	0.0833
NC_060948.1	13584136	0.0833
NC_060948.1	13584172	0.1667
NC_060948.1	13588762	0.0833
NC_060948.1	13589771	0.0833
NC_060948.1	13590377	0.0833
NC_060948.1	13590980	0.0833
NC_060948.1	13591081	0.0833
NC_060948.1	13593749	0.0833
NC_060948.1	13596623	0.0833
NC_060948.1	13597415	0.0833
NC_060948.1	13600421	0.1667
NC_060948.1	13602706	0.0833
NC_060948.1	13606854	0.0833
NC_060948.1	13607112	0.1667
NC_060948.1	13607818	0.0833
NC_060948.1	13610335	0.0833
NC_060948.1	13611234	0.0833
NC_060948.1	13613883	0.0833
NC_060948.1	13615931	0.0833
NC_060948.1	13616727	0.0833
NC_060948.1	13617132	0.0833
NC_060948.1	13618192	0.0833
NC_060948.1	13620724	0.1667
NC_060948.1	13621821	0.0833
NC_060948.1	13622064	0.1667
NC_060948.1	13622066	0.0833
NC_060948.1	13622258	0.0833
NC_060948.1	13623205	0.0833
NC_060948.1	13625541	0.1667
NC_060948.1	13628965	0.0833
NC_060948.1	13632796	0.0833
NC_060948.1	13635720	0.0833
NC_060948.1	13636130	0.1667
NC_060948.1	13636457	0.0833
NC_060948.1	13637489	0.0833
NC_060948.1	13638567	0.0833
NC_060948.1	13641139	0.0833
NC_060948.1	13641433	0.0833
NC_060948.1	13641719	0.0833
NC_060948.1	13643047	0.0833
NC_060948.1	13646922	0.0833
NC_060948.1	13647075	0.0833
NC_060948.1	13647278	0.0833
NC_060948.1	13647897	0.0833
NC_060948.1	13652288	0.0833
NC_060948.1	13654513	0.0833
NC_060948.1	13658845	0.0833
NC_060948.1	13659286	0.0833
NC_060948.1	13659850	0.0833
NC_060948.1	13660534	0.0833
NC_060948.1	13660555	0.0833
NC_060948.1	13661820	0.1667
NC_060948.1	13663786	0.1667
NC_060948.1	13665423	0.1667
NC_060948.1	13665694	0.0833
NC_060948.1	13666581	0.1667
NC_060948.1	13667511	0.0833
NC_060948.1	13669787	0.0833
NC_060948.1	13672247	0.0833
NC_060948.1	13673355	0.0833
NC_060948.1	13673808	0.0833
NC_060948.1	13675640	0.0833
NC_060948.1	13677549	0.0833
NC_060948.1	13681712	0.25
NC_060948.1	13682617	0.0833
NC_060948.1	13687186	0.0833
NC_060948.1	13690237	0.0833
NC_060948.1	13692088	0.0833
NC_060948.1	13694438	0.0833
NC_060948.1	13696735	0.1667
NC_060948.1	13700755	0.0833
NC_060948.1	13701491	0.0833
NC_060948.1	13702358	0.0833
NC_060948.1	13707170	0.0833
NC_060948.1	13714004	0.0833
NC_060948.1	13718927	0.0833
NC_060948.1	13720987	0.1667
NC_060948.1	13721382	0.1667
NC_060948.1	13722764	0.0833
NC_060948.1	13722793	0.1667
NC_060948.1	13725492	0.1667
NC_060948.1	13730016	0.0833
NC_060948.1	13732031	0.0833
NC_060948.1	13732815	0.25
NC_060948.1	13734230	0.0833
NC_060948.1	13734244	0.0833
NC_060948.1	13736092	0.0833
NC_060948.1	13738339	0.0833
NC_060948.1	13738939	0.1667
NC_060948.1	13739640	0.0833
NC_060948.1	13740436	0.0833
NC_060948.1	13745874	0.0833
NC_060948.1	13750395	0.1667
NC_060948.1	13751040	0.0833
NC_060948.1	13752466	0.0833
NC_060948.1	13753174	0.0833
NC_060948.1	13756706	0.0833
NC_060948.1	13756773	0.0833
NC_060948.1	13762102	0.0833
NC_060948.1	13764041	0.0833
NC_060948.1	13766942	0.0833
NC_060948.1	13769016	0.0833
NC_060948.1	13773431	0.0833
NC_060948.1	13776416	0.0833
NC_060948.1	13776519	0.0833
NC_060948.1	13778099	0.0833
NC_060948.1	13779451	0.0833
NC_060948.1	13779953	0.0833
NC_060948.1	13787381	0.1667
NC_060948.1	13787683	0.1667
NC_060948.1	13787689	0.0833
NC_060948.1	13788947	0.0833
NC_060948.1	13788984	0.0833
NC_060948.1	13792363	0.0833
NC_060948.1	13793320	0.0833
NC_060948.1	13794269	0.1667
NC_060948.1	13796498	0.0833
NC_060948.1	13796812	0.0833
NC_060948.1	13796813	0.0833
NC_060948.1	13800086	0.0833
NC_060948.1	13804514	0.1667
NC_060948.1	13804787	0.0833
NC_060948.1	13808278	0.0833
NC_060948.1	13810335	0.0833
NC_060948.1	13812395	0.0833
NC_060948.1	13813865	0.0833
NC_060948.1	13815452	0.0833
NC_060948.1	13816938	0.0833
NC_060948.1	13817464	0.0833
NC_060948.1	13817490	0.0833
NC_060948.1	13817882	0.0833
NC_060948.1	13818730	0.0833
NC_060948.1	13818825	0.0833
NC_060948.1	13822783	0.0833
NC_060948.1	13822992	0.0833
NC_060948.1	13824222	0.0833
NC_060948.1	13824535	0.1667
NC_060948.1	13829254	0.0833
NC_060948.1	13831561	0.0833
NC_060948.1	13833792	0.0833
NC_060948.1	13836884	0.0833
NC_060948.1	13837522	0.0833
NC_060948.1	13837643	0.0833
NC_060948.1	13840183	0.0909
NC_060948.1	13840510	0.1818
NC_060948.1	13843871	0.0909
NC_060948.1	13845064	0.0833
NC_060948.1	13846172	0.0833
NC_060948.1	13846179	0.0833
NC_060948.1	13847446	0.0833
NC_060948.1	13848472	0.0833
NC_060948.1	13848704	0.0833
NC_060948.1	13849909	0.0833
NC_060948.1	13850038	0.0833
NC_060948.1	13850587	0.25
NC_060948.1	13851441	0.0833
NC_060948.1	13854297	0.0833
NC_060948.1	13854617	0.0833
NC_060948.1	13856387	0.0833
NC_060948.1	13858750	0.1667
NC_060948.1	13860060	0.0833
NC_060948.1	13860156	0.0833
NC_060948.1	13861081	0.0833
NC_060948.1	13861095	0.1667
NC_060948.1	13863459	0.0833
NC_060948.1	13864886	0.0833
NC_060948.1	13870588	0.0833
NC_060948.1	13873611	0.0833
NC_060948.1	13874690	0.0833
NC_060948.1	13874829	0.0833
NC_060948.1	13876370	0.0833
NC_060948.1	13876664	0.0833
NC_060948.1	13880174	0.1667
NC_060948.1	13881345	0.0833
NC_060948.1	13881886	0.0833
NC_060948.1	13884415	0.0833
NC_060948.1	13885739	0.0833
NC_060948.1	13891447	0.1667
NC_060948.1	13891454	0.0833
NC_060948.1	13891703	0.0833
NC_060948.1	13892394	0.0833
NC_060948.1	13893401	0.0833
NC_060948.1	13893431	0.1667
NC_060948.1	13894508	0.0833
NC_060948.1	13894784	0.1667
NC_060948.1	13895652	0.1667
NC_060948.1	13896314	0.1667
NC_060948.1	13898311	0.1667
NC_060948.1	13898315	0.0833
NC_060948.1	13898321	0.0833
NC_060948.1	13898322	0.0833
NC_060948.1	13898523	0.0833
NC_060948.1	13899440	0.1667
NC_060948.1	13902708	0.0833
NC_060948.1	13904130	0.1667
NC_060948.1	13905821	0.1667
NC_060948.1	13907505	0.0833
NC_060948.1	13908227	0.0833
NC_060948.1	13908837	0.1667
NC_060948.1	13909895	0.0833
NC_060948.1	13911971	0.0833
NC_060948.1	13915189	0.1667
NC_060948.1	13915299	0.0833
NC_060948.1	13920702	0.0833
NC_060948.1	13927016	0.0833
NC_060948.1	13928551	0.0833
NC_060948.1	13931677	0.0833
NC_060948.1	13934221	0.0833
NC_060948.1	13934453	0.0833
NC_060948.1	13935321	0.0833
NC_060948.1	13935540	0.0833
NC_060948.1	13937314	0.0833
NC_060948.1	13937509	0.0833
NC_060948.1	13938687	0.0833
NC_060948.1	13941128	0.0833
NC_060948.1	13942042	0.0833
NC_060948.1	13943689	0.0833
NC_060948.1	13943691	0.0833
NC_060948.1	13945663	0.0833
NC_060948.1	13946655	0.1667
NC_060948.1	13947217	0.0833
NC_060948.1	13947358	0.0833
NC_060948.1	13948462	0.0833
NC_060948.1	13950382	0.0833
NC_060948.1	13952857	0.0833
NC_060948.1	13960749	0.1667
NC_060948.1	13962481	0.0833
NC_060948.1	13962883	0.0833
NC_060948.1	13968550	0.0833
NC_060948.1	13968873	0.0833
NC_060948.1	13973215	0.0833
NC_060948.1	13974483	0.0833
NC_060948.1	13974508	0.0833
NC_060948.1	13974764	0.0833
NC_060948.1	13975976	0.0833
NC_060948.1	13976384	0.0833
NC_060948.1	13979504	0.0833
NC_060948.1	13980743	0.0833
NC_060948.1	13983194	0.0833
NC_060948.1	13998966	0.0909
NC_060948.1	14000034	0.0909
NC_060948.1	14002378	0.0909
NC_060948.1	14003743	0.0909
NC_060948.1	14004244	0.1818
NC_060948.1	14004915	0.0909
NC_060948.1	14007648	0.0909
NC_060948.1	14007649	0.1818
NC_060948.1	14007685	0.0909
NC_060948.1	14007750	0.0909
NC_060948.1	14009082	0.0909
NC_060948.1	14013722	0.0909
NC_060948.1	14015150	0.0909
NC_060948.1	14015480	0.0909
NC_060948.1	14015567	0.1818
NC_060948.1	14016140	0.0909
NC_060948.1	14017196	0.0909
NC_060948.1	14019444	0.0909
NC_060948.1	14021878	0.1818
NC_060948.1	14021909	0.2727
NC_060948.1	14021949	0.1818
NC_060948.1	14022011	0.0909
NC_060948.1	14022032	0.0909
NC_060948.1	14022223	0.0909
NC_060948.1	14022250	0.1818
NC_060948.1	14022270	0.1818
NC_060948.1	14022272	0.1818
NC_060948.1	14022607	0.1
NC_060948.1	14022610	0.2727
NC_060948.1	14022634	0.1818
NC_060948.1	14022642	0.1818
NC_060948.1	14022644	0.0909
NC_060948.1	14022670	0.1818
NC_060948.1	14022685	0.1818
NC_060948.1	14022688	0.2727
NC_060948.1	14022692	0.2727
NC_060948.1	14022695	0.2727
NC_060948.1	14022700	0.2727
NC_060948.1	14022727	0.2727
NC_060948.1	14022733	0.2727
NC_060948.1	14022737	0.2727
NC_060948.1	14022746	0.2727
NC_060948.1	14022751	0.2727
NC_060948.1	14022811	0.1818
NC_060948.1	14023048	0.2727
NC_060948.1	14023113	0.1818
NC_060948.1	14023199	0.1818
NC_060948.1	14023200	0.1818
NC_060948.1	14023207	0.1818
NC_060948.1	14023213	0.1818
NC_060948.1	14023544	0.1818
NC_060948.1	14023573	0.1818
NC_060948.1	14023611	0.0909
NC_060948.1	14023612	0.1818
NC_060948.1	14023753	0.0909
NC_060948.1	14023763	0.1818
NC_060948.1	14023855	0.1818
NC_060948.1	14023944	0.1818
NC_060948.1	14023960	0.0909
NC_060948.1	14023966	0.0909
NC_060948.1	14024002	0.0909
NC_060948.1	14024086	0.0909
NC_060948.1	14024141	0.1818
NC_060948.1	14024172	0.1818
NC_060948.1	14024185	0.1818
NC_060948.1	14024187	0.1818
NC_060948.1	14024194	0.1818
NC_060948.1	14024223	0.0909
NC_060948.1	14024243	0.0909
NC_060948.1	14024265	0.0909
NC_060948.1	14024277	0.0909
NC_060948.1	14024303	0.1818
NC_060948.1	14024304	0.0909
NC_060948.1	14024312	0.0909
NC_060948.1	14024357	0.1818
NC_060948.1	14024410	0.0909
NC_060948.1	14024417	0.0909
NC_060948.1	14024487	0.0909
NC_060948.1	14024488	0.0909
NC_060948.1	14024507	0.0909
NC_060948.1	14024529	0.0909
NC_060948.1	14024543	0.0909
NC_060948.1	14024548	0.0909
NC_060948.1	14024551	0.0909
NC_060948.1	14024573	0.0909
NC_060948.1	14024591	0.0909
NC_060948.1	14024608	0.0909
NC_060948.1	14024632	0.0909
NC_060948.1	14024645	0.0909
NC_060948.1	14024648	0.0909
NC_060948.1	14024650	0.0909
NC_060948.1	14024672	0.0909
NC_060948.1	14024699	0.0909
NC_060948.1	14024725	0.0909
NC_060948.1	14024733	0.0909
NC_060948.1	14024746	0.0909
NC_060948.1	14024759	0.1818
NC_060948.1	14024782	0.0909
NC_060948.1	14024783	0.0909
NC_060948.1	14024787	0.0909
NC_060948.1	14024791	0.0909
NC_060948.1	14024793	0.1818
NC_060948.1	14024799	0.0909
NC_060948.1	14024823	0.0909
NC_060948.1	14024833	0.1818
NC_060948.1	14024836	0.2727
NC_060948.1	14024946	0.1818
NC_060948.1	14024954	0.0909
NC_060948.1	14024963	0.0909
NC_060948.1	14024975	0.0909
NC_060948.1	14025010	0.1818
NC_060948.1	14025027	0.0909
NC_060948.1	14025034	0.0909
NC_060948.1	14025043	0.1818
NC_060948.1	14025087	0.0909
NC_060948.1	14025094	0.0909
NC_060948.1	14025098	0.0909
NC_060948.1	14025123	0.0909
NC_060948.1	14025138	0.0909
NC_060948.1	14025146	0.1818
NC_060948.1	14025176	0.1818
NC_060948.1	14025177	0.0909
NC_060948.1	14025178	0.1818
NC_060948.1	14025179	0.0909
NC_060948.1	14025191	0.0909
NC_060948.1	14025193	0.0909
NC_060948.1	14025197	0.0909
NC_060948.1	14025200	0.0909
NC_060948.1	14025206	0.0909
NC_060948.1	14025208	0.0909
NC_060948.1	14025213	0.0909
NC_060948.1	14025226	0.0909
NC_060948.1	14025254	0.0909
NC_060948.1	14025256	0.0909
NC_060948.1	14025267	0.0909
NC_060948.1	14025268	0.0909
NC_060948.1	14025270	0.0909
NC_060948.1	14025323	0.0909
NC_060948.1	14025327	0.0909
NC_060948.1	14025330	0.0909
NC_060948.1	14025342	0.1818
NC_060948.1	14025345	0.0909
NC_060948.1	14025353	0.0909
NC_060948.1	14025364	0.0909
NC_060948.1	14025381	0.0909
NC_060948.1	14025382	0.0909
NC_060948.1	14025385	0.0909
NC_060948.1	14025387	0.0909
NC_060948.1	14025400	0.0909
NC_060948.1	14025401	0.0909
NC_060948.1	14025409	0.0909
NC_060948.1	14025415	0.0909
NC_060948.1	14025417	0.0909
NC_060948.1	14025422	0.1818
NC_060948.1	14025424	0.1818
NC_060948.1	14025458	0.0909
NC_060948.1	14025459	0.0909
NC_060948.1	14025471	0.0909
NC_060948.1	14025477	0.0909
NC_060948.1	14025479	0.1818
NC_060948.1	14025490	0.0909
NC_060948.1	14025502	0.0909
NC_060948.1	14025504	0.0909
NC_060948.1	14025506	0.0909
NC_060948.1	14025514	0.0909
NC_060948.1	14025515	0.0909
NC_060948.1	14025517	0.0909
NC_060948.1	14025527	0.0909
NC_060948.1	14025529	0.0909
NC_060948.1	14025537	0.1818
NC_060948.1	14025539	0.0909
NC_060948.1	14025540	0.0909
NC_060948.1	14025551	0.0909
NC_060948.1	14025552	0.0909
NC_060948.1	14025553	0.0909
NC_060948.1	14025644	0.0909
NC_060948.1	14025664	0.1818
NC_060948.1	14025675	0.0909
NC_060948.1	14025680	0.0909
NC_060948.1	14025687	0.0909
NC_060948.1	14025689	0.0909
NC_060948.1	14025690	0.0909
NC_060948.1	14025696	0.1818
NC_060948.1	14025699	0.0909
NC_060948.1	14025724	0.0909
NC_060948.1	14025737	0.0909
NC_060948.1	14025751	0.0909
NC_060948.1	14025788	0.0909
NC_060948.1	14025793	0.1818
NC_060948.1	14025804	0.1818
NC_060948.1	14025807	0.0909
NC_060948.1	14025840	0.1818
NC_060948.1	14025859	0.0909
NC_060948.1	14025900	0.0909
NC_060948.1	14025904	0.0909
NC_060948.1	14025926	0.0909
NC_060948.1	14026001	0.0909
NC_060948.1	14026006	0.0909
NC_060948.1	14026050	0.0909
NC_060948.1	14026057	0.0909
NC_060948.1	14026070	0.0909
NC_060948.1	14026078	0.0909
NC_060948.1	14026079	0.0909
NC_060948.1	14026080	0.0909
NC_060948.1	14026081	0.0909
NC_060948.1	14026085	0.0909
NC_060948.1	14026093	0.0909
NC_060948.1	14026106	0.0909
NC_060948.1	14026107	0.0909
NC_060948.1	14026112	0.0909
NC_060948.1	14026116	0.0909
NC_060948.1	14026120	0.0909
NC_060948.1	14026121	0.0909
NC_060948.1	14026122	0.0909
NC_060948.1	14026134	0.0909
NC_060948.1	14026135	0.0909
NC_060948.1	14026148	0.0909
NC_060948.1	14026165	0.0909
NC_060948.1	14026192	0.0909
NC_060948.1	14026194	0.1818
NC_060948.1	14026196	0.1818
NC_060948.1	14026197	0.1818
NC_060948.1	14026199	0.0909
NC_060948.1	14026204	0.0909
NC_060948.1	14026211	0.0909
NC_060948.1	14026222	0.0909
NC_060948.1	14026234	0.0909
NC_060948.1	14026235	0.2
NC_060948.1	14026241	0.0909
NC_060948.1	14026243	0.0909
NC_060948.1	14026246	0.0909
NC_060948.1	14026248	0.1818
NC_060948.1	14026254	0.0909
NC_060948.1	14026261	0.0909
NC_060948.1	14026305	0.0909
NC_060948.1	14026312	0.0909
NC_060948.1	14026313	0.0909
NC_060948.1	14026333	0.0909
NC_060948.1	14026354	0.125
NC_060948.1	14026365	0.0909
NC_060948.1	14026373	0.0909
NC_060948.1	14026413	0.0909
NC_060948.1	14026425	0.0909
NC_060948.1	14026428	0.0909
NC_060948.1	14026494	0.0909
NC_060948.1	14026495	0.1818
NC_060948.1	14026564	0.1818
NC_060948.1	14026601	0.0909
NC_060948.1	14026602	0.0909
NC_060948.1	14026611	0.0909
NC_060948.1	14026618	0.0909
NC_060948.1	14026619	0.0909
NC_060948.1	14026623	0.0909
NC_060948.1	14026630	0.0909
NC_060948.1	14026631	0.0909
NC_060948.1	14026653	0.0909
NC_060948.1	14026655	0.0909
NC_060948.1	14026665	0.0909
NC_060948.1	14026666	0.0909
NC_060948.1	14026678	0.0909
NC_060948.1	14026679	0.0909
NC_060948.1	14026686	0.0909
NC_060948.1	14026688	0.0909
NC_060948.1	14026690	0.0909
NC_060948.1	14026697	0.0909
NC_060948.1	14026706	0.0909
NC_060948.1	14026711	0.1818
NC_060948.1	14026713	0.0909
NC_060948.1	14026716	0.0909
NC_060948.1	14026719	0.0909
NC_060948.1	14026723	0.0909
NC_060948.1	14026725	0.1818
NC_060948.1	14026726	0.1818
NC_060948.1	14026727	0.1818
NC_060948.1	14026729	0.1818
NC_060948.1	14026730	0.1818
NC_060948.1	14026734	0.0909
NC_060948.1	14026752	0.0909
NC_060948.1	14026768	0.0909
NC_060948.1	14026777	0.0909
NC_060948.1	14026778	0.0909
NC_060948.1	14026815	0.0909
NC_060948.1	14026819	0.0909
NC_060948.1	14026826	0.0909
NC_060948.1	14026827	0.0909
NC_060948.1	14026886	0.0909
NC_060948.1	14026887	0.0909
NC_060948.1	14026900	0.0909
NC_060948.1	14026914	0.1818
NC_060948.1	14026952	0.0909
NC_060948.1	14026954	0.0909
NC_060948.1	14026985	0.0909
NC_060948.1	14027005	0.0909
NC_060948.1	14027008	0.0909
NC_060948.1	14027025	0.0909
NC_060948.1	14027032	0.0909
NC_060948.1	14027047	0.0909
NC_060948.1	14027048	0.0909
NC_060948.1	14027053	0.0909
NC_060948.1	14027062	0.0909
NC_060948.1	14027076	0.0909
NC_060948.1	14027084	0.0909
NC_060948.1	14027089	0.1818
NC_060948.1	14027108	0.0909
NC_060948.1	14027122	0.0909
NC_060948.1	14027143	0.0909
NC_060948.1	14027895	0.0909
NC_060948.1	14029624	0.1818
NC_060948.1	14031957	0.0909
NC_060948.1	14032028	0.0909
NC_060948.1	14033305	0.0909
NC_060948.1	14033975	0.0909
NC_060948.1	14037734	0.0909
NC_060948.1	14037914	0.0909
NC_060948.1	14038596	0.1818
NC_060948.1	14038619	0.0909
NC_060948.1	14040574	0.0909
NC_060948.1	14040626	0.1818
NC_060948.1	14040762	0.1818
NC_060948.1	14041357	0.0909
NC_060948.1	14042582	0.1818
NC_060948.1	14042680	0.0909
NC_060948.1	14042930	0.0909
NC_060948.1	14043877	0.0909
NC_060948.1	14051631	0.0909
NC_060948.1	14051795	0.0909
NC_060948.1	14053375	0.0909
NC_060948.1	14053610	0.0909
NC_060948.1	14054527	0.0909
NC_060948.1	14055367	0.0909
NC_060948.1	14056047	0.1818
NC_060948.1	14062675	0.0909
NC_060948.1	14066787	0.1818
NC_060948.1	14067119	0.0909
NC_060948.1	14072259	0.1818
NC_060948.1	14072922	0.1818
NC_060948.1	14073362	0.0909
NC_060948.1	14073564	0.1818
NC_060948.1	14073584	0.0909
NC_060948.1	14073594	0.0909
NC_060948.1	14073604	0.0909
NC_060948.1	14073619	0.2
NC_060948.1	14073624	0.2727
NC_060948.1	14073649	0.0909
NC_060948.1	14074672	0.0909
NC_060948.1	14075943	0.0909
NC_060948.1	14076499	0.0909
NC_060948.1	14081055	0.0909
NC_060948.1	14081270	0.1818
NC_060948.1	14081288	0.0909
NC_060948.1	14084674	0.0909
NC_060948.1	14087111	0.1818
NC_060948.1	14088685	0.0909
NC_060948.1	14090752	0.0909
NC_060948.1	14090850	0.0909
NC_060948.1	14090933	0.1818
NC_060948.1	14091111	0.0909
NC_060948.1	14092503	0.0909
NC_060948.1	14092936	0.0909
NC_060948.1	14094543	0.0833
NC_060948.1	14099461	0.0833
NC_060948.1	14101394	0.1667
NC_060948.1	14101820	0.0833
NC_060948.1	14101897	0.0833
NC_060948.1	14104013	0.0833
NC_060948.1	14104199	0.0833
NC_060948.1	14106829	0.0833
NC_060948.1	14108734	0.0833
NC_060948.1	14114231	0.0833
NC_060948.1	14115665	0.0833
NC_060948.1	14116153	0.2727
NC_060948.1	14116158	0.0833
NC_060948.1	14116701	0.0833
NC_060948.1	14117979	0.0833
NC_060948.1	14118282	0.25
NC_060948.1	14122086	0.0833
NC_060948.1	14123047	0.0833
NC_060948.1	14123402	0.1667
NC_060948.1	14123536	0.0833
NC_060948.1	14124172	0.0833
NC_060948.1	14124824	0.0833
NC_060948.1	14127291	0.0833
NC_060948.1	14127973	0.0833
NC_060948.1	14130009	0.0833
NC_060948.1	14130900	0.0833
NC_060948.1	14133264	0.0833
NC_060948.1	14133447	0.0833
NC_060948.1	14133875	0.1667
NC_060948.1	14135816	0.0833
NC_060948.1	14139541	0.0833
NC_060948.1	14139812	0.0833
NC_060948.1	14141838	0.0833
NC_060948.1	14144165	0.0833
NC_060948.1	14144655	0.0833
NC_060948.1	14149363	0.0833
NC_060948.1	14149725	0.1667
NC_060948.1	14150797	0.0833
NC_060948.1	14151519	0.0833
NC_060948.1	14151617	0.0833
NC_060948.1	14154539	0.0833
NC_060948.1	14160732	0.1667
NC_060948.1	14161905	0.0833
NC_060948.1	14164529	0.1667
NC_060948.1	14171265	0.1667
NC_060948.1	14171945	0.0833
NC_060948.1	14172247	0.0833
NC_060948.1	14173436	0.0833
NC_060948.1	14176612	0.0833
NC_060948.1	14177046	0.0833
NC_060948.1	14177149	0.0833
NC_060948.1	14178669	0.1667
NC_060948.1	14181495	0.0833
NC_060948.1	14186130	0.0833
NC_060948.1	14186758	0.0909
NC_060948.1	14189220	0.1667
NC_060948.1	14189467	0.0833
NC_060948.1	14202429	0.0833
NC_060948.1	14203007	0.0833
NC_060948.1	14203831	0.0833
NC_060948.1	14204099	0.0833
NC_060948.1	14207672	0.0833
NC_060948.1	14213591	0.0833
NC_060948.1	14214364	0.1667
NC_060948.1	14215896	0.1667
NC_060948.1	14216067	0.0833
NC_060948.1	14216254	0.0833
NC_060948.1	14216853	0.0833
NC_060948.1	14217787	0.1667
NC_060948.1	14217969	0.0833
NC_060948.1	14218130	0.0833
NC_060948.1	14218415	0.0833
NC_060948.1	14219162	0.0833
NC_060948.1	14221072	0.0833
NC_060948.1	14224127	0.0833
NC_060948.1	14229704	0.0833
NC_060948.1	14229875	0.1667
NC_060948.1	14231630	0.0833
NC_060948.1	14231976	0.0833
NC_060948.1	14232388	0.0833
NC_060948.1	14232711	0.0833
NC_060948.1	14234394	0.0833
NC_060948.1	14234950	0.0833
NC_060948.1	14235129	0.0833
NC_060948.1	14237794	0.0833
NC_060948.1	14238277	0.0833
NC_060948.1	14240589	0.0833
NC_060948.1	14244561	0.1667
NC_060948.1	14245181	0.0833
NC_060948.1	14245971	0.0833
NC_060948.1	14251573	0.0833
NC_060948.1	14254329	0.0833
NC_060948.1	14256385	0.0833
NC_060948.1	14257096	0.1667
NC_060948.1	14257884	0.0833
NC_060948.1	14259022	0.25
NC_060948.1	14260331	0.0833
NC_060948.1	14262648	0.0833
NC_060948.1	14264548	0.1667
NC_060948.1	14264608	0.0833
NC_060948.1	14266749	0.0833
NC_060948.1	14267410	0.0833
NC_060948.1	14267687	0.0833
NC_060948.1	14271148	0.0833
NC_060948.1	14272027	0.0833
NC_060948.1	14272129	0.1667
NC_060948.1	14272424	0.0833
NC_060948.1	14272572	0.0833
NC_060948.1	14275371	0.0833
NC_060948.1	14275758	0.1667
NC_060948.1	14281594	0.0833
NC_060948.1	14284138	0.1667
NC_060948.1	14284292	0.0833
NC_060948.1	14286729	0.0833
NC_060948.1	14286732	0.0833
NC_060948.1	14286733	0.0833
NC_060948.1	14286734	0.1667
NC_060948.1	14286762	0.1667
NC_060948.1	14286764	0.1667
NC_060948.1	14286766	0.1667
NC_060948.1	14286768	0.1667
NC_060948.1	14286803	0.1667
NC_060948.1	14290143	0.0833
NC_060948.1	14291587	0.0833
NC_060948.1	14292110	0.0833
NC_060948.1	14292669	0.0833
NC_060948.1	14293800	0.0833
NC_060948.1	14294053	0.0833
NC_060948.1	14294466	0.0833
NC_060948.1	14294740	0.0833
NC_060948.1	14298808	0.0833
NC_060948.1	14304722	0.0833
NC_060948.1	14304890	0.0833
NC_060948.1	14306304	0.0833
NC_060948.1	14306477	0.0833
NC_060948.1	14309377	0.0833
NC_060948.1	14312760	0.0833
NC_060948.1	14312779	0.0833
NC_060948.1	14313308	0.0833
NC_060948.1	14320575	0.1667
NC_060948.1	14321576	0.1667
NC_060948.1	14324066	0.1667
NC_060948.1	14324278	0.0833
NC_060948.1	14324701	0.0833
NC_060948.1	14324743	0.1667
NC_060948.1	14325523	0.1667
NC_060948.1	14327414	0.0833
NC_060948.1	14329352	0.0833
NC_060948.1	14331069	0.0833
NC_060948.1	14332667	0.0833
NC_060948.1	14335951	0.0833
NC_060948.1	14336158	0.1667
NC_060948.1	14337431	0.0833
NC_060948.1	14338700	0.0833
NC_060948.1	14340562	0.0833
NC_060948.1	14341429	0.0833
NC_060948.1	14347950	0.1667
NC_060948.1	14348380	0.0833
NC_060948.1	14349816	0.0833
NC_060948.1	14353304	0.0833
NC_060948.1	14353308	0.0833
NC_060948.1	14353570	0.0833
NC_060948.1	14353718	0.0833
NC_060948.1	14355092	0.0833
NC_060948.1	14357025	0.0833
NC_060948.1	14364509	0.0833
NC_060948.1	14364775	0.0833
NC_060948.1	14365922	0.1667
NC_060948.1	14370152	0.1667
NC_060948.1	14371584	0.0833
NC_060948.1	14372530	0.0833
NC_060948.1	14373210	0.0833
NC_060948.1	14376073	0.1667
NC_060948.1	14376112	0.0833
NC_060948.1	14376792	0.0833
NC_060948.1	14377418	0.0833
NC_060948.1	14378259	0.0833
NC_060948.1	14382116	0.0833
NC_060948.1	14385151	0.0833
NC_060948.1	14385483	0.0833
NC_060948.1	14386346	0.0833
NC_060948.1	14388747	0.0833
NC_060948.1	14389332	0.0833
NC_060948.1	14394181	0.1667
NC_060948.1	14394864	0.0833
NC_060948.1	14394903	0.0833
NC_060948.1	14396992	0.0833
NC_060948.1	14398420	0.0833
NC_060948.1	14400815	0.0833
NC_060948.1	14402673	0.25
NC_060948.1	14406610	0.0833
NC_060948.1	14409104	0.0833
NC_060948.1	14409734	0.0833
NC_060948.1	14410446	0.0833
NC_060948.1	14411805	0.0833
NC_060948.1	14412543	0.0833
NC_060948.1	14413934	0.0833
NC_060948.1	14414928	0.0833
NC_060948.1	14415417	0.0833
NC_060948.1	14416081	0.0833
NC_060948.1	14417126	0.0833
NC_060948.1	14417198	0.0833
NC_060948.1	14417419	0.0833
NC_060948.1	14418447	0.0833
NC_060948.1	14421746	0.0833
NC_060948.1	14422691	0.0833
NC_060948.1	14423530	0.1667
NC_060948.1	14423785	0.0833
NC_060948.1	14424435	0.0833
NC_060948.1	14428846	0.0833
NC_060948.1	14429261	0.0833
NC_060948.1	14432085	0.0833
NC_060948.1	14432362	0.1667
NC_060948.1	14433544	0.1667
NC_060948.1	14433847	0.0833
NC_060948.1	14433908	0.0833
NC_060948.1	14434180	0.1667
NC_060948.1	14434262	0.0833
NC_060948.1	14434998	0.0833
NC_060948.1	14435109	0.0833
NC_060948.1	14436321	0.0833
NC_060948.1	14436356	0.0833
NC_060948.1	14436663	0.1667
NC_060948.1	14436745	0.0833
NC_060948.1	14440211	0.0833
NC_060948.1	14442345	0.0833
NC_060948.1	14442493	0.0833
NC_060948.1	14443225	0.0833
NC_060948.1	14444052	0.1667
NC_060948.1	14446248	0.0833
NC_060948.1	14446469	0.0833
NC_060948.1	14449793	0.0833
NC_060948.1	14451325	0.0833
NC_060948.1	14451334	0.1667
NC_060948.1	14452939	0.0833
NC_060948.1	14452963	0.0833
NC_060948.1	14453060	0.0833
NC_060948.1	14457397	0.1667
NC_060948.1	14457758	0.1667
NC_060948.1	14460950	0.0833
NC_060948.1	14461972	0.0833
NC_060948.1	14461999	0.1667
NC_060948.1	14463861	0.0833
NC_060948.1	14465453	0.0833
NC_060948.1	14466487	0.0833
NC_060948.1	14466839	0.0833
NC_060948.1	14469469	0.0833
NC_060948.1	14469642	0.1667
NC_060948.1	14470046	0.0833
NC_060948.1	14470633	0.0833
NC_060948.1	14470942	0.0833
NC_060948.1	14472180	0.0833
NC_060948.1	14472284	0.1667
NC_060948.1	14475226	0.0833
NC_060948.1	14476515	0.0833
NC_060948.1	14476538	0.0833
NC_060948.1	14477457	0.0833
NC_060948.1	14478219	0.0909
NC_060948.1	14478342	0.0909
NC_060948.1	14479445	0.0909
NC_060948.1	14489047	0.0909
NC_060948.1	14501506	0.0833
NC_060948.1	14504817	0.0833
NC_060948.1	14506852	0.0833
NC_060948.1	14507561	0.0833
NC_060948.1	14511973	0.0833
NC_060948.1	14512745	0.0833
NC_060948.1	14517253	0.0909
NC_060948.1	14517867	0.0909
NC_060948.1	14520443	0.0909
NC_060948.1	14520863	0.0909
NC_060948.1	14521652	0.1818
NC_060948.1	14524560	0.0909
NC_060948.1	14525752	0.0909
NC_060948.1	14525761	0.1818
NC_060948.1	14525771	0.0909
NC_060948.1	14525772	0.1818
NC_060948.1	14525774	0.0909
NC_060948.1	14525784	0.0909
NC_060948.1	14525794	0.0909
NC_060948.1	14525813	0.0909
NC_060948.1	14525826	0.0909
NC_060948.1	14525827	0.0909
NC_060948.1	14525828	0.0909
NC_060948.1	14525834	0.0909
NC_060948.1	14525842	0.0909
NC_060948.1	14525846	0.0909
NC_060948.1	14525849	0.0909
NC_060948.1	14525853	0.0909
NC_060948.1	14525861	0.0909
NC_060948.1	14525862	0.0909
NC_060948.1	14525867	0.0909
NC_060948.1	14525872	0.1818
NC_060948.1	14525880	0.1818
NC_060948.1	14525881	0.0909
NC_060948.1	14525885	0.0909
NC_060948.1	14525890	0.1818
NC_060948.1	14525897	0.1818
NC_060948.1	14525901	0.1818
NC_060948.1	14525905	0.0909
NC_060948.1	14525911	0.0909
NC_060948.1	14525927	0.1818
NC_060948.1	14525928	0.1818
NC_060948.1	14525937	0.0909
NC_060948.1	14525944	0.0909
NC_060948.1	14525948	0.0909
NC_060948.1	14525949	0.0909
NC_060948.1	14525951	0.0909
NC_060948.1	14525954	0.0909
NC_060948.1	14525976	0.0909
NC_060948.1	14525980	0.1818
NC_060948.1	14526001	0.0909
NC_060948.1	14526011	0.0909
NC_060948.1	14526015	0.0909
NC_060948.1	14526022	0.0909
NC_060948.1	14526023	0.1818
NC_060948.1	14526036	0.0909
NC_060948.1	14526038	0.0909
NC_060948.1	14526041	0.1818
NC_060948.1	14526054	0.0909
NC_060948.1	14526057	0.0909
NC_060948.1	14526058	0.1818
NC_060948.1	14526059	0.0909
NC_060948.1	14526062	0.0909
NC_060948.1	14526067	0.0909
NC_060948.1	14526080	0.0909
NC_060948.1	14526081	0.0909
NC_060948.1	14526088	0.0909
NC_060948.1	14526092	0.1818
NC_060948.1	14526096	0.0909
NC_060948.1	14526098	0.0909
NC_060948.1	14526108	0.1818
NC_060948.1	14526130	0.0909
NC_060948.1	14526133	0.0909
NC_060948.1	14526134	0.0909
NC_060948.1	14526143	0.1818
NC_060948.1	14526338	0.0909
NC_060948.1	14527429	0.1818
NC_060948.1	14527546	0.0909
NC_060948.1	14527602	0.0909
NC_060948.1	14528417	0.0909
NC_060948.1	14528967	0.0909
NC_060948.1	14532160	0.0909
NC_060948.1	14535199	0.0909
NC_060948.1	14539139	0.3333
NC_060948.1	14540423	0.0833
NC_060948.1	14541377	0.0833
NC_060948.1	14541477	0.0833
NC_060948.1	14543766	0.0833
NC_060948.1	14544752	0.0833
NC_060948.1	14545309	0.0833
NC_060948.1	14546817	0.0833
NC_060948.1	14547079	0.0833
NC_060948.1	14547397	0.2727
NC_060948.1	14547959	0.1667
NC_060948.1	14549354	0.0833
NC_060948.1	14549975	0.0833
NC_060948.1	14551525	0.0833
NC_060948.1	14552029	0.0833
NC_060948.1	14553725	0.0833
NC_060948.1	14555258	0.0909
NC_060948.1	14557601	0.0909
NC_060948.1	14558939	0.0909
NC_060948.1	14561997	0.0833
NC_060948.1	14563321	0.0833
NC_060948.1	14563933	0.0833
NC_060948.1	14565986	0.0833
NC_060948.1	14567582	0.1667
NC_060948.1	14569116	0.0833
NC_060948.1	14570571	0.1667
NC_060948.1	14577711	0.0833
NC_060948.1	14579580	0.0833
NC_060948.1	14580165	0.0833
NC_060948.1	14581004	0.0833
NC_060948.1	14581216	0.0833
NC_060948.1	14585453	0.0833
NC_060948.1	14585730	0.0833
NC_060948.1	14587293	0.0833
NC_060948.1	14588837	0.1667
NC_060948.1	14592812	0.0833
NC_060948.1	14593836	0.1667
NC_060948.1	14593930	0.0833
NC_060948.1	14593939	0.0833
NC_060948.1	14596348	0.1667
NC_060948.1	14598081	0.1667
NC_060948.1	14598177	0.0833
NC_060948.1	14598296	0.0833
NC_060948.1	14598398	0.1667
NC_060948.1	14598436	0.1667
NC_060948.1	14599355	0.0833
NC_060948.1	14601184	0.0833
NC_060948.1	14601809	0.0833
NC_060948.1	14602643	0.0833
NC_060948.1	14604088	0.0833
NC_060948.1	14604605	0.0833
NC_060948.1	14605724	0.1667
NC_060948.1	14609999	0.0833
NC_060948.1	14610052	0.0833
NC_060948.1	14610070	0.0833
NC_060948.1	14610091	0.0833
NC_060948.1	14610151	0.0833
NC_060948.1	14610789	0.0833
NC_060948.1	14613159	0.1667
NC_060948.1	14615773	0.0833
NC_060948.1	14618501	0.0833
NC_060948.1	14618681	0.0833
NC_060948.1	14619461	0.0833
NC_060948.1	14619973	0.0833
NC_060948.1	14620366	0.0833
NC_060948.1	14622383	0.0833
NC_060948.1	14629402	0.0909
NC_060948.1	14629455	0.1818
NC_060948.1	14630025	0.0909
NC_060948.1	14630516	0.0909
NC_060948.1	14631529	0.0909
NC_060948.1	14634959	0.0833
NC_060948.1	14637594	0.0833
NC_060948.1	14638532	0.0833
NC_060948.1	14639784	0.0833
NC_060948.1	14640688	0.0833
NC_060948.1	14641047	0.0833
NC_060948.1	14642395	0.0833
NC_060948.1	14643060	0.0833
NC_060948.1	14646027	0.0833
NC_060948.1	14650012	0.1667
NC_060948.1	14650216	0.1667
NC_060948.1	14650230	0.1667
NC_060948.1	14650231	0.1667
NC_060948.1	14650232	0.1667
NC_060948.1	14650249	0.0833
NC_060948.1	14651076	0.0833
NC_060948.1	14651486	0.1667
NC_060948.1	14652658	0.0833
NC_060948.1	14659681	0.1818
NC_060948.1	14661132	0.0909
NC_060948.1	14664469	0.0909
NC_060948.1	14665349	0.0909
NC_060948.1	14668992	0.0909
NC_060948.1	14669763	0.0909
NC_060948.1	14672215	0.1818
NC_060948.1	14674138	0.1818
NC_060948.1	14674716	0.0909
NC_060948.1	14675758	0.0909
NC_060948.1	14679306	0.0909
NC_060948.1	14679798	0.0909
NC_060948.1	14679906	0.0909
NC_060948.1	14681366	0.0909
NC_060948.1	14682364	0.1818
NC_060948.1	14682736	0.0909
NC_060948.1	14683194	0.0909
NC_060948.1	14683259	0.0909
NC_060948.1	14685271	0.1667
NC_060948.1	14688991	0.0833
NC_060948.1	14691151	0.1667
NC_060948.1	14694049	0.0833
NC_060948.1	14695133	0.0833
NC_060948.1	14696565	0.0833
NC_060948.1	14697382	0.0833
NC_060948.1	14698915	0.25
NC_060948.1	14699841	0.0833
NC_060948.1	14703903	0.1667
NC_060948.1	14707837	0.0833
NC_060948.1	14708546	0.0833
NC_060948.1	14708664	0.0833
NC_060948.1	14711593	0.0833
NC_060948.1	14713351	0.0833
NC_060948.1	14715080	0.1667
NC_060948.1	14715346	0.0833
NC_060948.1	14718839	0.0833
NC_060948.1	14718840	0.0833
NC_060948.1	14721368	0.0833
NC_060948.1	14721804	0.0833
NC_060948.1	14723230	0.0833
NC_060948.1	14725183	0.0833
NC_060948.1	14725589	0.0833
NC_060948.1	14726442	0.1667
NC_060948.1	14727098	0.1667
NC_060948.1	14730295	0.0833
NC_060948.1	14731511	0.0833
NC_060948.1	14733011	0.0833
NC_060948.1	14733720	0.0833
NC_060948.1	14734096	0.0833
NC_060948.1	14734827	0.0833
NC_060948.1	14734861	0.0833
NC_060948.1	14734880	0.1667
NC_060948.1	14738024	0.0833
NC_060948.1	14739598	0.0833
NC_060948.1	14740079	0.1667
NC_060948.1	14750202	0.0833
NC_060948.1	14750396	0.0833
NC_060948.1	14750732	0.0833
NC_060948.1	14752483	0.0833
NC_060948.1	14752543	0.0833
NC_060948.1	14752849	0.0833
NC_060948.1	14753764	0.1667
NC_060948.1	14754153	0.1667
NC_060948.1	14755970	0.1667
NC_060948.1	14756114	0.0833
NC_060948.1	14756855	0.0833
NC_060948.1	14757841	0.0833
NC_060948.1	14762290	0.0833
NC_060948.1	14765764	0.0833
NC_060948.1	14770793	0.0833
NC_060948.1	14771576	0.0833
NC_060948.1	14775957	0.0833
NC_060948.1	14775962	0.1667
NC_060948.1	14776026	0.0833
NC_060948.1	14779379	0.0833
NC_060948.1	14783621	0.0833
NC_060948.1	14787383	0.1667
NC_060948.1	14790060	0.0833
NC_060948.1	14791171	0.0833
NC_060948.1	14793237	0.0833
NC_060948.1	14793671	0.0833
NC_060948.1	14794520	0.0833
NC_060948.1	14797950	0.0833
NC_060948.1	14798643	0.0833
NC_060948.1	14798667	0.0833
NC_060948.1	14799909	0.0833
NC_060948.1	14800152	0.0833
NC_060948.1	14802328	0.0833
NC_060948.1	14802368	0.0833
NC_060948.1	14803691	0.0833
NC_060948.1	14805470	0.1
NC_060948.1	14810022	0.1
NC_060948.1	14810768	0.1
NC_060948.1	14810783	0.1
NC_060948.1	14811609	0.1
NC_060948.1	14812033	0.1
NC_060948.1	14812256	0.1
NC_060948.1	14813499	0.1
NC_060948.1	14815180	0.1
NC_060948.1	14815200	0.1
NC_060948.1	14815207	0.1
NC_060948.1	14815211	0.1
NC_060948.1	14815212	0.1
NC_060948.1	14815228	0.1
NC_060948.1	14815229	0.1
NC_060948.1	14815234	0.1
NC_060948.1	14815252	0.2
NC_060948.1	14816254	0.1
NC_060948.1	14817374	0.1
NC_060948.1	14817419	0.1
NC_060948.1	14817420	0.1
NC_060948.1	14820392	0.1
NC_060948.1	14820548	0.1
NC_060948.1	14821013	0.1
NC_060948.1	14821458	0.1
NC_060948.1	14821460	0.1
NC_060948.1	14821478	0.1
NC_060948.1	14822073	0.1
NC_060948.1	14822610	0.1
NC_060948.1	14829119	0.1
NC_060948.1	14829516	0.1
NC_060948.1	14830411	0.1
NC_060948.1	14830761	0.1
NC_060948.1	14830861	0.1
NC_060948.1	14831415	0.1
NC_060948.1	14833076	0.1
NC_060948.1	14834300	0.1
NC_060948.1	14834788	0.1
NC_060948.1	14835326	0.1
NC_060948.1	14837672	0.1
NC_060948.1	14840250	0.1
NC_060948.1	14841407	0.1
NC_060948.1	14844724	0.1
NC_060948.1	14844866	0.1
NC_060948.1	14844867	0.1
NC_060948.1	14845687	0.1
NC_060948.1	14845724	0.1
NC_060948.1	14845736	0.1
NC_060948.1	14845740	0.1
NC_060948.1	14845744	0.1
NC_060948.1	14845746	0.1
NC_060948.1	14845750	0.1
NC_060948.1	14845762	0.1
NC_060948.1	14853950	0.1
NC_060948.1	14858912	0.1
NC_060948.1	14859292	0.2
NC_060948.1	14860761	0.1
NC_060948.1	14861777	0.1
NC_060948.1	14861781	0.1
NC_060948.1	14861785	0.1
NC_060948.1	14862332	0.1
NC_060948.1	14863698	0.1
NC_060948.1	14864299	0.2
NC_060948.1	14865604	0.1
NC_060948.1	14867624	0.1
NC_060948.1	14867885	0.1
NC_060948.1	14868880	0.1
NC_060948.1	14869746	0.1
NC_060948.1	14872147	0.1
NC_060948.1	14872353	0.1
NC_060948.1	14872462	0.1
NC_060948.1	14874236	0.1
NC_060948.1	14875778	0.1
NC_060948.1	14876882	0.1
NC_060948.1	14878583	0.1
NC_060948.1	14879000	0.2
NC_060948.1	14879655	0.1
NC_060948.1	14879884	0.1
NC_060948.1	14880974	0.1
NC_060948.1	14882416	0.1
NC_060948.1	14890594	0.1
NC_060948.1	14890889	0.1
NC_060948.1	14890973	0.1
NC_060948.1	14926712	0.1818
NC_060948.1	14927075	0.3
NC_060948.1	14927253	0.1818
NC_060948.1	14965565	0.0833
NC_060948.1	14966968	0.0833
NC_060948.1	14968430	0.0833
NC_060948.1	14971445	0.0833
NC_060948.1	14971446	0.0833
NC_060948.1	14972819	0.0833
NC_060948.1	14973781	0.0833
NC_060948.1	14974880	0.0833
NC_060948.1	14975924	0.0833
NC_060948.1	14978189	0.0833
NC_060948.1	14978762	0.0833
NC_060948.1	14979541	0.0833
NC_060948.1	14981725	0.0833
NC_060948.1	14985128	0.0833
NC_060948.1	14987865	0.0833
NC_060948.1	14988494	0.0833
NC_060948.1	14988506	0.0833
NC_060948.1	14993502	0.0833
NC_060948.1	14993514	0.1667
NC_060948.1	14995471	0.0833
NC_060948.1	14995538	0.0833
NC_060948.1	14996085	0.0833
NC_060948.1	14996137	0.0833
NC_060948.1	14996149	0.0833
NC_060948.1	14997757	0.1667
NC_060948.1	14998131	0.0833
NC_060948.1	14998159	0.1667
NC_060948.1	14998324	0.0833
NC_060948.1	15000514	0.1667
NC_060948.1	15000572	0.0833
NC_060948.1	15000857	0.0833
NC_060948.1	15001091	0.0833
NC_060948.1	15002521	0.1667
NC_060948.1	15002611	0.1667
NC_060948.1	15003041	0.0833
NC_060948.1	15004189	0.0833
NC_060948.1	15006226	0.1667
NC_060948.1	15007234	0.0833
NC_060948.1	15009651	0.0833
NC_060948.1	15009652	0.0833
NC_060948.1	15011734	0.1667
NC_060948.1	15017338	0.25
NC_060948.1	15017958	0.0833
NC_060948.1	15019181	0.0833
NC_060948.1	15021030	0.0833
NC_060948.1	15022079	0.25
NC_060948.1	15025043	0.0833
NC_060948.1	15033861	0.0833
NC_060948.1	15034140	0.0833
NC_060948.1	15034141	0.0833
NC_060948.1	15034842	0.0833
NC_060948.1	15035506	0.0833
NC_060948.1	15037097	0.0833
NC_060948.1	15037355	0.0833
NC_060948.1	15037368	0.0833
NC_060948.1	15037775	0.0833
NC_060948.1	15037900	0.0833
NC_060948.1	15039578	0.0909
NC_060948.1	15039694	0.0833
NC_060948.1	15040839	0.1667
NC_060948.1	15041302	0.0833
NC_060948.1	15043998	0.0833
NC_060948.1	15045298	0.0833
NC_060948.1	15045609	0.0833
NC_060948.1	15047451	0.0833
NC_060948.1	15047851	0.0833
NC_060948.1	15051891	0.0833
NC_060948.1	15055854	0.0833
NC_060948.1	15057171	0.0833
NC_060948.1	15057723	0.1667
NC_060948.1	15057969	0.0833
NC_060948.1	15058456	0.0833
NC_060948.1	15059055	0.1667
NC_060948.1	15059372	0.0833
NC_060948.1	15060096	0.0833
NC_060948.1	15061142	0.1667
NC_060948.1	15061669	0.0833
NC_060948.1	15063126	0.0833
NC_060948.1	15065364	0.0833
NC_060948.1	15067848	0.1667
NC_060948.1	15067863	0.0833
NC_060948.1	15070188	0.0833
NC_060948.1	15071586	0.0833
NC_060948.1	15073331	0.0833
NC_060948.1	15075407	0.0833
NC_060948.1	15076587	0.0833
NC_060948.1	15078637	0.0833
NC_060948.1	15082878	0.1818
NC_060948.1	15085509	0.0909
NC_060948.1	15086406	0.0909
NC_060948.1	15086528	0.0909
NC_060948.1	15087441	0.0909
NC_060948.1	15087635	0.0909
NC_060948.1	15088431	0.0909
NC_060948.1	15088807	0.1111
NC_060948.1	15090307	0.1667
NC_060948.1	15097102	0.0909
NC_060948.1	15097438	0.0909
NC_060948.1	15098763	0.1818
NC_060948.1	15101761	0.0909
NC_060948.1	15102883	0.0909
NC_060948.1	15106348	0.1818
NC_060948.1	15106722	0.0909
NC_060948.1	15108544	0.0909
NC_060948.1	15109603	0.0909
NC_060948.1	15109870	0.0909
NC_060948.1	15110006	0.0909
NC_060948.1	15113222	0.0909
NC_060948.1	15115164	0.0909
NC_060948.1	15118879	0.0909
NC_060948.1	15119972	0.0909
NC_060948.1	15120422	0.1818
NC_060948.1	15123852	0.0909
NC_060948.1	15124249	0.0909
NC_060948.1	15124757	0.0909
NC_060948.1	15126317	0.1818
NC_060948.1	15127096	0.0909
NC_060948.1	15127297	0.0909
NC_060948.1	15127340	0.0909
NC_060948.1	15127721	0.0909
NC_060948.1	15129960	0.0909
NC_060948.1	15133296	0.0909
NC_060948.1	15135618	0.0909
NC_060948.1	15136884	0.0909
NC_060948.1	15139261	0.0909
NC_060948.1	15139294	0.0909
NC_060948.1	15139299	0.1818
NC_060948.1	15140300	0.0909
NC_060948.1	15140877	0.0909
NC_060948.1	15141131	0.0909
NC_060948.1	15141351	0.0909
NC_060948.1	15145187	0.0909
NC_060948.1	15147515	0.0909
NC_060948.1	15154240	0.0909
NC_060948.1	15154334	0.1818
NC_060948.1	15157244	0.1818
NC_060948.1	15158415	0.0909
NC_060948.1	15158859	0.1818
NC_060948.1	15158861	0.1818
NC_060948.1	15158863	0.3636
NC_060948.1	15158865	0.0909
NC_060948.1	15158942	0.0909
NC_060948.1	15159036	0.0909
NC_060948.1	15159605	0.0909
NC_060948.1	15161100	0.0909
NC_060948.1	15163060	0.0909
NC_060948.1	15168518	0.0909
NC_060948.1	15171242	0.0909
NC_060948.1	15177562	0.0909
NC_060948.1	15178951	0.0909
NC_060948.1	15181551	0.0909
NC_060948.1	15181994	0.0909
NC_060948.1	15186858	0.0909
NC_060948.1	15187347	0.0909
NC_060948.1	15187603	0.0909
NC_060948.1	15189236	0.0909
NC_060948.1	15190041	0.0909
NC_060948.1	15192000	0.0909
NC_060948.1	15192410	0.0909
NC_060948.1	15192548	0.0909
NC_060948.1	15195744	0.0909
NC_060948.1	15196086	0.1818
NC_060948.1	15196152	0.1818
NC_060948.1	15196934	0.0909
NC_060948.1	15197098	0.0909
NC_060948.1	15197659	0.0909
NC_060948.1	15198374	0.2727
NC_060948.1	15199887	0.0909
NC_060948.1	15201282	0.0909
NC_060948.1	15203360	0.0909
NC_060948.1	15203906	0.0909
NC_060948.1	15205379	0.0909
NC_060948.1	15206364	0.0909
NC_060948.1	15208685	0.0909
NC_060948.1	15208798	0.0909
NC_060948.1	15211887	0.0909
NC_060948.1	15212644	0.0909
NC_060948.1	15212961	0.0909
NC_060948.1	15216386	0.0909
NC_060948.1	15217360	0.0909
NC_060948.1	15219157	0.0909
NC_060948.1	15219282	0.0909
NC_060948.1	15219792	0.0909
NC_060948.1	15219793	0.0909
NC_060948.1	15220196	0.0909
NC_060948.1	15220566	0.0909
NC_060948.1	15221684	0.0909
NC_060948.1	15222311	0.0909
NC_060948.1	15222447	0.0909
NC_060948.1	15222464	0.1818
NC_060948.1	15222705	0.0909
NC_060948.1	15223783	0.1818
NC_060948.1	15224536	0.0909
NC_060948.1	15225704	0.0909
NC_060948.1	15226851	0.2727
NC_060948.1	15226929	0.0909
NC_060948.1	15229418	0.0909
NC_060948.1	15231820	0.0909
NC_060948.1	15233280	0.0909
NC_060948.1	15233959	0.0909
NC_060948.1	15235421	0.0909
NC_060948.1	15236718	0.1111
NC_060948.1	15236939	0.0909
NC_060948.1	15240364	0.0909
NC_060948.1	15243990	0.1818
NC_060948.1	15244678	0.0909
NC_060948.1	15244894	0.0909
NC_060948.1	15248561	0.0909
NC_060948.1	15249490	0.0909
NC_060948.1	15249596	0.0909
NC_060948.1	15249745	0.0909
NC_060948.1	15250555	0.0909
NC_060948.1	15256216	0.0909
NC_060948.1	15257073	0.0909
NC_060948.1	15259299	0.0909
NC_060948.1	15259918	0.0909
NC_060948.1	15260506	0.0909
NC_060948.1	15261846	0.1818
NC_060948.1	15263264	0.1667
NC_060948.1	15263520	0.0833
NC_060948.1	15265801	0.0833
NC_060948.1	15266501	0.0833
NC_060948.1	15268429	0.0833
NC_060948.1	15270417	0.0833
NC_060948.1	15278040	0.0833
NC_060948.1	15278755	0.0833
NC_060948.1	15279372	0.1667
NC_060948.1	15281075	0.0833
NC_060948.1	15281389	0.0833
NC_060948.1	15281448	0.0833
NC_060948.1	15284404	0.0833
NC_060948.1	15284851	0.1667
NC_060948.1	15285871	0.0833
NC_060948.1	15286766	0.0833
NC_060948.1	15287283	0.0833
NC_060948.1	15287337	0.0833
NC_060948.1	15289097	0.1667
NC_060948.1	15289128	0.0833
NC_060948.1	15289130	0.1667
NC_060948.1	15289132	0.25
NC_060948.1	15289134	0.25
NC_060948.1	15289136	0.0833
NC_060948.1	15289138	0.0833
NC_060948.1	15289336	0.0833
NC_060948.1	15291758	0.0833
NC_060948.1	15295537	0.0833
NC_060948.1	15295959	0.0833
NC_060948.1	15296740	0.1667
NC_060948.1	15297015	0.1667
NC_060948.1	15298393	0.0833
NC_060948.1	15301047	0.0833
NC_060948.1	15302894	0.0833
NC_060948.1	15305052	0.0833
NC_060948.1	15305987	0.1667
NC_060948.1	15306606	0.0833
NC_060948.1	15307332	0.0833
NC_060948.1	15308748	0.0833
NC_060948.1	15311286	0.0833
NC_060948.1	15313200	0.0833
NC_060948.1	15322745	0.0833
NC_060948.1	15323101	0.0833
NC_060948.1	15323345	0.0833
NC_060948.1	15324006	0.0833
NC_060948.1	15325812	0.1667
NC_060948.1	15327977	0.1667
NC_060948.1	15328086	0.1818
NC_060948.1	15328087	0.1818
NC_060948.1	15328095	0.1667
NC_060948.1	15328118	0.0833
NC_060948.1	15328757	0.0833
NC_060948.1	15329767	0.0909
NC_060948.1	15331284	0.0833
NC_060948.1	15331342	0.1667
NC_060948.1	15332829	0.1667
NC_060948.1	15333451	0.1667
NC_060948.1	15335286	0.1667
NC_060948.1	15335537	0.0833
NC_060948.1	15336867	0.0833
NC_060948.1	15337198	0.0833
NC_060948.1	15337208	0.0833
NC_060948.1	15337596	0.0833
NC_060948.1	15339222	0.0833
NC_060948.1	15343457	0.0833
NC_060948.1	15344611	0.0833
NC_060948.1	15345434	0.0833
NC_060948.1	15345599	0.0833
NC_060948.1	15345894	0.0833
NC_060948.1	15351297	0.0833
NC_060948.1	15353618	0.0833
NC_060948.1	15354705	0.0833
NC_060948.1	15354823	0.0833
NC_060948.1	15355068	0.0833
NC_060948.1	15356124	0.0833
NC_060948.1	15357441	0.1667
NC_060948.1	15360593	0.0833
NC_060948.1	15360641	0.0833
NC_060948.1	15360927	0.0833
NC_060948.1	15361420	0.0833
NC_060948.1	15362285	0.0833
NC_060948.1	15362930	0.0833
NC_060948.1	15363034	0.1667
NC_060948.1	15363866	0.0833
NC_060948.1	15365401	0.0833
NC_060948.1	15369225	0.0833
NC_060948.1	15369235	0.0833
NC_060948.1	15375013	0.0833
NC_060948.1	15378274	0.0833
NC_060948.1	15383025	0.0833
NC_060948.1	15385572	0.0833
NC_060948.1	15386835	0.0833
NC_060948.1	15389171	0.0833
NC_060948.1	15389627	0.0833
NC_060948.1	15390469	0.0833
NC_060948.1	15395775	0.0833
NC_060948.1	15396261	0.0833
NC_060948.1	15396370	0.1
NC_060948.1	15396380	0.1
NC_060948.1	15396382	0.0909
NC_060948.1	15396384	0.0833
NC_060948.1	15396386	0.1818
NC_060948.1	15396388	0.0833
NC_060948.1	15396390	0.0833
NC_060948.1	15396412	0.0833
NC_060948.1	15399145	0.0833
NC_060948.1	15400243	0.0833
NC_060948.1	15400375	0.0833
NC_060948.1	15402756	0.0833
NC_060948.1	15404999	0.0833
NC_060948.1	15410161	0.0833
NC_060948.1	15415731	0.25
NC_060948.1	15416403	0.0833
NC_060948.1	15418931	0.1667
NC_060948.1	15419560	0.1667
NC_060948.1	15422472	0.0833
NC_060948.1	15422476	0.0833
NC_060948.1	15424530	0.0833
NC_060948.1	15426425	0.0833
NC_060948.1	15430744	0.0833
NC_060948.1	15430770	0.0833
NC_060948.1	15435962	0.0833
NC_060948.1	15438022	0.0833
NC_060948.1	15439215	0.0833
NC_060948.1	15439950	0.0833
NC_060948.1	15442057	0.0833
NC_060948.1	15451436	0.0833
NC_060948.1	15452166	0.0833
NC_060948.1	15452331	0.0833
NC_060948.1	15452727	0.1667
NC_060948.1	15455547	0.0833
NC_060948.1	15455858	0.0833
NC_060948.1	15456170	0.0833
NC_060948.1	15460199	0.0833
NC_060948.1	15465079	0.0833
NC_060948.1	15468176	0.0833
NC_060948.1	15469312	0.25
NC_060948.1	15471514	0.1667
NC_060948.1	15473993	0.0833
NC_060948.1	15474077	0.0833
NC_060948.1	15474342	0.0833
NC_060948.1	15475352	0.0833
NC_060948.1	15476918	0.1667
NC_060948.1	15477601	0.1667
NC_060948.1	15478548	0.25
NC_060948.1	15478729	0.25
NC_060948.1	15478776	0.25
NC_060948.1	15478814	0.25
NC_060948.1	15478853	0.25
NC_060948.1	15479373	0.0833
NC_060948.1	15480490	0.0833
NC_060948.1	15481214	0.0833
NC_060948.1	15481716	0.0833
NC_060948.1	15483309	0.1667
NC_060948.1	15485064	0.0833
NC_060948.1	15485271	0.1667
NC_060948.1	15485531	0.0833
NC_060948.1	15486853	0.0833
NC_060948.1	15486880	0.0833
NC_060948.1	15486883	0.1818
NC_060948.1	15487177	0.0833
NC_060948.1	15487447	0.0833
NC_060948.1	15489163	0.0833
NC_060948.1	15492980	0.0833
NC_060948.1	15493246	0.0833
NC_060948.1	15494381	0.0833
NC_060948.1	15494600	0.0833
NC_060948.1	15495060	0.0833
NC_060948.1	15495847	0.0833
NC_060948.1	15496086	0.0833
NC_060948.1	15496383	0.0833
NC_060948.1	15496783	0.0833
NC_060948.1	15496804	0.25
NC_060948.1	15502396	0.0833
NC_060948.1	15503289	0.1667
NC_060948.1	15504543	0.0833
NC_060948.1	15504701	0.0833
NC_060948.1	15505042	0.1667
NC_060948.1	15505358	0.0833
NC_060948.1	15505360	0.0833
NC_060948.1	15506731	0.0833
NC_060948.1	15508056	0.0833
NC_060948.1	15509454	0.0833
NC_060948.1	15510084	0.0833
NC_060948.1	15512639	0.0833
NC_060948.1	15513488	0.0833
NC_060948.1	15515343	0.0833
NC_060948.1	15518039	0.1667
NC_060948.1	15518207	0.1667
NC_060948.1	15521049	0.0833
NC_060948.1	15521605	0.0833
NC_060948.1	15526429	0.0833
NC_060948.1	15527237	0.0833
NC_060948.1	15528550	0.0833
NC_060948.1	15529841	0.0833
NC_060948.1	15530683	0.0833
NC_060948.1	15532156	0.0833
NC_060948.1	15536987	0.0833
NC_060948.1	15538270	0.0833
NC_060948.1	15542205	0.1667
NC_060948.1	15542293	0.0833
NC_060948.1	15544503	0.25
NC_060948.1	15545618	0.0833
NC_060948.1	15545764	0.25
NC_060948.1	15546267	0.1667
NC_060948.1	15546588	0.0833
NC_060948.1	15547657	0.1667
NC_060948.1	15548386	0.1667
NC_060948.1	15551016	0.1667
NC_060948.1	15551210	0.0833
NC_060948.1	15552663	0.1667
NC_060948.1	15553616	0.1667
NC_060948.1	15553934	0.0833
NC_060948.1	15554143	0.0833
NC_060948.1	15555680	0.0833
NC_060948.1	15557214	0.0833
NC_060948.1	15557971	0.0833
NC_060948.1	15560179	0.25
NC_060948.1	15561230	0.0833
NC_060948.1	15562196	0.0833
NC_060948.1	15563267	0.25
NC_060948.1	15563598	0.0833
NC_060948.1	15563614	0.0833
NC_060948.1	15563692	0.0833
NC_060948.1	15564334	0.0833
NC_060948.1	15564365	0.0833
NC_060948.1	15564614	0.0833
NC_060948.1	15564971	0.0833
NC_060948.1	15568556	0.0909
NC_060948.1	15568634	0.0909
NC_060948.1	15569361	0.0909
NC_060948.1	15571775	0.0909
NC_060948.1	15574060	0.1818
NC_060948.1	15574227	0.0909
NC_060948.1	15574447	0.0909
NC_060948.1	15575413	0.0909
NC_060948.1	15575574	0.0909
NC_060948.1	15576566	0.0909
NC_060948.1	15577895	0.0909
NC_060948.1	15579663	0.0909
NC_060948.1	15579761	0.0909
NC_060948.1	15579829	0.0909
NC_060948.1	15586623	0.0909
NC_060948.1	15594275	0.0909
NC_060948.1	15598016	0.0909
NC_060948.1	15603536	0.1818
NC_060948.1	15603626	0.0909
NC_060948.1	15604076	0.0909
NC_060948.1	15606081	0.0909
NC_060948.1	15608942	0.0833
NC_060948.1	15609625	0.0833
NC_060948.1	15610406	0.0833
NC_060948.1	15611083	0.1667
NC_060948.1	15611374	0.0833
NC_060948.1	15612208	0.0833
NC_060948.1	15612281	0.0833
NC_060948.1	15613452	0.0833
NC_060948.1	15613454	0.0833
NC_060948.1	15613456	0.0833
NC_060948.1	15616786	0.1667
NC_060948.1	15618061	0.0833
NC_060948.1	15619045	0.1667
NC_060948.1	15619502	0.0833
NC_060948.1	15620731	0.0833
NC_060948.1	15622360	0.0833
NC_060948.1	15623290	0.0833
NC_060948.1	15625914	0.0833
NC_060948.1	15627275	0.0833
NC_060948.1	15628465	0.1667
NC_060948.1	15632380	0.0833
NC_060948.1	15633281	0.0833
NC_060948.1	15634395	0.0833
NC_060948.1	15634564	0.0833
NC_060948.1	15636831	0.0833
NC_060948.1	15638872	0.0833
NC_060948.1	15640286	0.1667
NC_060948.1	15641195	0.0833
NC_060948.1	15641881	0.0833
NC_060948.1	15647162	0.0833
NC_060948.1	15648469	0.0833
NC_060948.1	15649557	0.0833
NC_060948.1	15651113	0.25
NC_060948.1	15651192	0.0833
NC_060948.1	15651586	0.0833
NC_060948.1	15651627	0.0833
NC_060948.1	15655534	0.1667
NC_060948.1	15655540	0.25
NC_060948.1	15658011	0.0833
NC_060948.1	15658670	0.0833
NC_060948.1	15658849	0.0833
NC_060948.1	15660509	0.0833
NC_060948.1	15661460	0.0833
NC_060948.1	15662371	0.0833
NC_060948.1	15662434	0.0833
NC_060948.1	15663774	0.0833
NC_060948.1	15664773	0.0833
NC_060948.1	15664804	0.0833
NC_060948.1	15665914	0.0833
NC_060948.1	15666553	0.0833
NC_060948.1	15669064	0.0833
NC_060948.1	15671834	0.0833
NC_060948.1	15675347	0.0833
NC_060948.1	15675886	0.0833
NC_060948.1	15677312	0.0833
NC_060948.1	15680553	0.0833
NC_060948.1	15681205	0.0833
NC_060948.1	15681807	0.0833
NC_060948.1	15682528	0.1667
NC_060948.1	15682964	0.0833
NC_060948.1	15686111	0.0833
NC_060948.1	15689433	0.0833
NC_060948.1	15691105	0.0833
NC_060948.1	15691422	0.0833
NC_060948.1	15692366	0.0833
NC_060948.1	15694995	0.0833
NC_060948.1	15699260	0.1
NC_060948.1	15699481	0.0909
NC_060948.1	15701433	0.0833
NC_060948.1	15701838	0.0833
NC_060948.1	15703638	0.0833
NC_060948.1	15706840	0.0833
NC_060948.1	15707216	0.25
NC_060948.1	15707475	0.0833
NC_060948.1	15708194	0.0833
NC_060948.1	15708429	0.0833
NC_060948.1	15711131	0.1667
NC_060948.1	15714493	0.0833
NC_060948.1	15719868	0.0833
NC_060948.1	15722535	0.0833
NC_060948.1	15723454	0.0833
NC_060948.1	15723628	0.1667
NC_060948.1	15726890	0.0833
NC_060948.1	15728063	0.0833
NC_060948.1	15731770	0.0833
NC_060948.1	15732706	0.0833
NC_060948.1	15734089	0.0833
NC_060948.1	15734499	0.0833
NC_060948.1	15735454	0.0833
NC_060948.1	15737094	0.1667
NC_060948.1	15737328	0.0833
NC_060948.1	15738736	0.0833
NC_060948.1	15740556	0.0833
NC_060948.1	15741584	0.0833
NC_060948.1	15743517	0.1667
NC_060948.1	15746093	0.0833
NC_060948.1	15746820	0.0833
NC_060948.1	15754165	0.0833
NC_060948.1	15754566	0.0833
NC_060948.1	15755236	0.1667
NC_060948.1	15755469	0.0833
NC_060948.1	15755716	0.0833
NC_060948.1	15758811	0.1667
NC_060948.1	15759579	0.0833
NC_060948.1	15760572	0.0833
NC_060948.1	15760707	0.0833
NC_060948.1	15762069	0.0833
NC_060948.1	15762860	0.1667
NC_060948.1	15764236	0.0833
NC_060948.1	15764324	0.0833
NC_060948.1	15764382	0.0833
NC_060948.1	15764874	0.0833
NC_060948.1	15766331	0.0833
NC_060948.1	15768873	0.0833
NC_060948.1	15769985	0.1667
NC_060948.1	15770209	0.0833
NC_060948.1	15770709	0.0833
NC_060948.1	15771304	0.0833
NC_060948.1	15772682	0.0833
NC_060948.1	15773553	0.1667
NC_060948.1	15778042	0.0833
NC_060948.1	15779048	0.1667
NC_060948.1	15780134	0.0833
NC_060948.1	15782718	0.0833
NC_060948.1	15782719	0.0833
NC_060948.1	15783190	0.0833
NC_060948.1	15783391	0.1667
NC_060948.1	15784777	0.0833
NC_060948.1	15787665	0.1667
NC_060948.1	15788561	0.0833
NC_060948.1	15788948	0.0833
NC_060948.1	15788968	0.0833
NC_060948.1	15789355	0.0833
NC_060948.1	15789398	0.0833
NC_060948.1	15790241	0.0833
NC_060948.1	15793805	0.0833
NC_060948.1	15794035	0.1667
NC_060948.1	15794506	0.0833
NC_060948.1	15794719	0.0833
NC_060948.1	15795602	0.1667
NC_060948.1	15798442	0.0833
NC_060948.1	15800958	0.0833
NC_060948.1	15804452	0.0833
NC_060948.1	15805493	0.0833
NC_060948.1	15805619	0.0833
NC_060948.1	15806136	0.0833
NC_060948.1	15806860	0.0833
NC_060948.1	15808412	0.0833
NC_060948.1	15808910	0.0833
NC_060948.1	15809225	0.0833
NC_060948.1	15812918	0.0833
NC_060948.1	15813740	0.1667
NC_060948.1	15814791	0.0833
NC_060948.1	15817112	0.0833
NC_060948.1	15819459	0.0833
NC_060948.1	15822854	0.1818
NC_060948.1	15823041	0.1818
NC_060948.1	15823807	0.0909
NC_060948.1	15829604	0.0909
NC_060948.1	15829622	0.0909
NC_060948.1	15829849	0.0909
NC_060948.1	15829931	0.0909
NC_060948.1	15830085	0.0909
NC_060948.1	15830117	0.1818
NC_060948.1	15830153	0.0909
NC_060948.1	15830285	0.0909
NC_060948.1	15830330	0.0909
NC_060948.1	15830362	0.0909
NC_060948.1	15830366	0.0909
NC_060948.1	15830386	0.0909
NC_060948.1	15830391	0.0909
NC_060948.1	15830400	0.0909
NC_060948.1	15830415	0.0909
NC_060948.1	15830417	0.0909
NC_060948.1	15830434	0.0909
NC_060948.1	15830485	0.0909
NC_060948.1	15830489	0.0909
NC_060948.1	15830503	0.0909
NC_060948.1	15830526	0.0909
NC_060948.1	15830543	0.0909
NC_060948.1	15830544	0.0909
NC_060948.1	15830554	0.0909
NC_060948.1	15830559	0.0909
NC_060948.1	15830565	0.0909
NC_060948.1	15830566	0.0909
NC_060948.1	15830574	0.0909
NC_060948.1	15830603	0.0909
NC_060948.1	15830651	0.1818
NC_060948.1	15830659	0.0909
NC_060948.1	15831435	0.1818
NC_060948.1	15832660	0.0909
NC_060948.1	15832811	0.0909
NC_060948.1	15833713	0.0909
NC_060948.1	15833823	0.0909
NC_060948.1	15833877	0.0909
NC_060948.1	15833881	0.0909
NC_060948.1	15835128	0.0909
NC_060948.1	15836239	0.0909
NC_060948.1	15839609	0.0909
NC_060948.1	15842365	0.0909
NC_060948.1	15843151	0.0909
NC_060948.1	15843312	0.1818
NC_060948.1	15843998	0.0909
NC_060948.1	15846392	0.0909
NC_060948.1	15848813	0.0909
NC_060948.1	15849579	0.0909
NC_060948.1	15849600	0.0909
NC_060948.1	15849602	0.1818
NC_060948.1	15849619	0.0909
NC_060948.1	15849623	0.1818
NC_060948.1	15849972	0.0909
NC_060948.1	15853259	0.1
NC_060948.1	15858434	0.2
NC_060948.1	15859372	0.0909
NC_060948.1	15859674	0.1818
NC_060948.1	15860437	0.0909
NC_060948.1	15860492	0.0909
NC_060948.1	15860681	0.0909
NC_060948.1	15863503	0.0909
NC_060948.1	15866034	0.0909
NC_060948.1	15870505	0.1818
NC_060948.1	15872442	0.0909
NC_060948.1	15875935	0.2727
NC_060948.1	15875937	0.1818
NC_060948.1	15875939	0.0909
NC_060948.1	15875947	0.0909
NC_060948.1	15875955	0.2727
NC_060948.1	15875957	0.0909
NC_060948.1	15875961	0.0909
NC_060948.1	15875965	0.0909
NC_060948.1	15875977	0.3636
NC_060948.1	15875978	0.1818
NC_060948.1	15875979	0.0909
NC_060948.1	15875981	0.1818
NC_060948.1	15875985	0.0909
NC_060948.1	15875999	0.0909
NC_060948.1	15876001	0.1818
NC_060948.1	15877814	0.0909
NC_060948.1	15878402	0.1818
NC_060948.1	15878755	0.0909
NC_060948.1	15879329	0.1818
NC_060948.1	15880244	0.0909
NC_060948.1	15881728	0.2
NC_060948.1	15887190	0.1
NC_060948.1	15891450	0.1
NC_060948.1	15892004	0.1
NC_060948.1	15892361	0.1
NC_060948.1	15893759	0.1
NC_060948.1	15895298	0.1
NC_060948.1	15895865	0.1
NC_060948.1	15896251	0.1
NC_060948.1	15896296	0.1
NC_060948.1	15897159	0.1
NC_060948.1	15898394	0.1
NC_060948.1	15898396	0.1
NC_060948.1	15898521	0.1
NC_060948.1	15899118	0.1
NC_060948.1	15900993	0.1
NC_060948.1	15903219	0.1
NC_060948.1	15905020	0.1
NC_060948.1	15905295	0.1
NC_060948.1	15907581	0.1
NC_060948.1	15909115	0.1
NC_060948.1	15909836	0.1
NC_060948.1	15909979	0.1
NC_060948.1	15913551	0.1
NC_060948.1	15914282	0.1
NC_060948.1	15915713	0.1
NC_060948.1	15916933	0.0909
NC_060948.1	15917769	0.0909
NC_060948.1	15921680	0.0909
NC_060948.1	15921770	0.0909
NC_060948.1	15922255	0.0909
NC_060948.1	15923212	0.0909
NC_060948.1	15923817	0.0909
NC_060948.1	15924804	0.0909
NC_060948.1	15927259	0.0909
NC_060948.1	15927303	0.0909
NC_060948.1	15927625	0.0909
NC_060948.1	15930603	0.0909
NC_060948.1	15931533	0.0909
NC_060948.1	15932930	0.0909
NC_060948.1	15933028	0.0909
NC_060948.1	15934898	0.0909
NC_060948.1	15935430	0.0909
NC_060948.1	15936747	0.0909
NC_060948.1	15938570	0.1111
NC_060948.1	15939329	0.0909
NC_060948.1	15941839	0.0909
NC_060948.1	15943528	0.0909
NC_060948.1	15946074	0.0909
NC_060948.1	15947339	0.0909
NC_060948.1	15954037	0.0833
NC_060948.1	15957710	0.0909
NC_060948.1	15958354	0.0909
NC_060948.1	15959033	0.0909
NC_060948.1	15960429	0.0909
NC_060948.1	15961461	0.0909
NC_060948.1	15969006	0.0833
NC_060948.1	15970453	0.0833
NC_060948.1	15971399	0.0833
NC_060948.1	15971477	0.0833
NC_060948.1	15972778	0.0833
NC_060948.1	15973078	0.0833
NC_060948.1	15973125	0.0833
NC_060948.1	15973840	0.0833
NC_060948.1	15974415	0.0833
NC_060948.1	15981588	0.1
NC_060948.1	15982326	0.2
NC_060948.1	15984758	0.1
NC_060948.1	15986914	0.1818
NC_060948.1	15986983	0.0909
NC_060948.1	15987268	0.0909
NC_060948.1	15987545	0.0909
NC_060948.1	15987975	0.0909
NC_060948.1	15987991	0.0909
NC_060948.1	15988076	0.0909
NC_060948.1	15991420	0.1818
NC_060948.1	15991421	0.2727
NC_060948.1	15993113	0.1
NC_060948.1	15995521	0.0909
NC_060948.1	15996143	0.0909
NC_060948.1	15996473	0.0909
NC_060948.1	15997538	0.0909
NC_060948.1	15997777	0.0909
NC_060948.1	15997992	0.0909
NC_060948.1	16001002	0.0909
NC_060948.1	16004031	0.0909
NC_060948.1	16004372	0.0909
NC_060948.1	16004496	0.0909
NC_060948.1	16004497	0.0909
NC_060948.1	16004592	0.0909
NC_060948.1	16005545	0.0909
NC_060948.1	16006516	0.0909
NC_060948.1	16007793	0.0909
NC_060948.1	16011093	0.1818
NC_060948.1	16012304	0.0909
NC_060948.1	16012624	0.0909
NC_060948.1	16012947	0.0909
NC_060948.1	16012952	0.1818
NC_060948.1	16015035	0.0909
NC_060948.1	16015678	0.1
NC_060948.1	16016031	0.1
NC_060948.1	16017722	0.1
NC_060948.1	16019087	0.1
NC_060948.1	16020365	0.1
NC_060948.1	16020860	0.0909
NC_060948.1	16020881	0.0909
NC_060948.1	16021356	0.1818
NC_060948.1	16021431	0.0909
NC_060948.1	16021531	0.0909
NC_060948.1	16024365	0.0909
NC_060948.1	16025237	0.0909
NC_060948.1	16026288	0.0909
NC_060948.1	16028332	0.0909
NC_060948.1	16029529	0.0909
NC_060948.1	16031822	0.0909
NC_060948.1	16032710	0.1818
NC_060948.1	16033450	0.0909
NC_060948.1	16035265	0.1818
NC_060948.1	16038161	0.0909
NC_060948.1	16039187	0.0909
NC_060948.1	16039297	0.0909
NC_060948.1	16039845	0.0909
NC_060948.1	16040717	0.0909
NC_060948.1	16040834	0.1818
NC_060948.1	16043245	0.0909
NC_060948.1	16044000	0.0909
NC_060948.1	16050130	0.0909
NC_060948.1	16050677	0.0909
NC_060948.1	16051639	0.1818
NC_060948.1	16051987	0.0909
NC_060948.1	16054102	0.1
NC_060948.1	16055672	0.1
NC_060948.1	16055855	0.1
NC_060948.1	16057496	0.1
NC_060948.1	16057730	0.2
NC_060948.1	16058324	0.1
NC_060948.1	16059294	0.1
NC_060948.1	16060936	0.1
NC_060948.1	16061268	0.1
NC_060948.1	16061287	0.1
NC_060948.1	16061613	0.1
NC_060948.1	16061939	0.1
NC_060948.1	16062928	0.1
NC_060948.1	16064194	0.1
NC_060948.1	16065436	0.1
NC_060948.1	16065447	0.1
NC_060948.1	16065619	0.2
NC_060948.1	16066700	0.1
NC_060948.1	16067288	0.1
NC_060948.1	16069677	0.2
NC_060948.1	16070369	0.1
NC_060948.1	16071706	0.1
NC_060948.1	16075408	0.1
NC_060948.1	16075914	0.5
NC_060948.1	16078745	0.1
NC_060948.1	16080657	0.1
NC_060948.1	16080670	0.1
NC_060948.1	16082058	0.1
NC_060948.1	16082577	0.1
NC_060948.1	16083129	0.1
NC_060948.1	16083133	0.1
NC_060948.1	16083848	0.1
NC_060948.1	16086015	0.0909
NC_060948.1	16087019	0.0909
NC_060948.1	16087168	0.0909
NC_060948.1	16088433	0.0909
NC_060948.1	16089579	0.0909
NC_060948.1	16090940	0.0909
NC_060948.1	16091642	0.1
NC_060948.1	16093104	0.0909
NC_060948.1	16094586	0.1
NC_060948.1	16095281	0.1818
NC_060948.1	16095393	0.0909
NC_060948.1	16095407	0.0909
NC_060948.1	16095439	0.1818
NC_060948.1	16096066	0.0909
NC_060948.1	16096398	0.1818
NC_060948.1	16096499	0.0909
NC_060948.1	16099147	0.0909
NC_060948.1	16099628	0.1818
NC_060948.1	16101769	0.1
NC_060948.1	16104631	0.1
NC_060948.1	16104804	0.2
NC_060948.1	16105511	0.1
NC_060948.1	16106640	0.1818
NC_060948.1	16109342	0.0909
NC_060948.1	16110350	0.0909
NC_060948.1	16114546	0.0909
NC_060948.1	16114565	0.0909
NC_060948.1	16114614	0.1818
NC_060948.1	16114636	0.0909
NC_060948.1	16116804	0.2727
NC_060948.1	16118822	0.0909
NC_060948.1	16120230	0.1818
NC_060948.1	16120423	0.0909
NC_060948.1	16122400	0.1818
NC_060948.1	16122822	0.0909
NC_060948.1	16123095	0.0909
NC_060948.1	16125400	0.0909
NC_060948.1	16127387	0.0909
NC_060948.1	16129365	0.0909
NC_060948.1	16130341	0.0909
NC_060948.1	16133136	0.2727
NC_060948.1	16133982	0.1818
NC_060948.1	16135866	0.0909
NC_060948.1	16136347	0.0909
NC_060948.1	16137239	0.0909
NC_060948.1	16139090	0.0909
NC_060948.1	16140103	0.0909
NC_060948.1	16142530	0.0909
NC_060948.1	16145275	0.0909
NC_060948.1	16147805	0.0909
NC_060948.1	16148724	0.2
NC_060948.1	16150318	0.1818
NC_060948.1	16158068	0.0909
NC_060948.1	16158446	0.0909
NC_060948.1	16160907	0.0909
NC_060948.1	16160915	0.0909
NC_060948.1	16161979	0.0909
NC_060948.1	16162035	0.0909
NC_060948.1	16163264	0.0909
NC_060948.1	16165003	0.0909
NC_060948.1	16166561	0.1818
NC_060948.1	16166979	0.0909
NC_060948.1	16168665	0.0909
NC_060948.1	16169087	0.0909
NC_060948.1	16170378	0.0909
NC_060948.1	16171682	0.0909
NC_060948.1	16171983	0.0909
NC_060948.1	16172402	0.0909
NC_060948.1	16174526	0.1818
NC_060948.1	16175727	0.0909
NC_060948.1	16176300	0.0909
NC_060948.1	16179477	0.0909
NC_060948.1	16179596	0.0909
NC_060948.1	16181955	0.1818
NC_060948.1	16183216	0.0909
NC_060948.1	16183237	0.0909
NC_060948.1	16183712	0.0909
NC_060948.1	16185886	0.0909
NC_060948.1	16188629	0.1818
NC_060948.1	16188769	0.0909
NC_060948.1	16193256	0.1818
NC_060948.1	16194977	0.2727
NC_060948.1	16195368	0.0909
NC_060948.1	16195443	0.0909
NC_060948.1	16196061	0.0909
NC_060948.1	16196961	0.0909
NC_060948.1	16198394	0.0909
NC_060948.1	16200467	0.0909
NC_060948.1	16202008	0.0909
NC_060948.1	16202302	0.0909
NC_060948.1	16203223	0.0909
NC_060948.1	16203276	0.0909
NC_060948.1	16205846	0.0909
NC_060948.1	16206528	0.0909
NC_060948.1	16206852	0.0909
NC_060948.1	16208139	0.0909
NC_060948.1	16208154	0.0909
NC_060948.1	16208359	0.0909
NC_060948.1	16210865	0.0909
NC_060948.1	16212611	0.0909
NC_060948.1	16214587	0.0909
NC_060948.1	16214670	0.0909
NC_060948.1	16214878	0.0909
NC_060948.1	16215865	0.1818
NC_060948.1	16222867	0.0909
NC_060948.1	16223603	0.0909
NC_060948.1	16224158	0.0909
NC_060948.1	16226030	0.0909
NC_060948.1	16226430	0.0909
NC_060948.1	16227043	0.0909
NC_060948.1	16230202	0.0909
NC_060948.1	16230258	0.0909
NC_060948.1	16230420	0.0909
NC_060948.1	16235107	0.0909
NC_060948.1	16235856	0.0909
NC_060948.1	16236314	0.0909
NC_060948.1	16236623	0.0909
NC_060948.1	16238627	0.0909
NC_060948.1	16240805	0.0909
NC_060948.1	16243924	0.0909
NC_060948.1	16244598	0.0909
NC_060948.1	16245766	0.0909
NC_060948.1	16247827	0.0909
NC_060948.1	16247987	0.1818
NC_060948.1	16248000	0.0909
NC_060948.1	16249686	0.0909
NC_060948.1	16250117	0.0909
NC_060948.1	16251273	0.0909
NC_060948.1	16251649	0.0909
NC_060948.1	16253373	0.0909
NC_060948.1	16253496	0.0909
NC_060948.1	16256117	0.0909
NC_060948.1	16257229	0.0909
NC_060948.1	16257886	0.0909
NC_060948.1	16258836	0.1818
NC_060948.1	16258838	0.0909
NC_060948.1	16259425	0.0909
NC_060948.1	16262536	0.1818
NC_060948.1	16264751	0.0909
NC_060948.1	16265846	0.0909
NC_060948.1	16266259	0.1818
NC_060948.1	16266459	0.0909
NC_060948.1	16267063	0.1818
NC_060948.1	16268302	0.0909
NC_060948.1	16268761	0.0909
NC_060948.1	16269584	0.0909
NC_060948.1	16272845	0.0909
NC_060948.1	16276540	0.0909
NC_060948.1	16278367	0.0909
NC_060948.1	16280174	0.0909
NC_060948.1	16283632	0.0909
NC_060948.1	16286180	0.0909
NC_060948.1	16286299	0.0909
NC_060948.1	16286918	0.0909
NC_060948.1	16288150	0.0909
NC_060948.1	16289682	0.1818
NC_060948.1	16289861	0.0909
NC_060948.1	16290551	0.0909
NC_060948.1	16292158	0.0909
NC_060948.1	16293465	0.0909
NC_060948.1	16293522	0.0909
NC_060948.1	16296038	0.1818
NC_060948.1	16297105	0.0909
NC_060948.1	16297254	0.0909
NC_060948.1	16297340	0.0909
NC_060948.1	16299368	0.0909
NC_060948.1	16300259	0.0909
NC_060948.1	16300675	0.0909
NC_060948.1	16301504	0.0909
NC_060948.1	16302779	0.0909
NC_060948.1	16302974	0.0909
NC_060948.1	16303813	0.0909
NC_060948.1	16305010	0.0909
NC_060948.1	16305039	0.1818
NC_060948.1	16306170	0.0909
NC_060948.1	16306466	0.0909
NC_060948.1	16307815	0.1818
NC_060948.1	16309337	0.1818
NC_060948.1	16309664	0.1818
NC_060948.1	16310238	0.0909
NC_060948.1	16310731	0.0909
NC_060948.1	16312224	0.1818
NC_060948.1	16313200	0.0909
NC_060948.1	16313367	0.0909
NC_060948.1	16314360	0.0909
NC_060948.1	16314471	0.0909
NC_060948.1	16315235	0.0909
NC_060948.1	16315806	0.0909
NC_060948.1	16316985	0.0909
NC_060948.1	16317012	0.0909
NC_060948.1	16318165	0.0909
NC_060948.1	16319715	0.0909
NC_060948.1	16319763	0.0909
NC_060948.1	16321992	0.1818
NC_060948.1	16322078	0.0909
NC_060948.1	16326257	0.0909
NC_060948.1	16327891	0.0909
NC_060948.1	16328966	0.0909
NC_060948.1	16329012	0.0909
NC_060948.1	16329024	0.2727
NC_060948.1	16329025	0.2727
NC_060948.1	16329776	0.0909
NC_060948.1	16331468	0.0909
NC_060948.1	16335365	0.0909
NC_060948.1	16335376	0.1818
NC_060948.1	16335495	0.0909
NC_060948.1	16336869	0.0909
NC_060948.1	16337134	0.0909
NC_060948.1	16340243	0.0909
NC_060948.1	16340613	0.0909
NC_060948.1	16344157	0.0909
NC_060948.1	16344158	0.0909
NC_060948.1	16344455	0.0909
NC_060948.1	16345082	0.0909
NC_060948.1	16345751	0.0909
NC_060948.1	16346090	0.0909
NC_060948.1	16348010	0.0909
NC_060948.1	16354287	0.0909
NC_060948.1	16362030	0.0909
NC_060948.1	16363446	0.1
NC_060948.1	16364162	0.1
NC_060948.1	16364779	0.1
NC_060948.1	16366445	0.1
NC_060948.1	16367624	0.2
NC_060948.1	16375822	0.1
NC_060948.1	16376586	0.1
NC_060948.1	16377337	0.1
NC_060948.1	16377554	0.1
NC_060948.1	16382050	0.1
NC_060948.1	16383388	0.1
NC_060948.1	16383936	0.1
NC_060948.1	16384033	0.1
NC_060948.1	16384156	0.1
NC_060948.1	16386257	0.1
NC_060948.1	16387128	0.1
NC_060948.1	16389604	0.1
NC_060948.1	16391796	0.1
NC_060948.1	16392774	0.1
NC_060948.1	16393740	0.1
NC_060948.1	16395596	0.2
NC_060948.1	16397632	0.1
NC_060948.1	16400375	0.2
NC_060948.1	16400587	0.2
NC_060948.1	16405270	0.1
NC_060948.1	16407315	0.2
NC_060948.1	16408213	0.1
NC_060948.1	16409271	0.1
NC_060948.1	16414618	0.1
NC_060948.1	16415299	0.1
NC_060948.1	16417397	0.2
NC_060948.1	16417398	0.2
NC_060948.1	16417497	0.1
NC_060948.1	16417755	0.1
NC_060948.1	16418402	0.1
NC_060948.1	16419961	0.1
NC_060948.1	16421611	0.1
NC_060948.1	16422125	0.1
NC_060948.1	16422164	0.1
NC_060948.1	16422797	0.1
NC_060948.1	16423305	0.1
NC_060948.1	16424353	0.1
NC_060948.1	16424641	0.1
NC_060948.1	16425544	0.1
NC_060948.1	16426191	0.1
NC_060948.1	16427112	0.1
NC_060948.1	16430105	0.1
NC_060948.1	16432085	0.1
NC_060948.1	16433902	0.1
NC_060948.1	16434466	0.1
NC_060948.1	16437602	0.1
NC_060948.1	16438221	0.2
NC_060948.1	16438244	0.1
NC_060948.1	16439944	0.1
NC_060948.1	16439972	0.1
NC_060948.1	16442989	0.1
NC_060948.1	16444061	0.1
NC_060948.1	16445354	0.1
NC_060948.1	16448729	0.1
NC_060948.1	16450277	0.1
NC_060948.1	16450473	0.1
NC_060948.1	16451520	0.1
NC_060948.1	16454468	0.1
NC_060948.1	16454710	0.1
NC_060948.1	16455596	0.1
NC_060948.1	16457738	0.1
NC_060948.1	16458208	0.1
NC_060948.1	16460093	0.1
NC_060948.1	16460467	0.1
NC_060948.1	16461455	0.1
NC_060948.1	16463131	0.1
NC_060948.1	16463746	0.1
NC_060948.1	16464678	0.1
NC_060948.1	16464811	0.1
NC_060948.1	16464825	0.1
NC_060948.1	16469617	0.1
NC_060948.1	16470865	0.1
NC_060948.1	16471477	0.1
NC_060948.1	16471955	0.1
NC_060948.1	16472889	0.1
NC_060948.1	16473637	0.1
NC_060948.1	16475987	0.1818
NC_060948.1	16476763	0.0909
NC_060948.1	16478537	0.0909
NC_060948.1	16479348	0.0909
NC_060948.1	16481517	0.0909
NC_060948.1	16482179	0.0909
NC_060948.1	16483876	0.0909
NC_060948.1	16485860	0.0909
NC_060948.1	16485908	0.0909
NC_060948.1	16486865	0.0909
NC_060948.1	16487463	0.0909
NC_060948.1	16487606	0.0909
NC_060948.1	16487841	0.0909
NC_060948.1	16488465	0.1
NC_060948.1	16492438	0.0909
NC_060948.1	16492478	0.0909
NC_060948.1	16493447	0.0909
NC_060948.1	16494024	0.1818
NC_060948.1	16497332	0.0909
NC_060948.1	16497917	0.1818
NC_060948.1	16500622	0.0909
NC_060948.1	16503463	0.0909
NC_060948.1	16503512	0.0909
NC_060948.1	16505559	0.1818
NC_060948.1	16506843	0.0909
NC_060948.1	16510858	0.1818
NC_060948.1	16510886	0.0909
NC_060948.1	16513067	0.1818
NC_060948.1	16513975	0.0909
NC_060948.1	16515767	0.0909
NC_060948.1	16516542	0.0909
NC_060948.1	16517437	0.0909
NC_060948.1	16518038	0.0909
NC_060948.1	16518485	0.0909
NC_060948.1	16519978	0.1818
NC_060948.1	16520737	0.0909
NC_060948.1	16520885	0.0909
NC_060948.1	16521109	0.0909
NC_060948.1	16521241	0.0909
NC_060948.1	16521553	0.0909
NC_060948.1	16522965	0.0909
NC_060948.1	16523362	0.0909
NC_060948.1	16526667	0.0909
NC_060948.1	16526989	0.0909
NC_060948.1	16527036	0.0909
NC_060948.1	16527215	0.0909
NC_060948.1	16528175	0.0909
NC_060948.1	16528249	0.0909
NC_060948.1	16528701	0.0909
NC_060948.1	16530946	0.0909
NC_060948.1	16531937	0.0909
NC_060948.1	16536755	0.0909
NC_060948.1	16540693	0.0909
NC_060948.1	16541822	0.1818
NC_060948.1	16542787	0.0909
NC_060948.1	16544088	0.0909
NC_060948.1	16545081	0.0909
NC_060948.1	16545096	0.0909
NC_060948.1	16546181	0.0909
NC_060948.1	16547106	0.0909
NC_060948.1	16548274	0.0909
NC_060948.1	16548404	0.0909
NC_060948.1	16548516	0.0909
NC_060948.1	16550530	0.1818
NC_060948.1	16552643	0.1818
NC_060948.1	16552831	0.0909
NC_060948.1	16553053	0.0909
NC_060948.1	16554584	0.0909
NC_060948.1	16555185	0.0909
NC_060948.1	16555366	0.0909
NC_060948.1	16556518	0.0909
NC_060948.1	16557293	0.0909
NC_060948.1	16558860	0.0909
NC_060948.1	16559870	0.1818
NC_060948.1	16562601	0.2727
NC_060948.1	16565004	0.1818
NC_060948.1	16568533	0.0909
NC_060948.1	16568847	0.0909
NC_060948.1	16571210	0.0909
NC_060948.1	16571281	0.0909
NC_060948.1	16575332	0.0909
NC_060948.1	16576297	0.0909
NC_060948.1	16576788	0.0909
NC_060948.1	16578935	0.0909
NC_060948.1	16580946	0.0909
NC_060948.1	16583112	0.0909
NC_060948.1	16583641	0.0909
NC_060948.1	16583692	0.0909
NC_060948.1	16584563	0.0909
NC_060948.1	16584753	0.0909
NC_060948.1	16588068	0.0909
NC_060948.1	16588524	0.0909
NC_060948.1	16588832	0.1818
NC_060948.1	16588834	0.1818
NC_060948.1	16588835	0.0909
NC_060948.1	16588836	0.1818
NC_060948.1	16588838	0.0909
NC_060948.1	16588840	0.0909
NC_060948.1	16589295	0.0909
NC_060948.1	16589329	0.0909
NC_060948.1	16590675	0.0909
NC_060948.1	16595450	0.0909
NC_060948.1	16597603	0.0909
NC_060948.1	16598159	0.0909
NC_060948.1	16598577	0.0909
NC_060948.1	16599825	0.0909
NC_060948.1	16600477	0.0909
NC_060948.1	16603414	0.0909
NC_060948.1	16604632	0.0909
NC_060948.1	16604929	0.0909
NC_060948.1	16605606	0.0909
NC_060948.1	16606185	0.0909
NC_060948.1	16607696	0.0909
NC_060948.1	16607785	0.1818
NC_060948.1	16608123	0.0909
NC_060948.1	16608669	0.0909
NC_060948.1	16610126	0.0909
NC_060948.1	16610590	0.0909
NC_060948.1	16610645	0.0909
NC_060948.1	16611693	0.0909
NC_060948.1	16613332	0.0909
NC_060948.1	16614547	0.0833
NC_060948.1	16615092	0.0833
NC_060948.1	16615340	0.0833
NC_060948.1	16622065	0.1667
NC_060948.1	16622165	0.1667
NC_060948.1	16624690	0.0833
NC_060948.1	16624694	0.1667
NC_060948.1	16625786	0.0909
NC_060948.1	16626374	0.0833
NC_060948.1	16626755	0.1667
NC_060948.1	16627236	0.1667
NC_060948.1	16627973	0.0833
NC_060948.1	16629350	0.0909
NC_060948.1	16629674	0.0909
NC_060948.1	16629855	0.0909
NC_060948.1	16630318	0.0909
NC_060948.1	16630330	0.0909
NC_060948.1	16630473	0.0909
NC_060948.1	16630947	0.0909
NC_060948.1	16631049	0.1818
NC_060948.1	16631055	0.0909
NC_060948.1	16631057	0.0909
NC_060948.1	16631202	0.0909
NC_060948.1	16633280	0.0909
NC_060948.1	16634350	0.0909
NC_060948.1	16634463	0.0909
NC_060948.1	16634560	0.1818
NC_060948.1	16634973	0.0833
NC_060948.1	16635428	0.0833
NC_060948.1	16638591	0.0833
NC_060948.1	16639152	0.0833
NC_060948.1	16641327	0.1667
NC_060948.1	16643521	0.0833
NC_060948.1	16644753	0.25
NC_060948.1	16644923	0.0833
NC_060948.1	16645525	0.0833
NC_060948.1	16646435	0.0833
NC_060948.1	16646561	0.0833
NC_060948.1	16647951	0.0909
NC_060948.1	16649124	0.0909
NC_060948.1	16649840	0.0909
NC_060948.1	16649978	0.0909
NC_060948.1	16651083	0.0909
NC_060948.1	16651155	0.0909
NC_060948.1	16652062	0.0833
NC_060948.1	16652290	0.0833
NC_060948.1	16652801	0.0833
NC_060948.1	16655649	0.0833
NC_060948.1	16656047	0.0833
NC_060948.1	16656548	0.25
NC_060948.1	16656768	0.0833
NC_060948.1	16659273	0.0833
NC_060948.1	16659520	0.25
NC_060948.1	16659633	0.0833
NC_060948.1	16659664	0.0833
NC_060948.1	16661042	0.0833
NC_060948.1	16662364	0.0909
NC_060948.1	16665164	0.0909
NC_060948.1	16666276	0.0909
NC_060948.1	16666651	0.0909
NC_060948.1	16667275	0.0909
NC_060948.1	16668569	0.0909
NC_060948.1	16670654	0.0909
NC_060948.1	16671081	0.0909
NC_060948.1	16674055	0.0909
NC_060948.1	16675229	0.0909
NC_060948.1	16675803	0.0909
NC_060948.1	16676370	0.0909
NC_060948.1	16677466	0.125
NC_060948.1	16680126	0.0833
NC_060948.1	16681052	0.0833
NC_060948.1	16682703	0.0833
NC_060948.1	16687081	0.0833
NC_060948.1	16687724	0.0833
NC_060948.1	16688829	0.0833
NC_060948.1	16689148	0.25
NC_060948.1	16689875	0.0833
NC_060948.1	16692116	0.0833
NC_060948.1	16693670	0.0833
NC_060948.1	16694378	0.0833
NC_060948.1	16694754	0.0833
NC_060948.1	16695988	0.0833
NC_060948.1	16698473	0.0833
NC_060948.1	16699666	0.0833
NC_060948.1	16701704	0.0833
NC_060948.1	16703833	0.0833
NC_060948.1	16704078	0.0833
NC_060948.1	16704454	0.0833
NC_060948.1	16705513	0.0833
NC_060948.1	16710253	0.0833
NC_060948.1	16712086	0.0833
NC_060948.1	16712476	0.1667
NC_060948.1	16713175	0.0833
NC_060948.1	16713288	0.25
NC_060948.1	16713692	0.0833
NC_060948.1	16713706	0.0833
NC_060948.1	16714571	0.0833
NC_060948.1	16715062	0.0833
NC_060948.1	16715449	0.1667
NC_060948.1	16716375	0.0833
NC_060948.1	16718327	0.0833
NC_060948.1	16719214	0.0833
NC_060948.1	16719967	0.1667
NC_060948.1	16723677	0.0833
NC_060948.1	16724684	0.0833
NC_060948.1	16724762	0.0833
NC_060948.1	16725991	0.0833
NC_060948.1	16726429	0.0833
NC_060948.1	16727349	0.0833
NC_060948.1	16732095	0.0833
NC_060948.1	16735096	0.0833
NC_060948.1	16735374	0.0833
NC_060948.1	16736730	0.0833
NC_060948.1	16738285	0.1667
NC_060948.1	16739900	0.1667
NC_060948.1	16740086	0.0833
NC_060948.1	16742002	0.0833
NC_060948.1	16742130	0.0833
NC_060948.1	16742260	0.1667
NC_060948.1	16743524	0.0833
NC_060948.1	16744168	0.0833
NC_060948.1	16748225	0.1667
NC_060948.1	16748624	0.0833
NC_060948.1	16749416	0.25
NC_060948.1	16750455	0.0833
NC_060948.1	16752492	0.0833
NC_060948.1	16753359	0.0833
NC_060948.1	16754013	0.0833
NC_060948.1	16754394	0.25
NC_060948.1	16756100	0.0833
NC_060948.1	16756699	0.0833
NC_060948.1	16758645	0.0833
NC_060948.1	16761492	0.0833
NC_060948.1	16767202	0.0833
NC_060948.1	16769743	0.0833
NC_060948.1	16770515	0.0833
NC_060948.1	16771299	0.0833
NC_060948.1	16774672	0.1667
NC_060948.1	16775302	0.0833
NC_060948.1	16775841	0.1667
NC_060948.1	16776405	0.0833
NC_060948.1	16779843	0.0833
NC_060948.1	16781275	0.0833
NC_060948.1	16790830	0.0909
NC_060948.1	16791725	0.0909
NC_060948.1	16792613	0.1818
NC_060948.1	16793121	0.0909
NC_060948.1	16793628	0.1818
NC_060948.1	16794426	0.2727
NC_060948.1	16794824	0.1818
NC_060948.1	16794834	0.1429
NC_060948.1	16795454	0.0909
NC_060948.1	16795484	0.1818
NC_060948.1	16796481	0.1818
NC_060948.1	16796657	0.1818
NC_060948.1	16799709	0.0909
NC_060948.1	16800608	0.0909
NC_060948.1	16801422	0.2
NC_060948.1	16801710	0.1
NC_060948.1	16811731	0.1667
NC_060948.1	16812107	0.0833
NC_060948.1	16812649	0.0833
NC_060948.1	16813567	0.0833
NC_060948.1	16814670	0.0833
NC_060948.1	16817187	0.1667
NC_060948.1	16817438	0.0833
NC_060948.1	16818554	0.0833
NC_060948.1	16819809	0.0833
NC_060948.1	16821434	0.0833
NC_060948.1	16821603	0.0833
NC_060948.1	16822684	0.0833
NC_060948.1	16822783	0.0833
NC_060948.1	16823240	0.0833
NC_060948.1	16825317	0.0833
NC_060948.1	16826420	0.0833
NC_060948.1	16826673	0.0833
NC_060948.1	16827670	0.0833
NC_060948.1	16827973	0.1667
NC_060948.1	16829284	0.0833
NC_060948.1	16830706	0.0833
NC_060948.1	16835280	0.2727
NC_060948.1	16835403	0.0909
NC_060948.1	16836078	0.0909
NC_060948.1	16836357	0.1818
NC_060948.1	16837224	0.0909
NC_060948.1	16837441	0.0909
NC_060948.1	16839007	0.0909
NC_060948.1	16840181	0.0909
NC_060948.1	16842055	0.0909
NC_060948.1	16842151	0.0909
NC_060948.1	16843590	0.0909
NC_060948.1	16844662	0.1818
NC_060948.1	16844706	0.0909
NC_060948.1	16844739	0.1818
NC_060948.1	16845985	0.0909
NC_060948.1	16847015	0.0909
NC_060948.1	16848564	0.0909
NC_060948.1	16849203	0.0909
NC_060948.1	16850976	0.0909
NC_060948.1	16851638	0.0909
NC_060948.1	16851655	0.0909
NC_060948.1	16852760	0.0909
NC_060948.1	16853188	0.1818
NC_060948.1	16854076	0.0909
NC_060948.1	16854384	0.1818
NC_060948.1	16855540	0.0909
NC_060948.1	16855837	0.1818
NC_060948.1	16856264	0.1818
NC_060948.1	16858472	0.0909
NC_060948.1	16858523	0.0909
NC_060948.1	16858664	0.0909
NC_060948.1	16858939	0.0909
NC_060948.1	16859044	0.0909
NC_060948.1	16859292	0.0909
NC_060948.1	16859844	0.0909
NC_060948.1	16860102	0.0909
NC_060948.1	16860826	0.0909
NC_060948.1	16861108	0.0909
NC_060948.1	16861758	0.0909
NC_060948.1	16862126	0.1818
NC_060948.1	16862130	0.1818
NC_060948.1	16862138	0.0909
NC_060948.1	16862142	0.1818
NC_060948.1	16863170	0.0909
NC_060948.1	16863785	0.1818
NC_060948.1	16865525	0.0909
NC_060948.1	16866513	0.0909
NC_060948.1	16868531	0.0909
NC_060948.1	16868609	0.0909
NC_060948.1	16868723	0.0909
NC_060948.1	16871036	0.0909
NC_060948.1	16871992	0.0909
NC_060948.1	16872253	0.0909
NC_060948.1	16874212	0.0833
NC_060948.1	16874498	0.0833
NC_060948.1	16875765	0.0833
NC_060948.1	16876105	0.0833
NC_060948.1	16877471	0.0833
NC_060948.1	16878794	0.0833
NC_060948.1	16880670	0.0833
NC_060948.1	16881675	0.0833
NC_060948.1	16883269	0.0833
NC_060948.1	16884184	0.0833
NC_060948.1	16884310	0.1667
NC_060948.1	16887644	0.1667
NC_060948.1	16887813	0.0833
NC_060948.1	16890007	0.0833
NC_060948.1	16890054	0.0833
NC_060948.1	16890927	0.0833
NC_060948.1	16891031	0.1667
NC_060948.1	16891922	0.0833
NC_060948.1	16892190	0.0833
NC_060948.1	16897234	0.0833
NC_060948.1	16897770	0.0833
NC_060948.1	16901175	0.1667
NC_060948.1	16901426	0.0833
NC_060948.1	16901666	0.0833
NC_060948.1	16904224	0.0833
NC_060948.1	16904949	0.1667
NC_060948.1	16905031	0.0833
NC_060948.1	16905623	0.0833
NC_060948.1	16907207	0.0833
NC_060948.1	16907971	0.0833
NC_060948.1	16908642	0.0833
NC_060948.1	16909732	0.0909
NC_060948.1	16910636	0.0833
NC_060948.1	16911269	0.0833
NC_060948.1	16911866	0.0833
NC_060948.1	16912687	0.0833
NC_060948.1	16912987	0.0833
NC_060948.1	16913331	0.0833
NC_060948.1	16913904	0.0833
NC_060948.1	16915836	0.0833
NC_060948.1	16916273	0.0833
NC_060948.1	16917566	0.0833
NC_060948.1	16920371	0.0833
NC_060948.1	16922661	0.0833
NC_060948.1	16923239	0.0833
NC_060948.1	16926897	0.0833
NC_060948.1	16927363	0.0833
NC_060948.1	16927815	0.1667
NC_060948.1	16928343	0.25
NC_060948.1	16929687	0.0833
NC_060948.1	16929759	0.0833
NC_060948.1	16932496	0.0833
NC_060948.1	16932966	0.0833
NC_060948.1	16934411	0.0833
NC_060948.1	16934706	0.0833
NC_060948.1	16934896	0.0833
NC_060948.1	16938688	0.1667
NC_060948.1	16944255	0.5
NC_060948.1	16944259	0.3333
NC_060948.1	16944263	0.1667
NC_060948.1	16944267	0.1667
NC_060948.1	16944599	0.1667
NC_060948.1	16945235	0.0833
NC_060948.1	16945496	0.0833
NC_060948.1	16945578	0.0833
NC_060948.1	16947062	0.1667
NC_060948.1	16947825	0.0833
NC_060948.1	16948207	0.0833
NC_060948.1	16948291	0.0833
NC_060948.1	16950217	0.0833
NC_060948.1	16950423	0.0833
NC_060948.1	16951425	0.1667
NC_060948.1	16951776	0.0833
NC_060948.1	16951792	0.0833
NC_060948.1	16952819	0.0833
NC_060948.1	16954843	0.0833
NC_060948.1	16956937	0.1667
NC_060948.1	16957404	0.0833
NC_060948.1	16957500	0.0833
NC_060948.1	16959127	0.0833
NC_060948.1	16962067	0.0833
NC_060948.1	16962580	0.1667
NC_060948.1	16964717	0.0833
NC_060948.1	16965428	0.0833
NC_060948.1	16967857	0.1667
NC_060948.1	16970788	0.0833
NC_060948.1	16971672	0.1667
NC_060948.1	16972754	0.1667
NC_060948.1	16972839	0.0833
NC_060948.1	16973706	0.0833
NC_060948.1	16973887	0.1667
NC_060948.1	16974592	0.0833
NC_060948.1	16974957	0.0833
NC_060948.1	16975109	0.0833
NC_060948.1	16976466	0.0833
NC_060948.1	16976704	0.0833
NC_060948.1	16981259	0.0833
NC_060948.1	16982208	0.0833
NC_060948.1	16982653	0.0833
NC_060948.1	16985264	0.0833
NC_060948.1	16986679	0.0833
NC_060948.1	16987868	0.1667
NC_060948.1	16988457	0.0833
NC_060948.1	16988758	0.0909
NC_060948.1	16989866	0.0833
NC_060948.1	16990923	0.1667
NC_060948.1	16995583	0.0833
NC_060948.1	16998228	0.0833
NC_060948.1	17000850	0.0833
NC_060948.1	17001946	0.0833
NC_060948.1	17003828	0.0833
NC_060948.1	17004793	0.0833
NC_060948.1	17006668	0.0833
NC_060948.1	17011496	0.0833
NC_060948.1	17011658	0.0833
NC_060948.1	17013987	0.0833
NC_060948.1	17015118	0.0833
NC_060948.1	17016154	0.0833
NC_060948.1	17016282	0.0833
NC_060948.1	17016283	0.1667
NC_060948.1	17017288	0.1667
NC_060948.1	17018791	0.0833
NC_060948.1	17020589	0.1667
NC_060948.1	17021566	0.1667
NC_060948.1	17024255	0.1667
NC_060948.1	17025280	0.0833
NC_060948.1	17026616	0.0833
NC_060948.1	17028156	0.0833
NC_060948.1	17036224	0.0833
NC_060948.1	17037405	0.1667
NC_060948.1	17037496	0.0833
NC_060948.1	17038295	0.0833
NC_060948.1	17040075	0.0833
NC_060948.1	17040483	0.0833
NC_060948.1	17043358	0.0833
NC_060948.1	17044569	0.0833
NC_060948.1	17045646	0.0833
NC_060948.1	17049674	0.0833
NC_060948.1	17051688	0.0833
NC_060948.1	17052146	0.0833
NC_060948.1	17054439	0.0833
NC_060948.1	17056294	0.0833
NC_060948.1	17057479	0.0833
NC_060948.1	17060955	0.0833
NC_060948.1	17063837	0.0833
NC_060948.1	17064337	0.0833
NC_060948.1	17064824	0.0833
NC_060948.1	17065688	0.0909
NC_060948.1	17176423	0.0833
NC_060948.1	17176745	0.0833
NC_060948.1	17177285	0.0833
NC_060948.1	17177717	0.0833
NC_060948.1	17179520	0.0833
NC_060948.1	17179526	0.0833
NC_060948.1	17181057	0.0833
NC_060948.1	17181451	0.0833
NC_060948.1	17181834	0.0833
NC_060948.1	17181960	0.0833
NC_060948.1	17182182	0.1667
NC_060948.1	17183014	0.0833
NC_060948.1	17183350	0.0833
NC_060948.1	17183512	0.0833
NC_060948.1	17184366	0.0833
NC_060948.1	17185794	0.0833
NC_060948.1	17186011	0.0833
NC_060948.1	17188508	0.1667
NC_060948.1	17189010	0.0833
NC_060948.1	17189070	0.0833
NC_060948.1	17189322	0.0833
NC_060948.1	17190456	0.1667
NC_060948.1	17191285	0.0833
NC_060948.1	17191393	0.0833
NC_060948.1	17192852	0.0833
NC_060948.1	17192866	0.1667
NC_060948.1	17192951	0.0833
NC_060948.1	17195056	0.1667
NC_060948.1	17196699	0.0833
NC_060948.1	17197077	0.0833
NC_060948.1	17200365	0.0833
NC_060948.1	17200412	0.0833
NC_060948.1	17200517	0.0833
NC_060948.1	17202230	0.0833
NC_060948.1	17202284	0.0833
NC_060948.1	17203241	0.0833
NC_060948.1	17203608	0.0833
NC_060948.1	17203767	0.0833
NC_060948.1	17205369	0.0833
NC_060948.1	17205472	0.1667
NC_060948.1	17206479	0.0833
NC_060948.1	17209840	0.0833
NC_060948.1	17210044	0.0833
NC_060948.1	17217300	0.0833
NC_060948.1	17217328	0.0833
NC_060948.1	17219712	0.0833
NC_060948.1	17220746	0.0833
NC_060948.1	17221415	0.0833
NC_060948.1	17332966	0.0909
NC_060948.1	17335073	0.1
NC_060948.1	17335181	0.1
NC_060948.1	17337003	0.1
NC_060948.1	17337312	0.1
NC_060948.1	17337660	0.1
NC_060948.1	17339071	0.1
NC_060948.1	17341325	0.0909
NC_060948.1	17342010	0.0909
NC_060948.1	17343785	0.0909
NC_060948.1	17343810	0.1818
NC_060948.1	17343865	0.1818
NC_060948.1	17346591	0.0909
NC_060948.1	17347029	0.0909
NC_060948.1	17347130	0.0909
NC_060948.1	17351235	0.0909
NC_060948.1	17355713	0.0909
NC_060948.1	17360006	0.0909
NC_060948.1	17360793	0.0909
NC_060948.1	17361799	0.0909
NC_060948.1	17361841	0.0909
NC_060948.1	17367004	0.0909
NC_060948.1	17367736	0.0909
NC_060948.1	17367915	0.0909
NC_060948.1	17369503	0.0909
NC_060948.1	17371213	0.0909
NC_060948.1	17373148	0.0909
NC_060948.1	17375641	0.0909
NC_060948.1	17376500	0.0909
NC_060948.1	17378856	0.0909
NC_060948.1	17380075	0.0909
NC_060948.1	17380087	0.0909
NC_060948.1	17383318	0.1818
NC_060948.1	17384189	0.1818
NC_060948.1	17384365	0.0909
NC_060948.1	17384371	0.2727
NC_060948.1	17386695	0.1818
NC_060948.1	17386941	0.0909
NC_060948.1	17387513	0.1818
NC_060948.1	17390112	0.0909
NC_060948.1	17390801	0.0909
NC_060948.1	17391511	0.1818
NC_060948.1	17393879	0.1818
NC_060948.1	17395039	0.0909
NC_060948.1	17395938	0.1818
NC_060948.1	17396754	0.0909
NC_060948.1	17397555	0.1818
NC_060948.1	17401129	0.0909
NC_060948.1	17402051	0.0909
NC_060948.1	17402337	0.0909
NC_060948.1	17405606	0.0909
NC_060948.1	17406308	0.0909
NC_060948.1	17407425	0.0909
NC_060948.1	17407427	0.0909
NC_060948.1	17407555	0.0909
NC_060948.1	17408417	0.1818
NC_060948.1	17408758	0.0909
NC_060948.1	17411131	0.0909
NC_060948.1	17411138	0.0909
NC_060948.1	17412000	0.0909
NC_060948.1	17412260	0.0909
NC_060948.1	17412954	0.0909
NC_060948.1	17416990	0.1818
NC_060948.1	17420943	0.0909
NC_060948.1	17422982	0.0909
NC_060948.1	17426558	0.0909
NC_060948.1	17427749	0.1818
NC_060948.1	17428481	0.1818
NC_060948.1	17430819	0.0909
NC_060948.1	17432062	0.0909
NC_060948.1	17436566	0.0909
NC_060948.1	17438211	0.0909
NC_060948.1	17441811	0.0909
NC_060948.1	17441983	0.0909
NC_060948.1	17444515	0.0909
NC_060948.1	17446011	0.1818
NC_060948.1	17447078	0.0909
NC_060948.1	17451152	0.0909
NC_060948.1	17451316	0.0909
NC_060948.1	17454457	0.0909
NC_060948.1	17454735	0.2727
NC_060948.1	17455848	0.0909
NC_060948.1	17457320	0.0909
NC_060948.1	17458339	0.0909
NC_060948.1	17458352	0.0909
NC_060948.1	17460756	0.0909
NC_060948.1	17462161	0.0909
NC_060948.1	17467392	0.1818
NC_060948.1	17470263	0.0909
NC_060948.1	17477771	0.0909
NC_060948.1	17478819	0.0909
NC_060948.1	17482355	0.1818
NC_060948.1	17483141	0.0909
NC_060948.1	17483195	0.0909
NC_060948.1	17483851	0.0909
NC_060948.1	17484905	0.0909
NC_060948.1	17487967	0.0909
NC_060948.1	17488387	0.1818
NC_060948.1	17488388	0.0909
NC_060948.1	17488389	0.0909
NC_060948.1	17488658	0.0909
NC_060948.1	17489178	0.0909
NC_060948.1	17489837	0.0909
NC_060948.1	17490121	0.0909
NC_060948.1	17491280	0.0909
NC_060948.1	17493252	0.0909
NC_060948.1	17493503	0.1818
NC_060948.1	17493509	0.0909
NC_060948.1	17493928	0.0909
NC_060948.1	17497337	0.0909
NC_060948.1	17497639	0.0909
NC_060948.1	17498073	0.0909
NC_060948.1	17501548	0.0909
NC_060948.1	17505003	0.0909
NC_060948.1	17506818	0.0909
NC_060948.1	17509753	0.0909
NC_060948.1	17513004	0.0909
NC_060948.1	17513876	0.1818
NC_060948.1	17514243	0.0909
NC_060948.1	17514706	0.0909
NC_060948.1	17519826	0.0909
NC_060948.1	17520496	0.0909
NC_060948.1	17521346	0.0909
NC_060948.1	17522745	0.0909
NC_060948.1	17523296	0.1818
NC_060948.1	17523625	0.1818
NC_060948.1	17523950	0.0909
NC_060948.1	17529646	0.0909
NC_060948.1	17533503	0.3636
NC_060948.1	17533505	0.2727
NC_060948.1	17533507	0.0909
NC_060948.1	17536190	0.0909
NC_060948.1	17536880	0.1818
NC_060948.1	17537970	0.0909
NC_060948.1	17538149	0.1818
NC_060948.1	17539146	0.0909
NC_060948.1	17546087	0.0909
NC_060948.1	17548725	0.0909
NC_060948.1	17550854	0.0909
NC_060948.1	17553776	0.0909
NC_060948.1	17554377	0.0909
NC_060948.1	17554502	0.0909
NC_060948.1	17556410	0.0909
NC_060948.1	17558543	0.0909
NC_060948.1	17559317	0.0909
NC_060948.1	17560304	0.0909
NC_060948.1	17564278	0.0909
NC_060948.1	17564329	0.0909
NC_060948.1	17568160	0.0909
NC_060948.1	17571284	0.0909
NC_060948.1	17581780	0.0909
NC_060948.1	17582006	0.0909
NC_060948.1	17582982	0.0909
NC_060948.1	17585359	0.0909
NC_060948.1	17585361	0.0909
NC_060948.1	17589632	0.0909
NC_060948.1	17590338	0.0909
NC_060948.1	17591101	0.0909
NC_060948.1	17591852	0.0909
NC_060948.1	17592029	0.0909
NC_060948.1	17594440	0.0909
NC_060948.1	17594608	0.0909
NC_060948.1	17595936	0.0909
NC_060948.1	17596562	0.0909
NC_060948.1	17598559	0.0909
NC_060948.1	17598704	0.0909
NC_060948.1	17599598	0.1818
NC_060948.1	17599600	0.2727
NC_060948.1	17600677	0.1818
NC_060948.1	17600802	0.0909
NC_060948.1	17608980	0.0909
NC_060948.1	17609229	0.0909
NC_060948.1	17609441	0.0909
NC_060948.1	17613457	0.0909
NC_060948.1	17614729	0.1818
NC_060948.1	17618017	0.0909
NC_060948.1	17622832	0.0909
NC_060948.1	17625728	0.0909
NC_060948.1	17625929	0.0909
NC_060948.1	17626224	0.0909
NC_060948.1	17627387	0.0909
NC_060948.1	17627461	0.0909
NC_060948.1	17627819	0.0909
NC_060948.1	17627857	0.0909
NC_060948.1	17629179	0.1818
NC_060948.1	17632516	0.0909
NC_060948.1	17633140	0.0909
NC_060948.1	17633802	0.0909
NC_060948.1	17637785	0.1818
NC_060948.1	17638017	0.1818
NC_060948.1	17638209	0.0909
NC_060948.1	17641902	0.0909
NC_060948.1	17642799	0.0909
NC_060948.1	17643237	0.0909
NC_060948.1	17650153	0.0909
NC_060948.1	17650387	0.0909
NC_060948.1	17655181	0.0909
NC_060948.1	17656777	0.0909
NC_060948.1	17658852	0.0909
NC_060948.1	17659943	0.0909
NC_060948.1	17660641	0.0909
NC_060948.1	17663126	0.0909
NC_060948.1	17666312	0.0909
NC_060948.1	17666727	0.0909
NC_060948.1	17666842	0.0909
NC_060948.1	17666843	0.1818
NC_060948.1	17666845	0.0909
NC_060948.1	17666852	0.0909
NC_060948.1	17666856	0.0909
NC_060948.1	17666860	0.0909
NC_060948.1	17666864	0.0909
NC_060948.1	17666869	0.0909
NC_060948.1	17666880	0.0909
NC_060948.1	17666884	0.0909
NC_060948.1	17666888	0.0909
NC_060948.1	17666893	0.0909
NC_060948.1	17667142	0.2727
NC_060948.1	17670306	0.0909
NC_060948.1	17670728	0.0909
NC_060948.1	17671134	0.0909
NC_060948.1	17671816	0.0909
NC_060948.1	17672300	0.0909
NC_060948.1	17673506	0.0909
NC_060948.1	17674816	0.0909
NC_060948.1	17675207	0.1818
NC_060948.1	17678398	0.0909
NC_060948.1	17679708	0.0909
NC_060948.1	17681531	0.0909
NC_060948.1	17682569	0.0909
NC_060948.1	17684696	0.0909
NC_060948.1	17685182	0.0909
NC_060948.1	17685204	0.0909
NC_060948.1	17685272	0.0909
NC_060948.1	17685276	0.0909
NC_060948.1	17685588	0.0909
NC_060948.1	17685608	0.0909
NC_060948.1	17686588	0.0909
NC_060948.1	17686922	0.0909
NC_060948.1	17688672	0.0909
NC_060948.1	17688787	0.0909
NC_060948.1	17689462	0.0909
NC_060948.1	17695161	0.0909
NC_060948.1	17698469	0.0909
NC_060948.1	17699474	0.1818
NC_060948.1	17699826	0.0909
NC_060948.1	17701872	0.0909
NC_060948.1	17702563	0.0909
NC_060948.1	17702748	0.1
NC_060948.1	17703558	0.1
NC_060948.1	17703801	0.1
NC_060948.1	17708815	0.1
NC_060948.1	17709075	0.0909
NC_060948.1	17711382	0.0909
NC_060948.1	17711940	0.0909
NC_060948.1	17712487	0.0909
NC_060948.1	17713829	0.0909
NC_060948.1	17716626	0.0909
NC_060948.1	17719576	0.1818
NC_060948.1	17719952	0.1818
NC_060948.1	17719956	0.0909
NC_060948.1	17719960	0.0909
NC_060948.1	17723919	0.0909
NC_060948.1	17727466	0.0909
NC_060948.1	17728427	0.0909
NC_060948.1	17728786	0.0909
NC_060948.1	17729261	0.1818
NC_060948.1	17730541	0.0909
NC_060948.1	17734737	0.0909
NC_060948.1	17734827	0.0909
NC_060948.1	17735166	0.1818
NC_060948.1	17736354	0.0909
NC_060948.1	17737196	0.0909
NC_060948.1	17743613	0.1818
NC_060948.1	17745445	0.0909
NC_060948.1	17745557	0.0909
NC_060948.1	17745723	0.2727
NC_060948.1	17746291	0.0909
NC_060948.1	17746849	0.0909
NC_060948.1	17746850	0.1818
NC_060948.1	17747687	0.0909
NC_060948.1	17748920	0.0909
NC_060948.1	17749295	0.0909
NC_060948.1	17750411	0.0909
NC_060948.1	17752342	0.0909
NC_060948.1	17752878	0.0909
NC_060948.1	17753058	0.0909
NC_060948.1	17753822	0.0909
NC_060948.1	17756140	0.0909
NC_060948.1	17756503	0.0909
NC_060948.1	17756633	0.1818
NC_060948.1	17757764	0.0909
NC_060948.1	17758126	0.0909
NC_060948.1	17758892	0.0909
NC_060948.1	17759108	0.1818
NC_060948.1	17759866	0.0909
NC_060948.1	17761515	0.0909
NC_060948.1	17761547	0.0909
NC_060948.1	17762333	0.0909
NC_060948.1	17762504	0.1818
NC_060948.1	17762910	0.1818
NC_060948.1	17763276	0.0909
NC_060948.1	17765898	0.1818
NC_060948.1	17767807	0.0909
NC_060948.1	17768818	0.1818
NC_060948.1	17770226	0.1818
NC_060948.1	17771504	0.0909
NC_060948.1	17774458	0.0909
NC_060948.1	17775905	0.0909
NC_060948.1	17776193	0.0909
NC_060948.1	17777237	0.0909
NC_060948.1	17777429	0.0909
NC_060948.1	17780711	0.0909
NC_060948.1	17781555	0.0909
NC_060948.1	17782385	0.1818
NC_060948.1	17784870	0.0909
NC_060948.1	17786886	0.0909
NC_060948.1	17787580	0.0909
NC_060948.1	17789714	0.0909
NC_060948.1	17791617	0.0909
NC_060948.1	17793205	0.0909
NC_060948.1	17795736	0.1818
NC_060948.1	17795741	0.1818
NC_060948.1	17796124	0.0909
NC_060948.1	17797174	0.0909
NC_060948.1	17798598	0.0909
NC_060948.1	17798631	0.0909
NC_060948.1	17798804	0.0909
NC_060948.1	17801501	0.0909
NC_060948.1	17803260	0.0833
NC_060948.1	17807043	0.0833
NC_060948.1	17807312	0.1667
NC_060948.1	17808101	0.0833
NC_060948.1	17808105	0.0833
NC_060948.1	17808212	0.0833
NC_060948.1	17808228	0.0833
NC_060948.1	17808627	0.0833
NC_060948.1	17809996	0.0833
NC_060948.1	17810471	0.3333
NC_060948.1	17810870	0.1667
NC_060948.1	17811037	0.0833
NC_060948.1	17811142	0.25
NC_060948.1	17811205	0.0833
NC_060948.1	17812948	0.0833
NC_060948.1	17813622	0.1667
NC_060948.1	17813725	0.0833
NC_060948.1	17814036	0.25
NC_060948.1	17814878	0.0833
NC_060948.1	17814968	0.0833
NC_060948.1	17816809	0.0833
NC_060948.1	17816878	0.0833
NC_060948.1	17818641	0.0833
NC_060948.1	17819347	0.0833
NC_060948.1	17819492	0.0833
NC_060948.1	17820278	0.0833
NC_060948.1	17820459	0.0833
NC_060948.1	17821796	0.25
NC_060948.1	17822869	0.25
NC_060948.1	17822993	0.0833
NC_060948.1	17824094	0.0833
NC_060948.1	17824121	0.0833
NC_060948.1	17824398	0.1667
NC_060948.1	17824466	0.0833
NC_060948.1	17824606	0.0833
NC_060948.1	17825627	0.0833
NC_060948.1	17827165	0.1667
NC_060948.1	17828087	0.25
NC_060948.1	17832926	0.0833
NC_060948.1	17833920	0.0833
NC_060948.1	17834374	0.0833
NC_060948.1	17838720	0.1667
NC_060948.1	17839438	0.0833
NC_060948.1	17840176	0.0833
NC_060948.1	17842478	0.0833
NC_060948.1	17843018	0.1667
NC_060948.1	17843020	0.0833
NC_060948.1	17843351	0.1667
NC_060948.1	17844929	0.0833
NC_060948.1	17845106	0.0833
NC_060948.1	17848679	0.0833
NC_060948.1	17849132	0.0833
NC_060948.1	17849231	0.1667
NC_060948.1	17849518	0.0833
NC_060948.1	17850271	0.0833
NC_060948.1	17853005	0.0833
NC_060948.1	17853379	0.0833
NC_060948.1	17853530	0.0833
NC_060948.1	17853829	0.1667
NC_060948.1	17854510	0.0833
NC_060948.1	17855978	0.0833
NC_060948.1	17857598	0.1667
NC_060948.1	17860074	0.0833
NC_060948.1	17862036	0.0833
NC_060948.1	17862098	0.0833
NC_060948.1	17864538	0.0833
NC_060948.1	17866712	0.0833
NC_060948.1	17866969	0.0833
NC_060948.1	17867651	0.0833
NC_060948.1	17867717	0.0833
NC_060948.1	17868562	0.1667
NC_060948.1	17870132	0.0833
NC_060948.1	17872001	0.0833
NC_060948.1	17872642	0.0833
NC_060948.1	17876124	0.0833
NC_060948.1	17876370	0.0833
NC_060948.1	17877919	0.0833
NC_060948.1	17878487	0.0833
NC_060948.1	17878575	0.0833
NC_060948.1	17878994	0.0833
NC_060948.1	17880001	0.0833
NC_060948.1	17882512	0.0833
NC_060948.1	17883176	0.0833
NC_060948.1	17885244	0.1667
NC_060948.1	17886184	0.0833
NC_060948.1	17886273	0.0833
NC_060948.1	17886682	0.0833
NC_060948.1	17889892	0.0833
NC_060948.1	17890472	0.1667
NC_060948.1	17890564	0.0833
NC_060948.1	17892264	0.0833
NC_060948.1	17893904	0.0833
NC_060948.1	17894456	0.0833
NC_060948.1	17895697	0.0833
NC_060948.1	17896993	0.0833
NC_060948.1	17897436	0.0833
NC_060948.1	17898011	0.0833
NC_060948.1	17898236	0.0833
NC_060948.1	17898500	0.0833
NC_060948.1	17898504	0.0833
NC_060948.1	17898508	0.0833
NC_060948.1	17899776	0.0833
NC_060948.1	17902801	0.0833
NC_060948.1	17903944	0.1667
NC_060948.1	17905211	0.1667
NC_060948.1	17905527	0.0833
NC_060948.1	17907179	0.1667
NC_060948.1	17909290	0.0833
NC_060948.1	17909446	0.0833
NC_060948.1	17911873	0.1667
NC_060948.1	17912288	0.0833
NC_060948.1	17912792	0.1667
NC_060948.1	17915154	0.0833
NC_060948.1	17915909	0.0833
NC_060948.1	17916417	0.0833
NC_060948.1	17916549	0.0833
NC_060948.1	17916550	0.0833
NC_060948.1	17922265	0.1667
NC_060948.1	17922267	0.0833
NC_060948.1	17922287	0.0833
NC_060948.1	17922289	0.4167
NC_060948.1	17922291	0.1667
NC_060948.1	17922363	0.0833
NC_060948.1	17923380	0.1667
NC_060948.1	17923558	0.0833
NC_060948.1	17923955	0.0833
NC_060948.1	17927094	0.0833
NC_060948.1	17927512	0.0833
NC_060948.1	17931440	0.0833
NC_060948.1	17932970	0.3
NC_060948.1	17932972	0.1818
NC_060948.1	17933584	0.1818
NC_060948.1	17934649	0.0909
NC_060948.1	17935296	0.1818
NC_060948.1	17937467	0.0909
NC_060948.1	17938992	0.0909
NC_060948.1	17941352	0.0909
NC_060948.1	17941494	0.0909
NC_060948.1	17943291	0.0909
NC_060948.1	17944170	0.0909
NC_060948.1	17944209	0.0909
NC_060948.1	17945144	0.0909
NC_060948.1	17946491	0.0909
NC_060948.1	17946688	0.0909
NC_060948.1	17946985	0.0909
NC_060948.1	17948522	0.0909
NC_060948.1	17949088	0.0909
NC_060948.1	17950244	0.0909
NC_060948.1	17954000	0.0909
NC_060948.1	17955365	0.0909
NC_060948.1	17957803	0.1818
NC_060948.1	17960271	0.0909
NC_060948.1	17960526	0.1818
NC_060948.1	17961479	0.0909
NC_060948.1	17962290	0.0909
NC_060948.1	17963345	0.0909
NC_060948.1	17963594	0.0909
NC_060948.1	17964101	0.0909
NC_060948.1	17965072	0.1
NC_060948.1	17968664	0.0909
NC_060948.1	17970682	0.0909
NC_060948.1	17971621	0.0909
NC_060948.1	17971622	0.0909
NC_060948.1	17971940	0.0909
NC_060948.1	17972229	0.0909
NC_060948.1	17972759	0.0909
NC_060948.1	17973953	0.0909
NC_060948.1	17974158	0.0909
NC_060948.1	17974224	0.0909
NC_060948.1	17975068	0.0909
NC_060948.1	17977326	0.1818
NC_060948.1	17977471	0.0909
NC_060948.1	17977963	0.0909
NC_060948.1	17978449	0.0909
NC_060948.1	17985915	0.0909
NC_060948.1	17987640	0.1818
NC_060948.1	17988678	0.0909
NC_060948.1	17988929	0.0909
NC_060948.1	17992485	0.0909
NC_060948.1	17992825	0.0909
NC_060948.1	17996696	0.0909
NC_060948.1	17999168	0.0909
NC_060948.1	18000427	0.0909
NC_060948.1	18002419	0.0909
NC_060948.1	18002481	0.0909
NC_060948.1	18004600	0.0909
NC_060948.1	18005244	0.0909
NC_060948.1	18006540	0.0909
NC_060948.1	18006917	0.0909
NC_060948.1	18007103	0.0909
NC_060948.1	18007723	0.0909
NC_060948.1	18012675	0.0909
NC_060948.1	18013306	0.0909
NC_060948.1	18014359	0.0909
NC_060948.1	18015082	0.0909
NC_060948.1	18019540	0.0909
NC_060948.1	18021930	0.0909
NC_060948.1	18023525	0.1818
NC_060948.1	18023774	0.0909
NC_060948.1	18027951	0.0909
NC_060948.1	18028619	0.0909
NC_060948.1	18028622	0.0909
NC_060948.1	18029658	0.1818
NC_060948.1	18030260	0.0909
NC_060948.1	18031328	0.0909
NC_060948.1	18031722	0.1818
NC_060948.1	18032191	0.0909
NC_060948.1	18032930	0.0909
NC_060948.1	18036134	0.0909
NC_060948.1	18036723	0.0909
NC_060948.1	18038368	0.0833
NC_060948.1	18039510	0.1667
NC_060948.1	18039713	0.0833
NC_060948.1	18039835	0.0833
NC_060948.1	18040050	0.1667
NC_060948.1	18040106	0.0833
NC_060948.1	18040909	0.0833
NC_060948.1	18041171	0.1667
NC_060948.1	18041194	0.0833
NC_060948.1	18041980	0.0833
NC_060948.1	18044198	0.0833
NC_060948.1	18044975	0.0833
NC_060948.1	18046036	0.0833
NC_060948.1	18046762	0.0833
NC_060948.1	18046837	0.0833
NC_060948.1	18047881	0.0833
NC_060948.1	18048247	0.0833
NC_060948.1	18052022	0.0833
NC_060948.1	18053527	0.1667
NC_060948.1	18055292	0.0833
NC_060948.1	18055455	0.0833
NC_060948.1	18055853	0.0833
NC_060948.1	18058653	0.0833
NC_060948.1	18060608	0.0833
NC_060948.1	18060817	0.0833
NC_060948.1	18061981	0.0833
NC_060948.1	18062835	0.0909
NC_060948.1	18063942	0.0833
NC_060948.1	18064490	0.0833
NC_060948.1	18064534	0.0833
NC_060948.1	18065723	0.0833
NC_060948.1	18066036	0.0833
NC_060948.1	18067717	0.0833
NC_060948.1	18068918	0.0833
NC_060948.1	18072382	0.0833
NC_060948.1	18074402	0.0833
NC_060948.1	18077730	0.0833
NC_060948.1	18078656	0.0833
NC_060948.1	18078736	0.0833
NC_060948.1	18080617	0.0833
NC_060948.1	18080625	0.0833
NC_060948.1	18080656	0.0833
NC_060948.1	18081042	0.0833
NC_060948.1	18084057	0.1667
NC_060948.1	18085996	0.0833
NC_060948.1	18086643	0.0833
NC_060948.1	18089208	0.0833
NC_060948.1	18089693	0.0833
NC_060948.1	18092775	0.0833
NC_060948.1	18092958	0.0833
NC_060948.1	18093043	0.0833
NC_060948.1	18095093	0.0833
NC_060948.1	18096318	0.0833
NC_060948.1	18096831	0.1667
NC_060948.1	18097240	0.0833
NC_060948.1	18097315	0.0833
NC_060948.1	18097745	0.0833
NC_060948.1	18097961	0.0833
NC_060948.1	18101093	0.1667
NC_060948.1	18101168	0.0833
NC_060948.1	18104104	0.0833
NC_060948.1	18104713	0.0833
NC_060948.1	18107823	0.0833
NC_060948.1	18108755	0.0833
NC_060948.1	18110631	0.0833
NC_060948.1	18111032	0.0833
NC_060948.1	18111725	0.0833
NC_060948.1	18113150	0.1667
NC_060948.1	18117612	0.1667
NC_060948.1	18117799	0.0833
NC_060948.1	18118165	0.0833
NC_060948.1	18119263	0.0833
NC_060948.1	18119576	0.0833
NC_060948.1	18119804	0.0833
NC_060948.1	18119860	0.0833
NC_060948.1	18120544	0.0833
NC_060948.1	18120795	0.0833
NC_060948.1	18121546	0.0833
NC_060948.1	18121972	0.0833
NC_060948.1	18122147	0.1667
NC_060948.1	18125042	0.0833
NC_060948.1	18125665	0.1667
NC_060948.1	18127141	0.0833
NC_060948.1	18128456	0.1667
NC_060948.1	18128949	0.0833
NC_060948.1	18129406	0.0833
NC_060948.1	18131894	0.0833
NC_060948.1	18132922	0.0833
NC_060948.1	18135420	0.0833
NC_060948.1	18136227	0.0833
NC_060948.1	18144254	0.0833
NC_060948.1	18144350	0.0833
NC_060948.1	18148330	0.0833
NC_060948.1	18149218	0.0833
NC_060948.1	18149687	0.0833
NC_060948.1	18150114	0.0833
NC_060948.1	18150601	0.0833
NC_060948.1	18151632	0.0833
NC_060948.1	18152604	0.0833
NC_060948.1	18154835	0.0833
NC_060948.1	18155315	0.0833
NC_060948.1	18155611	0.0833
NC_060948.1	18156150	0.0833
NC_060948.1	18156345	0.1667
NC_060948.1	18158376	0.0833
NC_060948.1	18162535	0.0833
NC_060948.1	18165559	0.0833
NC_060948.1	18167037	0.1667
NC_060948.1	18167179	0.0833
NC_060948.1	18170309	0.1667
NC_060948.1	18170525	0.0833
NC_060948.1	18172059	0.0833
NC_060948.1	18172063	0.0833
NC_060948.1	18172090	0.4167
NC_060948.1	18172589	0.0833
NC_060948.1	18172619	0.0833
NC_060948.1	18173756	0.0833
NC_060948.1	18174485	0.0833
NC_060948.1	18175129	0.1667
NC_060948.1	18178265	0.0833
NC_060948.1	18179050	0.0833
NC_060948.1	18180155	0.1667
NC_060948.1	18183090	0.1667
NC_060948.1	18183997	0.0833
NC_060948.1	18185407	0.0833
NC_060948.1	18186237	0.0833
NC_060948.1	18186243	0.0833
NC_060948.1	18186539	0.0833
NC_060948.1	18187420	0.0833
NC_060948.1	18187780	0.0833
NC_060948.1	18194167	0.0833
NC_060948.1	18194608	0.0833
NC_060948.1	18197089	0.0833
NC_060948.1	18198922	0.1667
NC_060948.1	18199575	0.0833
NC_060948.1	18199656	0.0833
NC_060948.1	18201059	0.0833
NC_060948.1	18201379	0.0833
NC_060948.1	18202346	0.0833
NC_060948.1	18202699	0.0833
NC_060948.1	18206373	0.0833
NC_060948.1	18209089	0.1667
NC_060948.1	18209351	0.0833
NC_060948.1	18209550	0.0833
NC_060948.1	18209609	0.0833
NC_060948.1	18209900	0.0833
NC_060948.1	18210615	0.0833
NC_060948.1	18211856	0.0833
NC_060948.1	18212009	0.0833
NC_060948.1	18212203	0.0833
NC_060948.1	18212793	0.0833
NC_060948.1	18213184	0.25
NC_060948.1	18216003	0.0833
NC_060948.1	18217146	0.0833
NC_060948.1	18218901	0.1667
NC_060948.1	18220226	0.0833
NC_060948.1	18221712	0.0833
NC_060948.1	18222469	0.0833
NC_060948.1	18222771	0.0833
NC_060948.1	18223495	0.0833
NC_060948.1	18224095	0.0833
NC_060948.1	18226226	0.0833
NC_060948.1	18228082	0.0833
NC_060948.1	18229106	0.0833
NC_060948.1	18231294	0.2727
NC_060948.1	18231348	0.0833
NC_060948.1	18231352	0.0833
NC_060948.1	18231356	0.0833
NC_060948.1	18231360	0.1667
NC_060948.1	18231364	0.0833
NC_060948.1	18231398	0.1667
NC_060948.1	18234090	0.0833
NC_060948.1	18237677	0.0833
NC_060948.1	18239556	0.0833
NC_060948.1	18239890	0.1667
NC_060948.1	18240611	0.0833
NC_060948.1	18242091	0.0833
NC_060948.1	18243449	0.0833
NC_060948.1	18246034	0.0833
NC_060948.1	18249603	0.1667
NC_060948.1	18252081	0.0833
NC_060948.1	18252364	0.0833
NC_060948.1	18253048	0.0833
NC_060948.1	18253736	0.0833
NC_060948.1	18254112	0.0833
NC_060948.1	18254680	0.0833
NC_060948.1	18254700	0.0833
NC_060948.1	18256237	0.1667
NC_060948.1	18256818	0.0833
NC_060948.1	18257632	0.0833
NC_060948.1	18257911	0.0833
NC_060948.1	18258286	0.0833
NC_060948.1	18259467	0.0833
NC_060948.1	18262468	0.0833
NC_060948.1	18264515	0.3333
NC_060948.1	18264516	0.1667
NC_060948.1	18264517	0.1667
NC_060948.1	18264525	0.1667
NC_060948.1	18269714	0.0833
NC_060948.1	18273618	0.0833
NC_060948.1	18273971	0.0833
NC_060948.1	18274365	0.0833
NC_060948.1	18276505	0.1667
NC_060948.1	18277264	0.0833
NC_060948.1	18281702	0.0833
NC_060948.1	18284291	0.1667
NC_060948.1	18284509	0.0833
NC_060948.1	18290221	0.0833
NC_060948.1	18292756	0.0833
NC_060948.1	18294012	0.0833
NC_060948.1	18294423	0.0833
NC_060948.1	18294741	0.0833
NC_060948.1	18295624	0.1
NC_060948.1	18297719	0.2
NC_060948.1	18298338	0.1
NC_060948.1	18298939	0.1
NC_060948.1	18299297	0.1
NC_060948.1	18301130	0.1
NC_060948.1	18303426	0.1
NC_060948.1	18304581	0.1
NC_060948.1	18304701	0.1111
NC_060948.1	18307708	0.1
NC_060948.1	18309918	0.1
NC_060948.1	18312510	0.2
NC_060948.1	18314468	0.1
NC_060948.1	18314911	0.1
NC_060948.1	18315570	0.1
NC_060948.1	18316441	0.1
NC_060948.1	18316742	0.1
NC_060948.1	18316791	0.1
NC_060948.1	18319760	0.1
NC_060948.1	18320059	0.2
NC_060948.1	18322958	0.1
NC_060948.1	18324298	0.1
NC_060948.1	18326128	0.1
NC_060948.1	18329462	0.1
NC_060948.1	18331048	0.1
NC_060948.1	18332629	0.1
NC_060948.1	18335464	0.1
NC_060948.1	18335907	0.1
NC_060948.1	18338105	0.1
NC_060948.1	18338543	0.1
NC_060948.1	18339442	0.1
NC_060948.1	18341139	0.2
NC_060948.1	18342003	0.1
NC_060948.1	18342624	0.1
NC_060948.1	18344401	0.1
NC_060948.1	18344866	0.1
NC_060948.1	18345540	0.1
NC_060948.1	18345978	0.1
NC_060948.1	18346102	0.1
NC_060948.1	18347353	0.1
NC_060948.1	18348649	0.1
NC_060948.1	18350587	0.1
NC_060948.1	18352372	0.1
NC_060948.1	18352857	0.1
NC_060948.1	18353084	0.1
NC_060948.1	18353384	0.2
NC_060948.1	18353947	0.1
NC_060948.1	18354642	0.1
NC_060948.1	18354697	0.1
NC_060948.1	18356385	0.1
NC_060948.1	18356594	0.1
NC_060948.1	18356704	0.1
NC_060948.1	18356711	0.2
NC_060948.1	18356722	0.1
NC_060948.1	18356734	0.2
NC_060948.1	18356802	0.2
NC_060948.1	18356855	0.1
NC_060948.1	18357178	0.2
NC_060948.1	18358665	0.1
NC_060948.1	18359979	0.1
NC_060948.1	18360428	0.1
NC_060948.1	18857804	0.0909
NC_060948.1	18859674	0.1818
NC_060948.1	18860397	0.0909
NC_060948.1	19547473	0.0833
NC_060948.1	19547995	0.0833
NC_060948.1	19548748	0.0833
NC_060948.1	19549219	0.0833
NC_060948.1	19549476	0.0833
NC_060948.1	19549478	0.25
NC_060948.1	19550527	0.0833
NC_060948.1	19554100	0.1667
NC_060948.1	19555134	0.0833
NC_060948.1	19555215	0.0833
NC_060948.1	19555898	0.0833
NC_060948.1	19556819	0.0833
NC_060948.1	19556902	0.25
NC_060948.1	19557871	0.0833
NC_060948.1	19558241	0.0833
NC_060948.1	19560043	0.1
NC_060948.1	19560045	0.1
NC_060948.1	19560047	0.1
NC_060948.1	19560180	0.1
NC_060948.1	19561817	0.1
NC_060948.1	19565214	0.2
NC_060948.1	19567291	0.1
NC_060948.1	19569656	0.1
NC_060948.1	19569913	0.1
NC_060948.1	19571010	0.2
NC_060948.1	19572041	0.1
NC_060948.1	19573293	0.1111
NC_060948.1	19573378	0.1111
NC_060948.1	19573524	0.1111
NC_060948.1	19573775	0.1111
NC_060948.1	19575727	0.1111
NC_060948.1	19580044	0.1111
NC_060948.1	19580527	0.2222
NC_060948.1	19580647	0.1111
NC_060948.1	19582136	0.1111
NC_060948.1	19582807	0.1111
NC_060948.1	19585072	0.1111
NC_060948.1	19585257	0.1111
NC_060948.1	19777907	0.1111
NC_060948.1	19779906	0.0909
NC_060948.1	19785454	0.0909
NC_060948.1	19788047	0.0833
NC_060948.1	19790720	0.0833
NC_060948.1	19790961	0.0833
NC_060948.1	19793386	0.0833
NC_060948.1	19793918	0.0833
NC_060948.1	19795331	0.25
NC_060948.1	19797744	0.0833
NC_060948.1	19798553	0.0833
NC_060948.1	19800422	0.1667
NC_060948.1	19800577	0.0833
NC_060948.1	19801891	0.0833
NC_060948.1	19802544	0.1667
NC_060948.1	19803061	0.0833
NC_060948.1	19803569	0.0833
NC_060948.1	19806268	0.1667
NC_060948.1	19809643	0.0833
NC_060948.1	19811467	0.0833
NC_060948.1	19812507	0.1667
NC_060948.1	19813054	0.1
NC_060948.1	19813100	0.0833
NC_060948.1	19813996	0.0833
NC_060948.1	19821436	0.0833
NC_060948.1	19821442	0.0833
NC_060948.1	19822550	0.0833
NC_060948.1	19825322	0.0833
NC_060948.1	19828035	0.0833
NC_060948.1	19828950	0.0833
NC_060948.1	19828952	0.0833
NC_060948.1	19829058	0.25
NC_060948.1	19829060	0.1667
NC_060948.1	19829921	0.1667
NC_060948.1	19831648	0.0833
NC_060948.1	19832497	0.1667
NC_060948.1	19833072	0.0833
NC_060948.1	19836813	0.0833
NC_060948.1	19836894	0.1667
NC_060948.1	19838255	0.0833
NC_060948.1	19839334	0.0833
NC_060948.1	19839796	0.0833
NC_060948.1	19840240	0.0833
NC_060948.1	19841192	0.0833
NC_060948.1	19841641	0.0833
NC_060948.1	19842465	0.1667
NC_060948.1	19845640	0.0833
NC_060948.1	19848740	0.0833
NC_060948.1	19850661	0.0833
NC_060948.1	19851436	0.0833
NC_060948.1	19854320	0.0833
NC_060948.1	19854771	0.0833
NC_060948.1	19857499	0.1667
NC_060948.1	19857523	0.1667
NC_060948.1	19858553	0.0833
NC_060948.1	19860934	0.0833
NC_060948.1	19861520	0.0833
NC_060948.1	19861659	0.0833
NC_060948.1	19862505	0.0833
NC_060948.1	19864541	0.1667
NC_060948.1	19864586	0.0833
NC_060948.1	19865489	0.0833
NC_060948.1	19866274	0.0833
NC_060948.1	19866605	0.0833
NC_060948.1	19866690	0.0833
NC_060948.1	19867583	0.1667
NC_060948.1	19867586	0.0833
NC_060948.1	19872542	0.0833
NC_060948.1	19875017	0.0833
NC_060948.1	19876204	0.1667
NC_060948.1	19876377	0.0833
NC_060948.1	19876666	0.0833
NC_060948.1	19877598	0.1667
NC_060948.1	19878984	0.25
NC_060948.1	19879634	0.1667
NC_060948.1	19881417	0.0833
NC_060948.1	19881536	0.0833
NC_060948.1	19884016	0.0833
NC_060948.1	19885705	0.0833
NC_060948.1	19887060	0.0833
NC_060948.1	19889048	0.0833
NC_060948.1	19889049	0.0833
NC_060948.1	19889050	0.0833
NC_060948.1	19889100	0.1667
NC_060948.1	19890035	0.0833
NC_060948.1	19891953	0.1667
NC_060948.1	19892967	0.0833
NC_060948.1	19894352	0.0833
NC_060948.1	19894950	0.0833
NC_060948.1	19895806	0.1667
NC_060948.1	19901783	0.1667
NC_060948.1	19903673	0.0833
NC_060948.1	19906141	0.0833
NC_060948.1	19906379	0.0833
NC_060948.1	19908403	0.1667
NC_060948.1	19910976	0.0833
NC_060948.1	19910993	0.0833
NC_060948.1	19916944	0.0833
NC_060948.1	19918687	0.0833
NC_060948.1	19920449	0.0833
NC_060948.1	19920575	0.0833
NC_060948.1	19920576	0.0833
NC_060948.1	19921674	0.1667
NC_060948.1	19921698	0.0833
NC_060948.1	19921710	0.0833
NC_060948.1	19921832	0.0833
NC_060948.1	19921837	0.0833
NC_060948.1	19921838	0.0833
NC_060948.1	19928189	0.0833
NC_060948.1	19928261	0.0833
NC_060948.1	19928268	0.0833
NC_060948.1	19930662	0.0833
NC_060948.1	19930881	0.0833
NC_060948.1	19931176	0.0833
NC_060948.1	19931990	0.1667
NC_060948.1	19934215	0.0833
NC_060948.1	19935188	0.0833
NC_060948.1	19935345	0.0833
NC_060948.1	19937525	0.0833
NC_060948.1	19938142	0.0833
NC_060948.1	19939725	0.0833
NC_060948.1	19941511	0.0833
NC_060948.1	19941670	0.0833
NC_060948.1	19942912	0.1667
NC_060948.1	19947302	0.0833
NC_060948.1	19947751	0.0833
NC_060948.1	19952486	0.0833
NC_060948.1	19955417	0.0833
NC_060948.1	19956016	0.0833
NC_060948.1	19956637	0.0833
NC_060948.1	19958020	0.1667
NC_060948.1	19959508	0.0833
NC_060948.1	19961613	0.0833
NC_060948.1	19962381	0.0833
NC_060948.1	19963025	0.0833
NC_060948.1	19963957	0.1667
NC_060948.1	19964062	0.0833
NC_060948.1	19965360	0.0833
NC_060948.1	19966985	0.0833
NC_060948.1	19967487	0.0833
NC_060948.1	19967862	0.0833
NC_060948.1	19969471	0.0833
NC_060948.1	19970386	0.0833
NC_060948.1	19972039	0.0833
NC_060948.1	19974372	0.0833
NC_060948.1	19975639	0.0833
NC_060948.1	19975897	0.0833
NC_060948.1	19977577	0.0833
NC_060948.1	19978270	0.0833
NC_060948.1	19982822	0.1667
NC_060948.1	19983677	0.0833
NC_060948.1	19989053	0.0833
NC_060948.1	19990052	0.0833
NC_060948.1	19992239	0.0833
NC_060948.1	19992721	0.1667
NC_060948.1	19993578	0.1667
NC_060948.1	19993804	0.1667
NC_060948.1	19994310	0.1667
NC_060948.1	19995175	0.1667
NC_060948.1	19995600	0.0833
NC_060948.1	19996666	0.0833
NC_060948.1	19997333	0.0833
NC_060948.1	19998191	0.1667
NC_060948.1	20000073	0.0833
NC_060948.1	20000504	0.0833
NC_060948.1	20000836	0.0833
NC_060948.1	20003511	0.1667
NC_060948.1	20004186	0.1667
NC_060948.1	20005044	0.0833
NC_060948.1	20005649	0.1667
NC_060948.1	20006354	0.0833
NC_060948.1	20006568	0.25
NC_060948.1	20007646	0.0833
NC_060948.1	20008042	0.0833
NC_060948.1	20008825	0.0833
NC_060948.1	20009943	0.0833
NC_060948.1	20011096	0.1667
NC_060948.1	20011723	0.25
NC_060948.1	20012293	0.1667
NC_060948.1	20012731	0.0833
NC_060948.1	20014239	0.0833
NC_060948.1	20014698	0.0833
NC_060948.1	20015178	0.0833
NC_060948.1	20015247	0.1667
NC_060948.1	20016807	0.0833
NC_060948.1	20017674	0.0833
NC_060948.1	20017710	0.0833
NC_060948.1	20018258	0.0833
NC_060948.1	20018595	0.0833
NC_060948.1	20019583	0.1667
NC_060948.1	20019811	0.0833
NC_060948.1	20020477	0.0833
NC_060948.1	20022028	0.1667
NC_060948.1	20024173	0.0833
NC_060948.1	20024324	0.0833
NC_060948.1	20024563	0.0833
NC_060948.1	20025720	0.0833
NC_060948.1	20025966	0.1667
NC_060948.1	20026223	0.0833
NC_060948.1	20026332	0.0833
NC_060948.1	20026509	0.0833
NC_060948.1	20027391	0.0833
NC_060948.1	20029425	0.0833
NC_060948.1	20029491	0.0833
NC_060948.1	20029811	0.1667
NC_060948.1	20030499	0.0833
NC_060948.1	20033769	0.0833
NC_060948.1	20035323	0.0833
NC_060948.1	20035892	0.0833
NC_060948.1	20036332	0.0833
NC_060948.1	20036334	0.0833
NC_060948.1	20036944	0.0833
NC_060948.1	20037135	0.0833
NC_060948.1	20038584	0.0833
NC_060948.1	20038720	0.0833
NC_060948.1	20042007	0.0833
NC_060948.1	20042856	0.0833
NC_060948.1	20045981	0.0833
NC_060948.1	20049346	0.0833
NC_060948.1	20050932	0.0833
NC_060948.1	20052515	0.0833
NC_060948.1	20055267	0.0833
NC_060948.1	20055758	0.0833
NC_060948.1	20056287	0.0833
NC_060948.1	20056681	0.0833
NC_060948.1	20059321	0.0833
NC_060948.1	20060259	0.0833
NC_060948.1	20060363	0.0833
NC_060948.1	20061088	0.0833
NC_060948.1	20061813	0.0833
NC_060948.1	20062797	0.0833
NC_060948.1	20064633	0.0833
NC_060948.1	20065785	0.0833
NC_060948.1	20065890	0.0833
NC_060948.1	20067903	0.1667
NC_060948.1	20070406	0.25
NC_060948.1	20071312	0.0833
NC_060948.1	20073703	0.0833
NC_060948.1	20073983	0.1667
NC_060948.1	20076247	0.0833
NC_060948.1	20080186	0.0833
NC_060948.1	20080230	0.0833
NC_060948.1	20082271	0.1667
NC_060948.1	20082925	0.0833
NC_060948.1	20083702	0.0833
NC_060948.1	20084551	0.1667
NC_060948.1	20085964	0.0833
NC_060948.1	20088179	0.0833
NC_060948.1	20088249	0.0833
NC_060948.1	20088265	0.0833
NC_060948.1	20089128	0.0833
NC_060948.1	20089208	0.0833
NC_060948.1	20089408	0.1667
NC_060948.1	20091397	0.1667
NC_060948.1	20091594	0.0833
NC_060948.1	20091595	0.0833
NC_060948.1	20091596	0.0833
NC_060948.1	20093233	0.0833
NC_060948.1	20093733	0.0833
NC_060948.1	20094559	0.0833
NC_060948.1	20095444	0.0833
NC_060948.1	20097296	0.0833
NC_060948.1	20097554	0.0833
NC_060948.1	20097969	0.0833
NC_060948.1	20098579	0.1667
NC_060948.1	20100619	0.0833
NC_060948.1	20101325	0.0833
NC_060948.1	20102811	0.0833
NC_060948.1	20103167	0.0833
NC_060948.1	20103661	0.0833
NC_060948.1	20104979	0.0833
NC_060948.1	20105850	0.0833
NC_060948.1	20105855	0.0833
NC_060948.1	20109690	0.0833
NC_060948.1	20110275	0.1667
NC_060948.1	20112282	0.0833
NC_060948.1	20112821	0.4167
NC_060948.1	20112826	0.25
NC_060948.1	20112831	0.25
NC_060948.1	20112836	0.1667
NC_060948.1	20114881	0.0833
NC_060948.1	20115530	0.0833
NC_060948.1	20119874	0.0833
NC_060948.1	20120248	0.1667
NC_060948.1	20120729	0.0909
NC_060948.1	20121658	0.0909
NC_060948.1	20123192	0.1818
NC_060948.1	20123442	0.1818
NC_060948.1	20126632	0.0833
NC_060948.1	20129217	0.0833
NC_060948.1	20129772	0.0833
NC_060948.1	20130343	0.1667
NC_060948.1	20131791	0.0833
NC_060948.1	20133059	0.0833
NC_060948.1	20133179	0.0833
NC_060948.1	20133416	0.0833
NC_060948.1	20133854	0.0833
NC_060948.1	20133906	0.0833
NC_060948.1	20134281	0.0833
NC_060948.1	20134451	0.0833
NC_060948.1	20134928	0.0833
NC_060948.1	20135854	0.1667
NC_060948.1	20136090	0.0833
NC_060948.1	20136265	0.0833
NC_060948.1	20136406	0.0833
NC_060948.1	20136465	0.0833
NC_060948.1	20139564	0.0909
NC_060948.1	20140264	0.0909
NC_060948.1	20141574	0.0909
NC_060948.1	20141800	0.0909
NC_060948.1	20142071	0.0909
NC_060948.1	20142489	0.0909
NC_060948.1	20143198	0.1667
NC_060948.1	20144341	0.1667
NC_060948.1	20144546	0.0833
NC_060948.1	20146643	0.0833
NC_060948.1	20147078	0.0833
NC_060948.1	20150388	0.0833
NC_060948.1	20151691	0.0833
NC_060948.1	20152663	0.0833
NC_060948.1	20154322	0.0833
NC_060948.1	20155456	0.1667
NC_060948.1	20155503	0.0833
NC_060948.1	20157439	0.0833
NC_060948.1	20157594	0.1667
NC_060948.1	20158254	0.1667
NC_060948.1	20158957	0.0833
NC_060948.1	20159559	0.0833
NC_060948.1	20165592	0.1667
NC_060948.1	20168239	0.0833
NC_060948.1	20169091	0.1667
NC_060948.1	20169764	0.0833
NC_060948.1	20169995	0.0833
NC_060948.1	20171529	0.0833
NC_060948.1	20172219	0.0833
NC_060948.1	20172287	0.1667
NC_060948.1	20174608	0.1667
NC_060948.1	20179004	0.0833
NC_060948.1	20184764	0.0833
NC_060948.1	20185553	0.0833
NC_060948.1	20191575	0.0833
NC_060948.1	20192462	0.0833
NC_060948.1	20192554	0.0833
NC_060948.1	20193502	0.0833
NC_060948.1	20193804	0.0833
NC_060948.1	20196596	0.1818
NC_060948.1	20196604	0.0909
NC_060948.1	20196819	0.0909
NC_060948.1	20196952	0.0909
NC_060948.1	20198169	0.0909
NC_060948.1	20198761	0.0833
NC_060948.1	20201502	0.0833
NC_060948.1	20201809	0.3333
NC_060948.1	20203354	0.0833
NC_060948.1	20204050	0.0833
NC_060948.1	20204474	0.1667
NC_060948.1	20204494	0.0833
NC_060948.1	20205022	0.0833
NC_060948.1	20205821	0.1667
NC_060948.1	20207899	0.0833
NC_060948.1	20207947	0.0833
NC_060948.1	20208852	0.0833
NC_060948.1	20211094	0.0833
NC_060948.1	20211234	0.0833
NC_060948.1	20211466	0.0833
NC_060948.1	20211754	0.0833
NC_060948.1	20213228	0.0833
NC_060948.1	20213673	0.0833
NC_060948.1	20214053	0.1667
NC_060948.1	20215184	0.0833
NC_060948.1	20216366	0.0833
NC_060948.1	20216938	0.0833
NC_060948.1	20218607	0.0833
NC_060948.1	20219038	0.0833
NC_060948.1	20220343	0.0833
NC_060948.1	20220907	0.0833
NC_060948.1	20221110	0.0833
NC_060948.1	20221547	0.0833
NC_060948.1	20221857	0.0833
NC_060948.1	20221863	0.3333
NC_060948.1	20221869	0.1667
NC_060948.1	20221875	0.1667
NC_060948.1	20223359	0.0833
NC_060948.1	20223872	0.0833
NC_060948.1	20226082	0.0833
NC_060948.1	20226620	0.0833
NC_060948.1	20227136	0.1667
NC_060948.1	20227833	0.0833
NC_060948.1	20231243	0.0833
NC_060948.1	20232432	0.0833
NC_060948.1	20233262	0.0833
NC_060948.1	20234844	0.0833
NC_060948.1	20234905	0.0833
NC_060948.1	20235768	0.0833
NC_060948.1	20237446	0.0833
NC_060948.1	20238777	0.0833
NC_060948.1	20238860	0.0833
NC_060948.1	20240369	0.0833
NC_060948.1	20240420	0.0833
NC_060948.1	20240629	0.0833
NC_060948.1	20240645	0.0833
NC_060948.1	20240895	0.0833
NC_060948.1	20243841	0.0833
NC_060948.1	20244522	0.0833
NC_060948.1	20244600	0.0833
NC_060948.1	20248670	0.0833
NC_060948.1	20249101	0.0833
NC_060948.1	20251946	0.1667
NC_060948.1	20253088	0.0833
NC_060948.1	20255049	0.0833
NC_060948.1	20255290	0.0833
NC_060948.1	20255796	0.0833
NC_060948.1	20256289	0.0833
NC_060948.1	20257072	0.0833
NC_060948.1	20258260	0.0833
NC_060948.1	20261676	0.0833
NC_060948.1	20263376	0.0833
NC_060948.1	20263671	0.0833
NC_060948.1	20263988	0.0833
NC_060948.1	20264470	0.0833
NC_060948.1	20267086	0.1667
NC_060948.1	20268810	0.1667
NC_060948.1	20271930	0.0833
NC_060948.1	20272207	0.0833
NC_060948.1	20272908	0.0833
NC_060948.1	20273164	0.0833
NC_060948.1	20277040	0.0833
NC_060948.1	20277486	0.0833
NC_060948.1	20278047	0.0833
NC_060948.1	20278056	0.0833
NC_060948.1	20278606	0.0833
NC_060948.1	20279520	0.0833
NC_060948.1	20279703	0.0833
NC_060948.1	20282143	0.0833
NC_060948.1	20282172	0.1667
NC_060948.1	20282844	0.1667
NC_060948.1	20283740	0.1667
NC_060948.1	20284276	0.0833
NC_060948.1	20285639	0.0833
NC_060948.1	20285640	0.0833
NC_060948.1	20285680	0.1667
NC_060948.1	20286866	0.0833
NC_060948.1	20288520	0.0833
NC_060948.1	20290642	0.0833
NC_060948.1	20294989	0.0909
NC_060948.1	20296304	0.0909
NC_060948.1	20296324	0.0909
NC_060948.1	20296344	0.0909
NC_060948.1	20296345	0.0909
NC_060948.1	20296364	0.1818
NC_060948.1	20296439	0.0909
NC_060948.1	20296465	0.0909
NC_060948.1	20296495	0.0909
NC_060948.1	20296497	0.2727
NC_060948.1	20296515	0.0909
NC_060948.1	20296533	0.2
NC_060948.1	20296573	0.0909
NC_060948.1	20296605	0.1818
NC_060948.1	20297136	0.0909
NC_060948.1	20298198	0.0909
NC_060948.1	20298637	0.0909
NC_060948.1	20298647	0.0909
NC_060948.1	20299156	0.1667
NC_060948.1	20299726	0.0833
NC_060948.1	20301225	0.0833
NC_060948.1	20301565	0.0833
NC_060948.1	20302986	0.0833
NC_060948.1	20304833	0.0833
NC_060948.1	20306392	0.0833
NC_060948.1	20306804	0.1667
NC_060948.1	20307479	0.0833
NC_060948.1	20308583	0.1667
NC_060948.1	20309343	0.0833
NC_060948.1	20310651	0.1667
NC_060948.1	20310731	0.0833
NC_060948.1	20312360	0.0833
NC_060948.1	20312375	0.0833
NC_060948.1	20312621	0.0833
NC_060948.1	20313276	0.0833
NC_060948.1	20314923	0.0833
NC_060948.1	20315294	0.1667
NC_060948.1	20315665	0.0833
NC_060948.1	20315827	0.0833
NC_060948.1	20316586	0.0833
NC_060948.1	20317868	0.0833
NC_060948.1	20318531	0.1667
NC_060948.1	20319549	0.0833
NC_060948.1	20320744	0.0833
NC_060948.1	20321395	0.0833
NC_060948.1	20321802	0.0833
NC_060948.1	20322459	0.0833
NC_060948.1	20323804	0.0833
NC_060948.1	20324091	0.1667
NC_060948.1	20325355	0.0833
NC_060948.1	20325757	0.1667
NC_060948.1	20326831	0.0833
NC_060948.1	20327044	0.0833
NC_060948.1	20327190	0.0833
NC_060948.1	20327724	0.0833
NC_060948.1	20329175	0.0833
NC_060948.1	20329488	0.0833
NC_060948.1	20330103	0.0833
NC_060948.1	20330207	0.1667
NC_060948.1	20332616	0.0833
NC_060948.1	20336480	0.0833
NC_060948.1	20336839	0.0833
NC_060948.1	20342206	0.0833
NC_060948.1	20342589	0.1667
NC_060948.1	20343521	0.0833
NC_060948.1	20345357	0.0833
NC_060948.1	20347856	0.0833
NC_060948.1	20354513	0.0833
NC_060948.1	20355527	0.0833
NC_060948.1	20357314	0.1667
NC_060948.1	20357592	0.0833
NC_060948.1	20360886	0.1667
NC_060948.1	20361218	0.0833
NC_060948.1	20361389	0.0833
NC_060948.1	20362489	0.0833
NC_060948.1	20362709	0.1667
NC_060948.1	20363279	0.0833
NC_060948.1	20363552	0.0833
NC_060948.1	20366245	0.0833
NC_060948.1	20366777	0.0833
NC_060948.1	20367062	0.0833
NC_060948.1	20369249	0.1667
NC_060948.1	20369312	0.1667
NC_060948.1	20372555	0.0909
NC_060948.1	20373407	0.0909
NC_060948.1	20373670	0.0909
NC_060948.1	20378129	0.0833
NC_060948.1	20378462	0.0833
NC_060948.1	20381680	0.0833
NC_060948.1	20382437	0.1667
NC_060948.1	20383746	0.0833
NC_060948.1	20384273	0.0833
NC_060948.1	20387818	0.0833
NC_060948.1	20389183	0.0833
NC_060948.1	20390874	0.0833
NC_060948.1	20391255	0.0833
NC_060948.1	20393626	0.0833
NC_060948.1	20394818	0.0833
NC_060948.1	20394819	0.0833
NC_060948.1	20395059	0.0833
NC_060948.1	20396347	0.25
NC_060948.1	20396962	0.0833
NC_060948.1	20400204	0.0833
NC_060948.1	20403309	0.0833
NC_060948.1	20406354	0.0833
NC_060948.1	20407113	0.0833
NC_060948.1	20410117	0.0833
NC_060948.1	20410856	0.0833
NC_060948.1	20413797	0.0833
NC_060948.1	20414332	0.1667
NC_060948.1	20415584	0.0833
NC_060948.1	20417370	0.0833
NC_060948.1	20418899	0.0833
NC_060948.1	20419052	0.1667
NC_060948.1	20423290	0.0833
NC_060948.1	20425214	0.0833
NC_060948.1	20426777	0.0833
NC_060948.1	20428408	0.0833
NC_060948.1	20432659	0.1667
NC_060948.1	20432661	0.25
NC_060948.1	20432675	0.0833
NC_060948.1	20432851	0.0833
NC_060948.1	20434965	0.0833
NC_060948.1	20436244	0.0833
NC_060948.1	20438959	0.0833
NC_060948.1	20443098	0.1667
NC_060948.1	20443177	0.0833
NC_060948.1	20443325	0.0833
NC_060948.1	20444200	0.0833
NC_060948.1	20444941	0.1667
NC_060948.1	20451300	0.0833
NC_060948.1	20451989	0.0833
NC_060948.1	20460000	0.0833
NC_060948.1	20461882	0.1667
NC_060948.1	20465189	0.0833
NC_060948.1	20468983	0.0833
NC_060948.1	20469226	0.0833
NC_060948.1	20474931	0.0833
NC_060948.1	20476457	0.0833
NC_060948.1	20477338	0.0833
NC_060948.1	20478913	0.0833
NC_060948.1	20479864	0.0833
NC_060948.1	20482942	0.1667
NC_060948.1	20484428	0.0833
NC_060948.1	20485390	0.0833
NC_060948.1	20486377	0.0833
NC_060948.1	20486417	0.0833
NC_060948.1	20486429	0.0833
NC_060948.1	20488595	0.0833
NC_060948.1	20489206	0.1667
NC_060948.1	20489783	0.0833
NC_060948.1	20491781	0.0833
NC_060948.1	20495375	0.0833
NC_060948.1	20497814	0.0833
NC_060948.1	20503548	0.0833
NC_060948.1	20505953	0.0833
NC_060948.1	20506625	0.0833
NC_060948.1	20507062	0.0833
NC_060948.1	20509264	0.0833
NC_060948.1	20512635	0.0833
NC_060948.1	20513080	0.0833
NC_060948.1	20515012	0.0833
NC_060948.1	20517510	0.0833
NC_060948.1	20519717	0.1667
NC_060948.1	20519936	0.0833
NC_060948.1	20520078	0.1667
NC_060948.1	20520611	0.0833
NC_060948.1	20521537	0.0833
NC_060948.1	20521716	0.0833
NC_060948.1	20521894	0.0833
NC_060948.1	20523674	0.0833
NC_060948.1	20524361	0.1667
NC_060948.1	20526177	0.0833
NC_060948.1	20526987	0.0833
NC_060948.1	20528962	0.0833
NC_060948.1	20529023	0.0833
NC_060948.1	20531492	0.0833
NC_060948.1	20531672	0.0833
NC_060948.1	20531799	0.0833
NC_060948.1	20532599	0.0833
NC_060948.1	20532707	0.0833
NC_060948.1	20536045	0.1667
NC_060948.1	20536047	0.1667
NC_060948.1	20536514	0.0833
NC_060948.1	20536801	0.0833
NC_060948.1	20536834	0.0833
NC_060948.1	20538430	0.0833
NC_060948.1	20542006	0.0833
NC_060948.1	20542430	0.0833
NC_060948.1	20542662	0.0833
NC_060948.1	20542861	0.0833
NC_060948.1	20543923	0.0833
NC_060948.1	20544429	0.0833
NC_060948.1	20546398	0.0833
NC_060948.1	20547736	0.0833
NC_060948.1	20547915	0.25
NC_060948.1	20548489	0.0833
NC_060948.1	20548573	0.0833
NC_060948.1	20549111	0.0833
NC_060948.1	20550389	0.0833
NC_060948.1	20551068	0.0833
NC_060948.1	20552057	0.0833
NC_060948.1	20552535	0.1818
NC_060948.1	20553711	0.0833
NC_060948.1	20554800	0.0833
NC_060948.1	20555784	0.1667
NC_060948.1	20555952	0.1667
NC_060948.1	20557716	0.1667
NC_060948.1	20558826	0.0833
NC_060948.1	20559921	0.0833
NC_060948.1	20561130	0.1667
NC_060948.1	20566237	0.0833
NC_060948.1	20567557	0.0833
NC_060948.1	20567802	0.0833
NC_060948.1	20568228	0.0833
NC_060948.1	20568234	0.1667
NC_060948.1	20571555	0.0833
NC_060948.1	20574071	0.0833
NC_060948.1	20574159	0.0833
NC_060948.1	20574677	0.0833
NC_060948.1	20577341	0.0833
NC_060948.1	20578780	0.1667
NC_060948.1	20584645	0.0833
NC_060948.1	20584646	0.0833
NC_060948.1	20584793	0.0833
NC_060948.1	20586108	0.0833
NC_060948.1	20587766	0.0833
NC_060948.1	20587817	0.0833
NC_060948.1	20593441	0.0833
NC_060948.1	20594074	0.0833
NC_060948.1	20595077	0.1667
NC_060948.1	20595567	0.1667
NC_060948.1	20597740	0.0833
NC_060948.1	20598442	0.0909
NC_060948.1	20598443	0.2
NC_060948.1	20598444	0.0833
NC_060948.1	20603442	0.1667
NC_060948.1	20604281	0.0833
NC_060948.1	20606187	0.0833
NC_060948.1	20606857	0.1667
NC_060948.1	20607807	0.0833
NC_060948.1	20608281	0.0833
NC_060948.1	20610117	0.0833
NC_060948.1	20611155	0.0833
NC_060948.1	20611504	0.0833
NC_060948.1	20612451	0.0833
NC_060948.1	20612720	0.1667
NC_060948.1	20618287	0.0833
NC_060948.1	20618973	0.0833
NC_060948.1	20619460	0.0833
NC_060948.1	20620202	0.0833
NC_060948.1	20628246	0.0833
NC_060948.1	20628990	0.0833
NC_060948.1	20629017	0.0833
NC_060948.1	20631502	0.0833
NC_060948.1	20631612	0.0833
NC_060948.1	20632376	0.0833
NC_060948.1	20633298	0.0833
NC_060948.1	20634431	0.0833
NC_060948.1	20636364	0.0833
NC_060948.1	20636597	0.0833
NC_060948.1	20636619	0.0833
NC_060948.1	20640713	0.0833
NC_060948.1	20641212	0.0833
NC_060948.1	20642567	0.0833
NC_060948.1	20644517	0.1667
NC_060948.1	20648517	0.0833
NC_060948.1	20649127	0.0833
NC_060948.1	20651091	0.0833
NC_060948.1	20654065	0.0833
NC_060948.1	20654193	0.0833
NC_060948.1	20658552	0.1667
NC_060948.1	20658954	0.0833
NC_060948.1	20660323	0.0833
NC_060948.1	20661977	0.0833
NC_060948.1	20662496	0.0833
NC_060948.1	20662825	0.0833
NC_060948.1	20667071	0.0833
NC_060948.1	20668403	0.0833
NC_060948.1	20668500	0.0833
NC_060948.1	20672051	0.0833
NC_060948.1	20672587	0.0833
NC_060948.1	20672588	0.1667
NC_060948.1	20673616	0.0833
NC_060948.1	20673647	0.0833
NC_060948.1	20674921	0.0833
NC_060948.1	20680411	0.0833
NC_060948.1	20681519	0.0833
NC_060948.1	20682235	0.0833
NC_060948.1	20682820	0.0833
NC_060948.1	20687217	0.0833
NC_060948.1	20687787	0.0833
NC_060948.1	20688158	0.1667
NC_060948.1	20689233	0.0833
NC_060948.1	20689260	0.0833
NC_060948.1	20690869	0.0833
NC_060948.1	20691070	0.1667
NC_060948.1	20692128	0.0833
NC_060948.1	20692653	0.0833
NC_060948.1	20694768	0.1667
NC_060948.1	20694979	0.0833
NC_060948.1	20696344	0.1667
NC_060948.1	20703347	0.0833
NC_060948.1	20704912	0.0833
NC_060948.1	20705100	0.0833
NC_060948.1	20710138	0.0833
NC_060948.1	20710510	0.1667
NC_060948.1	20711471	0.0833
NC_060948.1	20711554	0.0833
NC_060948.1	20713245	0.0833
NC_060948.1	20713251	0.0833
NC_060948.1	20714282	0.0833
NC_060948.1	20714721	0.25
NC_060948.1	20715878	0.0833
NC_060948.1	20717590	0.0833
NC_060948.1	20718782	0.0833
NC_060948.1	20718854	0.0833
NC_060948.1	20719028	0.0833
NC_060948.1	20720026	0.0833
NC_060948.1	20720204	0.0833
NC_060948.1	20722233	0.0833
NC_060948.1	20722378	0.0833
NC_060948.1	20728136	0.0833
NC_060948.1	20728362	0.0833
NC_060948.1	20728491	0.0833
NC_060948.1	20728929	0.1667
NC_060948.1	20731180	0.1667
NC_060948.1	20731362	0.0833
NC_060948.1	20731486	0.0833
NC_060948.1	20732092	0.0833
NC_060948.1	20733265	0.0833
NC_060948.1	20734921	0.0833
NC_060948.1	20735816	0.0833
NC_060948.1	20737340	0.0833
NC_060948.1	20738507	0.0833
NC_060948.1	20738924	0.0833
NC_060948.1	20739910	0.0833
NC_060948.1	20740635	0.0833
NC_060948.1	20745762	0.0833
NC_060948.1	20746357	0.0833
NC_060948.1	20747379	0.0833
NC_060948.1	20748433	0.0833
NC_060948.1	20750490	0.0909
NC_060948.1	20751339	0.0909
NC_060948.1	20752652	0.0909
NC_060948.1	20754532	0.0909
NC_060948.1	20756593	0.0909
NC_060948.1	20757320	0.0909
NC_060948.1	20759395	0.0909
NC_060948.1	20759700	0.1818
NC_060948.1	20759839	0.0909
NC_060948.1	20763422	0.0909
NC_060948.1	20764615	0.0909
NC_060948.1	20766900	0.0909
NC_060948.1	20767380	0.0909
NC_060948.1	20767726	0.0909
NC_060948.1	20767896	0.0909
NC_060948.1	20768195	0.0909
NC_060948.1	20769210	0.1818
NC_060948.1	20769554	0.0909
NC_060948.1	20770120	0.0909
NC_060948.1	20772509	0.0833
NC_060948.1	20773030	0.1667
NC_060948.1	20777819	0.1667
NC_060948.1	20777820	0.0833
NC_060948.1	20781554	0.0833
NC_060948.1	20784883	0.0833
NC_060948.1	20787649	0.0833
NC_060948.1	20791876	0.0833
NC_060948.1	20799904	0.0833
NC_060948.1	20800000	0.1667
NC_060948.1	20803251	0.0833
NC_060948.1	20807234	0.0833
NC_060948.1	20807385	0.0833
NC_060948.1	20807504	0.0833
NC_060948.1	20810936	0.1667
NC_060948.1	20811119	0.0833
NC_060948.1	20811702	0.0833
NC_060948.1	20813700	0.0833
NC_060948.1	20816998	0.0833
NC_060948.1	20818269	0.0833
NC_060948.1	20821453	0.0833
NC_060948.1	20821583	0.0833
NC_060948.1	20823936	0.1667
NC_060948.1	20826999	0.0833
NC_060948.1	20827603	0.0833
NC_060948.1	20828318	0.0833
NC_060948.1	20829258	0.0833
NC_060948.1	20830917	0.0833
NC_060948.1	20831008	0.0833
NC_060948.1	20831319	0.1667
NC_060948.1	20831902	0.0833
NC_060948.1	20832349	0.0833
NC_060948.1	20832880	0.0833
NC_060948.1	20833833	0.0833
NC_060948.1	20833916	0.0833
NC_060948.1	20838046	0.0833
NC_060948.1	20839147	0.1667
NC_060948.1	20842487	0.1667
NC_060948.1	20843330	0.0833
NC_060948.1	20844292	0.0833
NC_060948.1	20845386	0.0833
NC_060948.1	20848442	0.1667
NC_060948.1	20849303	0.1667
NC_060948.1	20852371	0.0833
NC_060948.1	20852757	0.1667
NC_060948.1	20854742	0.1667
NC_060948.1	20856388	0.0833
NC_060948.1	20858494	0.0833
NC_060948.1	20859192	0.1667
NC_060948.1	20862289	0.0833
NC_060948.1	20863432	0.0833
NC_060948.1	20869794	0.1667
NC_060948.1	20873870	0.0833
NC_060948.1	20874759	0.0833
NC_060948.1	20875141	0.0833
NC_060948.1	20880898	0.1667
NC_060948.1	20881688	0.0833
NC_060948.1	20881896	0.0833
NC_060948.1	20883029	0.0833
NC_060948.1	20883310	0.0833
NC_060948.1	20885142	0.0833
NC_060948.1	20887690	0.0833
NC_060948.1	20888711	0.0833
NC_060948.1	20889577	0.0833
NC_060948.1	20891480	0.1667
NC_060948.1	20892477	0.1667
NC_060948.1	20895455	0.25
NC_060948.1	20895942	0.0833
NC_060948.1	20895996	0.0833
NC_060948.1	20896540	0.0833
NC_060948.1	20896632	0.0833
NC_060948.1	20897166	0.0833
NC_060948.1	20898509	0.3333
NC_060948.1	20899072	0.0833
NC_060948.1	20899901	0.0833
NC_060948.1	20900899	0.0833
NC_060948.1	20901149	0.0833
NC_060948.1	20901503	0.0833
NC_060948.1	20901962	0.0833
NC_060948.1	20902280	0.0833
NC_060948.1	20902912	0.0833
NC_060948.1	20903858	0.0833
NC_060948.1	20904809	0.0833
NC_060948.1	20905477	0.1667
NC_060948.1	20906153	0.0833
NC_060948.1	20906434	0.0833
NC_060948.1	20906542	0.0833
NC_060948.1	20907666	0.0833
NC_060948.1	20909091	0.0833
NC_060948.1	20913119	0.0833
NC_060948.1	20913173	0.0833
NC_060948.1	20913249	0.1667
NC_060948.1	20915251	0.0833
NC_060948.1	20917611	0.0833
NC_060948.1	20919204	0.0833
NC_060948.1	20920039	0.0833
NC_060948.1	20920650	0.0833
NC_060948.1	20921504	0.1667
NC_060948.1	20921510	0.0833
NC_060948.1	20922137	0.0833
NC_060948.1	20922655	0.0833
NC_060948.1	20923467	0.1667
NC_060948.1	20925287	0.0833
NC_060948.1	20926382	0.0833
NC_060948.1	20927213	0.0833
NC_060948.1	20927736	0.0833
NC_060948.1	20929238	0.0833
NC_060948.1	20930330	0.0833
NC_060948.1	20932278	0.0833
NC_060948.1	20932780	0.0833
NC_060948.1	20933334	0.0833
NC_060948.1	20935021	0.0833
NC_060948.1	20935893	0.0833
NC_060948.1	20936738	0.0833
NC_060948.1	20937949	0.0833
NC_060948.1	20938631	0.0833
NC_060948.1	20939193	0.0833
NC_060948.1	20940348	0.0833
NC_060948.1	20940939	0.1667
NC_060948.1	20941151	0.0833
NC_060948.1	20941277	0.0833
NC_060948.1	20942530	0.0833
NC_060948.1	20943957	0.0833
NC_060948.1	20946021	0.1667
NC_060948.1	20947114	0.1667
NC_060948.1	20947780	0.0833
NC_060948.1	20947887	0.0833
NC_060948.1	20948115	0.0909
NC_060948.1	20948206	0.1
NC_060948.1	20948809	0.0909
NC_060948.1	20949352	0.0909
NC_060948.1	20950002	0.0909
NC_060948.1	20953058	0.0909
NC_060948.1	20953249	0.0909
NC_060948.1	20955144	0.125
NC_060948.1	20957374	0.0833
NC_060948.1	20957774	0.0833
NC_060948.1	20958860	0.0833
NC_060948.1	20959909	0.0833
NC_060948.1	20960003	0.0833
NC_060948.1	20960477	0.0833
NC_060948.1	20960794	0.0833
NC_060948.1	21226445	0.0833
NC_060948.1	21227249	0.0833
NC_060948.1	21227341	0.0833
NC_060948.1	21227406	0.1667
NC_060948.1	21227409	0.0833
NC_060948.1	21230155	0.0833
NC_060948.1	21230741	0.25
NC_060948.1	21233551	0.0833
NC_060948.1	21233834	0.0833
NC_060948.1	21234632	0.0833
NC_060948.1	21234835	0.0833
NC_060948.1	21234966	0.1667
NC_060948.1	21235040	0.1667
NC_060948.1	21237786	0.0833
NC_060948.1	21238104	0.0833
NC_060948.1	21238953	0.0833
NC_060948.1	21239038	0.0833
NC_060948.1	21239980	0.0833
NC_060948.1	21241930	0.0833
NC_060948.1	21242766	0.0833
NC_060948.1	21242803	0.0833
NC_060948.1	21243343	0.1667
NC_060948.1	21244158	0.1667
NC_060948.1	21244367	0.1667
NC_060948.1	21244588	0.0833
NC_060948.1	21245335	0.0833
NC_060948.1	21245383	0.1667
NC_060948.1	21247063	0.0833
NC_060948.1	21247360	0.1667
NC_060948.1	21247559	0.0833
NC_060948.1	21248112	0.0833
NC_060948.1	21248543	0.1667
NC_060948.1	21248619	0.0833
NC_060948.1	21248863	0.0833
NC_060948.1	21249023	0.0833
NC_060948.1	21249792	0.0833
NC_060948.1	21249887	0.0833
NC_060948.1	21250511	0.0833
NC_060948.1	21252127	0.0833
NC_060948.1	21253329	0.0833
NC_060948.1	21253840	0.0833
NC_060948.1	21253868	0.1667
NC_060948.1	21253899	0.1667
NC_060948.1	21254448	0.1667
NC_060948.1	21255387	0.0833
NC_060948.1	21255578	0.1667
NC_060948.1	21255630	0.1667
NC_060948.1	21255827	0.0833
NC_060948.1	21256521	0.0833
NC_060948.1	21256940	0.0833
NC_060948.1	21257431	0.1667
NC_060948.1	21257851	0.0833
NC_060948.1	21258727	0.1667
NC_060948.1	21259664	0.0833
NC_060948.1	21260573	0.0833
NC_060948.1	21261247	0.0833
NC_060948.1	21262320	0.0833
NC_060948.1	21262894	0.0833
NC_060948.1	21264497	0.0833
NC_060948.1	21265268	0.0833
NC_060948.1	21265382	0.0833
NC_060948.1	21267304	0.0833
NC_060948.1	21271138	0.0833
NC_060948.1	21272928	0.0833
NC_060948.1	21276145	0.1667
NC_060948.1	21277350	0.0833
NC_060948.1	21278133	0.0833
NC_060948.1	21278552	0.1667
NC_060948.1	21278946	0.0833
NC_060948.1	21280669	0.1667
NC_060948.1	21280972	0.0833
NC_060948.1	21281275	0.0833
NC_060948.1	21283195	0.1667
NC_060948.1	21284545	0.0833
NC_060948.1	21285271	0.0833
NC_060948.1	21287699	0.1667
NC_060948.1	21288464	0.0833
NC_060948.1	21288863	0.0833
NC_060948.1	21289112	0.0833
NC_060948.1	21289172	0.0833
NC_060948.1	21289854	0.0833
NC_060948.1	21291668	0.0833
NC_060948.1	21292775	0.0833
NC_060948.1	21293273	0.0833
NC_060948.1	21294705	0.0833
NC_060948.1	21296195	0.0833
NC_060948.1	21299830	0.0833
NC_060948.1	21301290	0.0833
NC_060948.1	21301578	0.1667
NC_060948.1	21302387	0.0833
NC_060948.1	21304169	0.0909
NC_060948.1	21304734	0.0909
NC_060948.1	21304792	0.0909
NC_060948.1	21306435	0.0909
NC_060948.1	21306833	0.0909
NC_060948.1	21307499	0.0833
NC_060948.1	21307623	0.1667
NC_060948.1	21308075	0.0833
NC_060948.1	21308534	0.0833
NC_060948.1	21309569	0.0833
NC_060948.1	21311239	0.1667
NC_060948.1	21311587	0.0833
NC_060948.1	21314392	0.0833
NC_060948.1	21317537	0.1667
NC_060948.1	21318063	0.0833
NC_060948.1	21318903	0.0833
NC_060948.1	21320275	0.0833
NC_060948.1	21320535	0.0833
NC_060948.1	21323114	0.1667
NC_060948.1	21323617	0.0833
NC_060948.1	21324937	0.0833
NC_060948.1	21327377	0.0833
NC_060948.1	21335171	0.0833
NC_060948.1	21338239	0.0833
NC_060948.1	21338686	0.0833
NC_060948.1	21339060	0.0833
NC_060948.1	21339829	0.0833
NC_060948.1	21340813	0.0833
NC_060948.1	21342107	0.0833
NC_060948.1	21344898	0.0833
NC_060948.1	21347834	0.0833
NC_060948.1	21350157	0.1667
NC_060948.1	21353126	0.0833
NC_060948.1	21355925	0.0833
NC_060948.1	21358326	0.0833
NC_060948.1	21360007	0.0833
NC_060948.1	21360052	0.0833
NC_060948.1	21361654	0.0833
NC_060948.1	21366611	0.1667
NC_060948.1	21369197	0.0833
NC_060948.1	21374126	0.0833
NC_060948.1	21378085	0.0833
NC_060948.1	21378322	0.0833
NC_060948.1	21378580	0.0833
NC_060948.1	21379592	0.0833
NC_060948.1	21379683	0.0833
NC_060948.1	21381136	0.1667
NC_060948.1	21384778	0.0833
NC_060948.1	21384924	0.0833
NC_060948.1	21385532	0.0833
NC_060948.1	21385872	0.0833
NC_060948.1	21387221	0.0833
NC_060948.1	21387268	0.0833
NC_060948.1	21395223	0.25
NC_060948.1	21400850	0.0833
NC_060948.1	21400865	0.0833
NC_060948.1	21401298	0.0833
NC_060948.1	21402021	0.0833
NC_060948.1	21402049	0.0833
NC_060948.1	21403362	0.1667
NC_060948.1	21403534	0.0833
NC_060948.1	21406920	0.0833
NC_060948.1	21410294	0.1667
NC_060948.1	21412183	0.0833
NC_060948.1	21413747	0.0833
NC_060948.1	21418964	0.0833
NC_060948.1	21419685	0.0833
NC_060948.1	21420014	0.0833
NC_060948.1	21421155	0.0833
NC_060948.1	21421976	0.0833
NC_060948.1	21422344	0.0833
NC_060948.1	21427286	0.1667
NC_060948.1	21427569	0.0833
NC_060948.1	21431135	0.0833
NC_060948.1	21433232	0.0833
NC_060948.1	21434842	0.0833
NC_060948.1	21435900	0.0833
NC_060948.1	21436112	0.0833
NC_060948.1	21439810	0.0833
NC_060948.1	21440071	0.0833
NC_060948.1	21441208	0.1667
NC_060948.1	21441545	0.1667
NC_060948.1	21441944	0.0833
NC_060948.1	21443255	0.0833
NC_060948.1	21443874	0.0833
NC_060948.1	21444096	0.0833
NC_060948.1	21446603	0.0833
NC_060948.1	21447077	0.0833
NC_060948.1	21447079	0.0833
NC_060948.1	21452686	0.0833
NC_060948.1	21455137	0.0833
NC_060948.1	21455726	0.0833
NC_060948.1	21455847	0.1667
NC_060948.1	21455985	0.0833
NC_060948.1	21457020	0.0833
NC_060948.1	21458264	0.0833
NC_060948.1	21461826	0.0833
NC_060948.1	21463173	0.0833
NC_060948.1	21463903	0.0833
NC_060948.1	21464295	0.1667
NC_060948.1	21465317	0.1667
NC_060948.1	21475143	0.0833
NC_060948.1	21475527	0.0833
NC_060948.1	21479705	0.0833
NC_060948.1	21479736	0.1667
NC_060948.1	21481945	0.0833
NC_060948.1	21482883	0.1667
NC_060948.1	21487469	0.0833
NC_060948.1	21488481	0.0833
NC_060948.1	21493596	0.1667
NC_060948.1	21495260	0.0833
NC_060948.1	21497987	0.0833
NC_060948.1	21498535	0.0833
NC_060948.1	21499586	0.0833
NC_060948.1	21502153	0.0833
NC_060948.1	21502957	0.0833
NC_060948.1	21503019	0.0833
NC_060948.1	21503728	0.0833
NC_060948.1	21503919	0.25
NC_060948.1	21506214	0.0833
NC_060948.1	21506788	0.0833
NC_060948.1	21509150	0.0833
NC_060948.1	21510015	0.0833
NC_060948.1	21511729	0.0833
NC_060948.1	21512082	0.0833
NC_060948.1	21516043	0.0833
NC_060948.1	21516133	0.0833
NC_060948.1	21516141	0.0833
NC_060948.1	21517333	0.0833
NC_060948.1	21518737	0.0833
NC_060948.1	21518878	0.0833
NC_060948.1	21521573	0.1667
NC_060948.1	21521707	0.0833
NC_060948.1	21523077	0.0833
NC_060948.1	21527032	0.0833
NC_060948.1	21528861	0.1667
NC_060948.1	21528862	0.25
NC_060948.1	21529559	0.1667
NC_060948.1	21529560	0.1667
NC_060948.1	21529579	0.1667
NC_060948.1	21529589	0.0833
NC_060948.1	21529621	0.0833
NC_060948.1	21529626	0.0833
NC_060948.1	21531177	0.1667
NC_060948.1	21531671	0.1667
NC_060948.1	21534639	0.0833
NC_060948.1	21535755	0.1667
NC_060948.1	21536711	0.0833
NC_060948.1	21537598	0.0833
NC_060948.1	21538210	0.0833
NC_060948.1	21539784	0.0833
NC_060948.1	21540807	0.1667
NC_060948.1	21540808	0.1667
NC_060948.1	21542067	0.1667
NC_060948.1	21542713	0.1667
NC_060948.1	21547554	0.0833
NC_060948.1	21548574	0.0833
NC_060948.1	21550572	0.25
NC_060948.1	21559630	0.0833
NC_060948.1	21561115	0.0833
NC_060948.1	21561246	0.0833
NC_060948.1	21563577	0.0833
NC_060948.1	21564855	0.0833
NC_060948.1	21566456	0.0833
NC_060948.1	21573084	0.0833
NC_060948.1	21574840	0.0833
NC_060948.1	21577121	0.0833
NC_060948.1	21580040	0.0833
NC_060948.1	21580066	0.0833
NC_060948.1	21580250	0.0833
NC_060948.1	21584120	0.1667
NC_060948.1	21585455	0.1667
NC_060948.1	21586136	0.0833
NC_060948.1	21592388	0.0833
NC_060948.1	21594845	0.0833
NC_060948.1	21595300	0.0833
NC_060948.1	21596625	0.1667
NC_060948.1	21597661	0.1667
NC_060948.1	21598293	0.0833
NC_060948.1	21600052	0.0833
NC_060948.1	21601658	0.0833
NC_060948.1	21602357	0.0833
NC_060948.1	21604078	0.1667
NC_060948.1	21607169	0.0833
NC_060948.1	21611551	0.0833
NC_060948.1	21612314	0.0833
NC_060948.1	21616951	0.0833
NC_060948.1	21622436	0.0833
NC_060948.1	21622623	0.0833
NC_060948.1	21622953	0.0833
NC_060948.1	21628315	0.0833
NC_060948.1	21629045	0.0833
NC_060948.1	21630567	0.0833
NC_060948.1	21631913	0.0833
NC_060948.1	21633303	0.0833
NC_060948.1	21633991	0.0833
NC_060948.1	21635105	0.1667
NC_060948.1	21636432	0.0833
NC_060948.1	21637709	0.0833
NC_060948.1	21638077	0.0833
NC_060948.1	21641403	0.0833
NC_060948.1	21643578	0.0833
NC_060948.1	21644768	0.0833
NC_060948.1	21644839	0.0833
NC_060948.1	21647446	0.0833
NC_060948.1	21650717	0.0833
NC_060948.1	21652328	0.0833
NC_060948.1	21653861	0.0833
NC_060948.1	21654827	0.0833
NC_060948.1	21662935	0.1667
NC_060948.1	21663445	0.25
NC_060948.1	21665794	0.0833
NC_060948.1	21668361	0.0833
NC_060948.1	21670473	0.1667
NC_060948.1	21675491	0.0833
NC_060948.1	21675640	0.0833
NC_060948.1	21676137	0.0833
NC_060948.1	21679315	0.0833
NC_060948.1	21681481	0.0833
NC_060948.1	21681510	0.0833
NC_060948.1	21682317	0.0833
NC_060948.1	21683538	0.0833
NC_060948.1	21685280	0.0833
NC_060948.1	21686276	0.0833
NC_060948.1	21687489	0.0833
NC_060948.1	21687847	0.1667
NC_060948.1	21688120	0.0833
NC_060948.1	21691691	0.0833
NC_060948.1	21692058	0.0833
NC_060948.1	21693575	0.0833
NC_060948.1	21694580	0.0833
NC_060948.1	21695164	0.0833
NC_060948.1	21695165	0.0833
NC_060948.1	21695667	0.0833
NC_060948.1	21697679	0.0833
NC_060948.1	21698729	0.0833
NC_060948.1	21699239	0.0833
NC_060948.1	21699241	0.1667
NC_060948.1	21700167	0.0833
NC_060948.1	21700392	0.25
NC_060948.1	21700560	0.0833
NC_060948.1	21701572	0.1667
NC_060948.1	21701966	0.25
NC_060948.1	21702386	0.0909
NC_060948.1	21702443	0.1818
NC_060948.1	21703063	0.0833
NC_060948.1	21703087	0.0833
NC_060948.1	21703628	0.0833
NC_060948.1	21704409	0.1667
NC_060948.1	21706646	0.0909
NC_060948.1	21706817	0.0909
NC_060948.1	21711324	0.0909
NC_060948.1	21712839	0.0909
NC_060948.1	21713229	0.0909
NC_060948.1	21713245	0.0909
NC_060948.1	21714185	0.0909
NC_060948.1	21714725	0.0909
NC_060948.1	21717126	0.1818
NC_060948.1	21717572	0.0909
NC_060948.1	21718428	0.0909
NC_060948.1	21718517	0.0909
NC_060948.1	21719565	0.1
NC_060948.1	21719760	0.1
NC_060948.1	21721835	0.0909
NC_060948.1	21723338	0.0909
NC_060948.1	21723818	0.0909
NC_060948.1	21724723	0.0909
NC_060948.1	21724866	0.0909
NC_060948.1	21727144	0.0909
NC_060948.1	21729315	0.0909
NC_060948.1	21730113	0.0909
NC_060948.1	21731472	0.1818
NC_060948.1	21732208	0.0909
NC_060948.1	21733432	0.0909
NC_060948.1	21735076	0.0909
NC_060948.1	21735802	0.0909
NC_060948.1	21737321	0.0909
NC_060948.1	21738712	0.0909
NC_060948.1	21743751	0.1
NC_060948.1	21744064	0.1
NC_060948.1	21744889	0.1
NC_060948.1	21745188	0.1
NC_060948.1	21745367	0.1
NC_060948.1	21746802	0.1
NC_060948.1	21746875	0.1
NC_060948.1	21747889	0.1
NC_060948.1	21748479	0.1
NC_060948.1	21749377	0.1
NC_060948.1	21749635	0.1
NC_060948.1	21750709	0.1
NC_060948.1	21751196	0.1
NC_060948.1	21751418	0.1
NC_060948.1	21751518	0.1
NC_060948.1	21752246	0.1
NC_060948.1	21752249	0.1
NC_060948.1	21752499	0.1
NC_060948.1	21753130	0.1
NC_060948.1	21753994	0.1
NC_060948.1	21755137	0.1
NC_060948.1	21757288	0.1
NC_060948.1	21757321	0.1
NC_060948.1	21758827	0.1
NC_060948.1	21759188	0.1
NC_060948.1	21759640	0.1
NC_060948.1	21761491	0.1
NC_060948.1	21762356	0.1
NC_060948.1	21764093	0.1
NC_060948.1	21765863	0.1
NC_060948.1	21768270	0.1
NC_060948.1	21770412	0.1
NC_060948.1	21770792	0.1
NC_060948.1	21771707	0.1
NC_060948.1	21771787	0.1
NC_060948.1	21772936	0.1
NC_060948.1	21773832	0.1
NC_060948.1	21779657	0.1
NC_060948.1	21780376	0.1
NC_060948.1	21781115	0.1
NC_060948.1	21782381	0.1
NC_060948.1	21782868	0.2
NC_060948.1	21783879	0.2
NC_060948.1	21784198	0.1
NC_060948.1	21784211	0.1
NC_060948.1	21784472	0.1
NC_060948.1	21784528	0.1
NC_060948.1	21789624	0.1818
NC_060948.1	21790669	0.0909
NC_060948.1	21790926	0.0909
NC_060948.1	21791219	0.0909
NC_060948.1	21791463	0.0909
NC_060948.1	21792669	0.0909
NC_060948.1	21792934	0.0909
NC_060948.1	21795098	0.0909
NC_060948.1	21795151	0.1818
NC_060948.1	21795422	0.0909
NC_060948.1	21797540	0.0909
NC_060948.1	21798599	0.0909
NC_060948.1	21798681	0.1818
NC_060948.1	21798709	0.1818
NC_060948.1	21798723	0.0909
NC_060948.1	21799813	0.0909
NC_060948.1	21800223	0.0909
NC_060948.1	21800717	0.0909
NC_060948.1	21800751	0.0909
NC_060948.1	21801270	0.0909
NC_060948.1	21801490	0.0909
NC_060948.1	21802533	0.0909
NC_060948.1	21803265	0.0909
NC_060948.1	21803752	0.0909
NC_060948.1	21806278	0.0909
NC_060948.1	21807033	0.0833
NC_060948.1	21808854	0.0833
NC_060948.1	21811183	0.0833
NC_060948.1	21811376	0.0833
NC_060948.1	21811519	0.0833
NC_060948.1	21812436	0.0833
NC_060948.1	21813092	0.1667
NC_060948.1	21813172	0.0833
NC_060948.1	21813281	0.1667
NC_060948.1	21814315	0.1667
NC_060948.1	21814755	0.0833
NC_060948.1	21814939	0.0833
NC_060948.1	21815818	0.1667
NC_060948.1	21817427	0.0833
NC_060948.1	21818296	0.0833
NC_060948.1	21818934	0.0833
NC_060948.1	21819496	0.0909
NC_060948.1	21819559	0.0909
NC_060948.1	21821325	0.1818
NC_060948.1	21821516	0.0909
NC_060948.1	21822443	0.0909
NC_060948.1	21822890	0.0909
NC_060948.1	21823950	0.0909
NC_060948.1	21824099	0.1818
NC_060948.1	21824624	0.0909
NC_060948.1	21826091	0.0833
NC_060948.1	21826642	0.0833
NC_060948.1	21829018	0.0833
NC_060948.1	21829192	0.0833
NC_060948.1	21830331	0.0833
NC_060948.1	21830519	0.0833
NC_060948.1	21830932	0.0833
NC_060948.1	21832856	0.0833
NC_060948.1	21833829	0.0833
NC_060948.1	21834084	0.0833
NC_060948.1	21834652	0.1667
NC_060948.1	21836474	0.0833
NC_060948.1	21837495	0.0833
NC_060948.1	21837732	0.0833
NC_060948.1	21837912	0.0833
NC_060948.1	21838995	0.0833
NC_060948.1	21839138	0.0833
NC_060948.1	21839337	0.0833
NC_060948.1	21839451	0.1667
NC_060948.1	21840806	0.0833
NC_060948.1	21840943	0.0833
NC_060948.1	21841851	0.1667
NC_060948.1	21844950	0.0833
NC_060948.1	21844992	0.0833
NC_060948.1	21847819	0.0833
NC_060948.1	21848261	0.0833
NC_060948.1	21848849	0.0833
NC_060948.1	21851034	0.0833
NC_060948.1	21852018	0.0833
NC_060948.1	21852982	0.1667
NC_060948.1	21852983	0.0833
NC_060948.1	21854261	0.0833
NC_060948.1	21855309	0.1667
NC_060948.1	21855704	0.0833
NC_060948.1	21856942	0.1667
NC_060948.1	21859273	0.0833
NC_060948.1	21861213	0.1667
NC_060948.1	21861760	0.0833
NC_060948.1	21862294	0.0833
NC_060948.1	21865258	0.0833
NC_060948.1	21866996	0.0833
NC_060948.1	21867574	0.0833
NC_060948.1	21868937	0.1667
NC_060948.1	21871629	0.0833
NC_060948.1	21872295	0.0833
NC_060948.1	21872478	0.0833
NC_060948.1	21873005	0.0833
NC_060948.1	21874389	0.0833
NC_060948.1	21875615	0.0833
NC_060948.1	21877066	0.0833
NC_060948.1	21877088	0.0833
NC_060948.1	21877279	0.0833
NC_060948.1	21877303	0.0833
NC_060948.1	21877509	0.0833
NC_060948.1	21880010	0.0833
NC_060948.1	21880393	0.0833
NC_060948.1	21881802	0.1818
NC_060948.1	21882731	0.1
NC_060948.1	21883075	0.1
NC_060948.1	21884113	0.1
NC_060948.1	21884666	0.1
NC_060948.1	21884685	0.1
NC_060948.1	21884899	0.1
NC_060948.1	21885070	0.1
NC_060948.1	21886868	0.1
NC_060948.1	21886888	0.1
NC_060948.1	21887047	0.1
NC_060948.1	21887737	0.3636
NC_060948.1	21888356	0.0909
NC_060948.1	21888622	0.1818
NC_060948.1	21890146	0.2727
NC_060948.1	21890267	0.0909
NC_060948.1	21891234	0.0909
NC_060948.1	21892837	0.0909
NC_060948.1	21896857	0.1
NC_060948.1	21897342	0.1111
NC_060948.1	21898312	0.2222
NC_060948.1	21899480	0.1111
NC_060948.1	21900223	0.2222
NC_060948.1	21900263	0.1111
NC_060948.1	21900778	0.2222
NC_060948.1	21900779	0.2222
NC_060948.1	21900784	0.2222
NC_060948.1	21901057	0.2222
NC_060948.1	21901362	0.2222
NC_060948.1	21901450	0.1111
NC_060948.1	21902213	0.1111
NC_060948.1	21904543	0.1111
NC_060948.1	21907900	0.1111
NC_060948.1	21908936	0.1111
NC_060948.1	21909013	0.1111
NC_060948.1	21909778	0.1111
NC_060948.1	21910276	0.2222
NC_060948.1	21910552	0.1111
NC_060948.1	21910928	0.1111
NC_060948.1	21911474	0.1111
NC_060948.1	21912782	0.1111
NC_060948.1	21913757	0.1111
NC_060948.1	21916471	0.1111
NC_060948.1	21916490	0.1111
NC_060948.1	21916520	0.1111
NC_060948.1	21916646	0.1111
NC_060948.1	21917276	0.1111
NC_060948.1	21917460	0.1111
NC_060948.1	21918138	0.1111
NC_060948.1	21918612	0.1111
NC_060948.1	21919724	0.1111
NC_060948.1	21919741	0.1111
NC_060948.1	21922139	0.1111
NC_060948.1	21922232	0.2222
NC_060948.1	21922965	0.1111
NC_060948.1	21923523	0.2222
NC_060948.1	21923541	0.1111
NC_060948.1	21924789	0.1111
NC_060948.1	21925136	0.1111
NC_060948.1	21925694	0.1111
NC_060948.1	21926992	0.125
NC_060948.1	21927090	0.125
NC_060948.1	21927184	0.125
NC_060948.1	21927199	0.125
NC_060948.1	21928353	0.125
NC_060948.1	21929009	0.125
NC_060948.1	21930886	0.0909
NC_060948.1	21933360	0.0909
NC_060948.1	21934446	0.0909
NC_060948.1	21934963	0.0909
NC_060948.1	21935383	0.0909
NC_060948.1	21935427	0.0909
NC_060948.1	21935930	0.0909
NC_060948.1	21936039	0.0909
NC_060948.1	21938447	0.1818
NC_060948.1	21938919	0.0909
NC_060948.1	21939348	0.0909
NC_060948.1	21940850	0.0909
NC_060948.1	21940885	0.1818
NC_060948.1	21940894	0.1818
NC_060948.1	21940897	0.0909
NC_060948.1	21940955	0.1818
NC_060948.1	21940957	0.0909
NC_060948.1	21940965	0.0909
NC_060948.1	21940966	0.1818
NC_060948.1	21940979	0.1818
NC_060948.1	21940989	0.0909
NC_060948.1	21941004	0.1818
NC_060948.1	21941007	0.1818
NC_060948.1	21941129	0.0909
NC_060948.1	21941137	0.1818
NC_060948.1	21941140	0.1818
NC_060948.1	21941143	0.1818
NC_060948.1	21941169	0.1818
NC_060948.1	21941174	0.0909
NC_060948.1	21941245	0.1818
NC_060948.1	21941251	0.0909
NC_060948.1	21941499	0.1818
NC_060948.1	21941990	0.0909
NC_060948.1	21942983	0.0909
NC_060948.1	21943340	0.0909
NC_060948.1	21943774	0.1818
NC_060948.1	21944549	0.0909
NC_060948.1	21946543	0.0909
NC_060948.1	21946640	0.0909
NC_060948.1	21948076	0.0909
NC_060948.1	21948220	0.0909
NC_060948.1	21948741	0.0909
NC_060948.1	21950123	0.0909
NC_060948.1	21950861	0.0909
NC_060948.1	21951857	0.0909
NC_060948.1	21952211	0.0909
NC_060948.1	21952353	0.0909
NC_060948.1	21953896	0.0909
NC_060948.1	21954653	0.0909
NC_060948.1	21955200	0.0909
NC_060948.1	21956302	0.0909
NC_060948.1	21957416	0.0909
NC_060948.1	21961414	0.0909
NC_060948.1	21962218	0.0909
NC_060948.1	21962745	0.0909
NC_060948.1	21964261	0.0909
NC_060948.1	21964761	0.0909
NC_060948.1	21965247	0.0909
NC_060948.1	21965566	0.0909
NC_060948.1	21969096	0.0909
NC_060948.1	21969441	0.1818
NC_060948.1	21971187	0.0909
NC_060948.1	21971243	0.0909
NC_060948.1	21971528	0.0909
NC_060948.1	21972139	0.0909
NC_060948.1	21977577	0.1
NC_060948.1	21979196	0.1
NC_060948.1	21982028	0.0909
NC_060948.1	21982291	0.0909
NC_060948.1	21984095	0.0909
NC_060948.1	21985281	0.0909
NC_060948.1	21985718	0.1818
NC_060948.1	21985823	0.0909
NC_060948.1	21986388	0.1818
NC_060948.1	21990404	0.1818
NC_060948.1	21992694	0.0909
NC_060948.1	21992796	0.0909
NC_060948.1	21994195	0.0909
NC_060948.1	21995300	0.1818
NC_060948.1	21997960	0.0909
NC_060948.1	22001584	0.0909
NC_060948.1	22002184	0.0909
NC_060948.1	22002226	0.1818
NC_060948.1	22003459	0.0909
NC_060948.1	22006968	0.0909
NC_060948.1	22006970	0.2727
NC_060948.1	22006972	0.3636
NC_060948.1	22006974	0.2727
NC_060948.1	22006976	0.2727
NC_060948.1	22007617	0.1818
NC_060948.1	22008156	0.0909
NC_060948.1	22008318	0.0909
NC_060948.1	22008805	0.1818
NC_060948.1	22011345	0.0909
NC_060948.1	22012015	0.1818
NC_060948.1	22012183	0.0909
NC_060948.1	22015776	0.0909
NC_060948.1	22018357	0.0909
NC_060948.1	22020310	0.0909
NC_060948.1	22022505	0.0909
NC_060948.1	22022572	0.1818
NC_060948.1	22023804	0.0909
NC_060948.1	22024589	0.2727
NC_060948.1	22024593	0.1818
NC_060948.1	22024605	0.0909
NC_060948.1	22024646	0.0909
NC_060948.1	22027451	0.0909
NC_060948.1	22029342	0.1818
NC_060948.1	22029381	0.0909
NC_060948.1	22031092	0.0909
NC_060948.1	22031792	0.0909
NC_060948.1	22032266	0.0909
NC_060948.1	22033636	0.0909
NC_060948.1	22035225	0.0909
NC_060948.1	22038002	0.0909
NC_060948.1	22041229	0.1818
NC_060948.1	22041809	0.1818
NC_060948.1	22045400	0.1818
NC_060948.1	22046824	0.0909
NC_060948.1	22048577	0.0909
NC_060948.1	22048624	0.0909
NC_060948.1	22049371	0.0909
NC_060948.1	22053484	0.0909
NC_060948.1	22056087	0.0909
NC_060948.1	22056135	0.0909
NC_060948.1	22056827	0.0909
NC_060948.1	22058677	0.0909
NC_060948.1	22061349	0.0909
NC_060948.1	22061635	0.0909
NC_060948.1	22061989	0.0909
NC_060948.1	22062706	0.0833
NC_060948.1	22064067	0.0833
NC_060948.1	22064790	0.0833
NC_060948.1	22067280	0.0909
NC_060948.1	22070527	0.0909
NC_060948.1	22071561	0.0909
NC_060948.1	22071854	0.0909
NC_060948.1	22072678	0.2727
NC_060948.1	22080384	0.0909
NC_060948.1	22082255	0.0909
NC_060948.1	22082512	0.1818
NC_060948.1	22083715	0.0909
NC_060948.1	22083716	0.0909
NC_060948.1	22083781	0.0909
NC_060948.1	22084693	0.0909
NC_060948.1	22085258	0.0909
NC_060948.1	22089944	0.0909
NC_060948.1	22091553	0.0909
NC_060948.1	22092633	0.0909
NC_060948.1	22096651	0.0909
NC_060948.1	22099147	0.0909
NC_060948.1	22099337	0.0909
NC_060948.1	22102208	0.0909
NC_060948.1	22111987	0.1
NC_060948.1	22115028	0.1
NC_060948.1	22117127	0.1
NC_060948.1	22118089	0.1
NC_060948.1	22118654	0.1
NC_060948.1	22119261	0.1
NC_060948.1	22120824	0.1
NC_060948.1	22123113	0.1
NC_060948.1	22124789	0.1
NC_060948.1	22125292	0.1
NC_060948.1	22125421	0.1
NC_060948.1	22127872	0.1
NC_060948.1	22128688	0.1
NC_060948.1	22128712	0.1
NC_060948.1	22128714	0.1
NC_060948.1	22128716	0.1
NC_060948.1	22128718	0.1
NC_060948.1	22129245	0.1
NC_060948.1	22133537	0.1
NC_060948.1	22138681	0.1
NC_060948.1	22138756	0.2
NC_060948.1	22143657	0.1
NC_060948.1	22143678	0.1
NC_060948.1	22144913	0.1
NC_060948.1	22152273	0.2
NC_060948.1	22153760	0.1
NC_060948.1	22154187	0.1
NC_060948.1	22155603	0.1
NC_060948.1	22156020	0.2
NC_060948.1	22156985	0.1
NC_060948.1	22157343	0.1
NC_060948.1	22157348	0.1
NC_060948.1	22159893	0.1
NC_060948.1	22160298	0.1
NC_060948.1	22161698	0.1
NC_060948.1	22165699	0.1
NC_060948.1	22166337	0.1
NC_060948.1	22168444	0.1
NC_060948.1	22168928	0.1
NC_060948.1	22171054	0.1
NC_060948.1	22172197	0.1
NC_060948.1	22172746	0.1
NC_060948.1	22173819	0.1
NC_060948.1	22174745	0.1
NC_060948.1	22176655	0.1
NC_060948.1	22177569	0.1
NC_060948.1	22178717	0.1
NC_060948.1	22179661	0.1
NC_060948.1	22179840	0.1
NC_060948.1	22183607	0.1
NC_060948.1	22187721	0.2
NC_060948.1	22189226	0.1
NC_060948.1	22189388	0.1
NC_060948.1	22190309	0.0909
NC_060948.1	22192908	0.0909
NC_060948.1	22193709	0.1818
NC_060948.1	22195912	0.0909
NC_060948.1	22198509	0.0909
NC_060948.1	22201237	0.1
NC_060948.1	22202197	0.0909
NC_060948.1	22202239	0.0909
NC_060948.1	22202577	0.0909
NC_060948.1	22203491	0.0909
NC_060948.1	22207368	0.0909
NC_060948.1	22209324	0.0909
NC_060948.1	22210376	0.0909
NC_060948.1	22213400	0.0909
NC_060948.1	22215354	0.1818
NC_060948.1	22219983	0.0909
NC_060948.1	22220854	0.0909
NC_060948.1	22223012	0.0909
NC_060948.1	22224243	0.0909
NC_060948.1	22227030	0.0909
NC_060948.1	22227212	0.0909
NC_060948.1	22227778	0.0909
NC_060948.1	22229710	0.0909
NC_060948.1	22236782	0.0909
NC_060948.1	22238683	0.0909
NC_060948.1	22241257	0.0909
NC_060948.1	22245320	0.0909
NC_060948.1	22251683	0.0909
NC_060948.1	22251931	0.0909
NC_060948.1	22253307	0.0909
NC_060948.1	22253364	0.1818
NC_060948.1	22255033	0.0909
NC_060948.1	22258276	0.0909
NC_060948.1	22260137	0.0909
NC_060948.1	22260820	0.0909
NC_060948.1	22264299	0.0909
NC_060948.1	22264378	0.0909
NC_060948.1	22264794	0.0909
NC_060948.1	22264835	0.0909
NC_060948.1	22266382	0.0909
NC_060948.1	22267982	0.0909
NC_060948.1	22268087	0.0909
NC_060948.1	22268107	0.0909
NC_060948.1	22268109	0.0909
NC_060948.1	22268137	0.2727
NC_060948.1	22268141	0.0909
NC_060948.1	22268149	0.1818
NC_060948.1	22268150	0.0909
NC_060948.1	22268153	0.0909
NC_060948.1	22268458	0.0909
NC_060948.1	22271278	0.0909
NC_060948.1	22271636	0.0909
NC_060948.1	22272167	0.0833
NC_060948.1	22272438	0.0833
NC_060948.1	22273666	0.0833
NC_060948.1	22274192	0.0833
NC_060948.1	22275045	0.0833
NC_060948.1	22278490	0.1667
NC_060948.1	22278737	0.0833
NC_060948.1	22278761	0.25
NC_060948.1	22278789	0.1667
NC_060948.1	22278796	0.1667
NC_060948.1	22278797	0.0833
NC_060948.1	22278800	0.0833
NC_060948.1	22278804	0.0833
NC_060948.1	22279171	0.0833
NC_060948.1	22279666	0.0833
NC_060948.1	22281306	0.0833
NC_060948.1	22282371	0.0833
NC_060948.1	22282605	0.0833
NC_060948.1	22285217	0.0833
NC_060948.1	22285482	0.1667
NC_060948.1	22285871	0.1667
NC_060948.1	22287221	0.0833
NC_060948.1	22297007	0.0833
NC_060948.1	22302685	0.0833
NC_060948.1	22304155	0.0833
NC_060948.1	22304156	0.0833
NC_060948.1	22308394	0.0909
NC_060948.1	22309639	0.0909
NC_060948.1	22310980	0.0909
NC_060948.1	22311512	0.0909
NC_060948.1	22314077	0.0909
NC_060948.1	22314533	0.0909
NC_060948.1	22314991	0.1818
NC_060948.1	22316962	0.0909
NC_060948.1	22321037	0.1818
NC_060948.1	22321108	0.1818
NC_060948.1	22322818	0.1667
NC_060948.1	22326936	0.0833
NC_060948.1	22326939	0.1667
NC_060948.1	22326943	0.0833
NC_060948.1	22326945	0.1667
NC_060948.1	22326946	0.1667
NC_060948.1	22326949	0.0833
NC_060948.1	22326950	0.0833
NC_060948.1	22326951	0.0833
NC_060948.1	22326952	0.0833
NC_060948.1	22326953	0.1667
NC_060948.1	22326954	0.0833
NC_060948.1	22326956	0.0833
NC_060948.1	22326957	0.0833
NC_060948.1	22326958	0.0833
NC_060948.1	22326959	0.0833
NC_060948.1	22326965	0.1667
NC_060948.1	22326966	0.0833
NC_060948.1	22326970	0.0833
NC_060948.1	22326971	0.0833
NC_060948.1	22326972	0.0833
NC_060948.1	22326974	0.0833
NC_060948.1	22327977	0.0909
NC_060948.1	22328868	0.0909
NC_060948.1	22330383	0.0833
NC_060948.1	22332203	0.1667
NC_060948.1	22336639	0.1667
NC_060948.1	22340666	0.0833
NC_060948.1	22342385	0.0833
NC_060948.1	22345006	0.0833
NC_060948.1	22346749	0.0833
NC_060948.1	22348433	0.0833
NC_060948.1	22352402	0.25
NC_060948.1	22352601	0.25
NC_060948.1	22352906	0.0833
NC_060948.1	22355686	0.0833
NC_060948.1	22355752	0.0833
NC_060948.1	22362074	0.0833
NC_060948.1	22365527	0.0833
NC_060948.1	22367716	0.1667
NC_060948.1	22367844	0.0833
NC_060948.1	22368024	0.0833
NC_060948.1	22368028	0.0833
NC_060948.1	22368489	0.0833
NC_060948.1	22368959	0.25
NC_060948.1	22369190	0.25
NC_060948.1	22369768	0.0833
NC_060948.1	22369868	0.1667
NC_060948.1	22370056	0.0833
NC_060948.1	22370068	0.0833
NC_060948.1	22370231	0.1667
NC_060948.1	22371085	0.3333
NC_060948.1	22371735	0.4167
NC_060948.1	22371761	0.0833
NC_060948.1	22373604	0.3333
NC_060948.1	22374426	0.0833
NC_060948.1	22375721	0.25
NC_060948.1	22376019	0.3333
NC_060948.1	22376144	0.0833
NC_060948.1	22376797	0.1667
NC_060948.1	22377151	0.1667
NC_060948.1	22377177	0.0833
NC_060948.1	22377245	0.4167
NC_060948.1	22377644	0.0833
NC_060948.1	22378896	0.0833
NC_060948.1	22379294	0.0833
NC_060948.1	22379780	0.1667
NC_060948.1	22442629	0.1667
NC_060948.1	22442711	0.1667
NC_060948.1	22442759	0.0833
NC_060948.1	22442849	0.1667
NC_060948.1	22442865	0.1667
NC_060948.1	22442902	0.0833
NC_060948.1	22443032	0.0833
NC_060948.1	22443129	0.1667
NC_060948.1	22443232	0.0833
NC_060948.1	22443307	0.0833
NC_060948.1	22443696	0.0833
NC_060948.1	22445237	0.1667
NC_060948.1	22447063	0.1667
NC_060948.1	22449317	0.0833
NC_060948.1	22449356	0.1667
NC_060948.1	22449968	0.0833
NC_060948.1	22454296	0.1667
NC_060948.1	22454494	0.0833
NC_060948.1	22455037	0.0833
NC_060948.1	22456973	0.0833
NC_060948.1	22457983	0.0833
NC_060948.1	22458442	0.0833
NC_060948.1	22460447	0.0833
NC_060948.1	22460461	0.0833
NC_060948.1	22463376	0.0833
NC_060948.1	22464691	0.0833
NC_060948.1	22464696	0.1667
NC_060948.1	22464727	0.0833
NC_060948.1	22465044	0.0833
NC_060948.1	22466248	0.0833
NC_060948.1	22467329	0.0833
NC_060948.1	22468485	0.0833
NC_060948.1	22468601	0.1667
NC_060948.1	22470818	0.0833
NC_060948.1	22473819	0.1667
NC_060948.1	22474771	0.0833
NC_060948.1	22474961	0.0833
NC_060948.1	22475028	0.3333
NC_060948.1	22477488	0.0833
NC_060948.1	22478375	0.0833
NC_060948.1	22478906	0.0833
NC_060948.1	22482723	0.0833
NC_060948.1	22484330	0.0833
NC_060948.1	22484497	0.0833
NC_060948.1	22485328	0.1667
NC_060948.1	22487454	0.1667
NC_060948.1	22487740	0.0833
NC_060948.1	22489792	0.1
NC_060948.1	22492764	0.2
NC_060948.1	22494854	0.2
NC_060948.1	22498600	0.1
NC_060948.1	22498764	0.1
NC_060948.1	22499264	0.1
NC_060948.1	22501783	0.1
NC_060948.1	22501948	0.1
NC_060948.1	22502570	0.1
NC_060948.1	22502706	0.1
NC_060948.1	22503811	0.1
NC_060948.1	22504108	0.2
NC_060948.1	22504290	0.2
NC_060948.1	22510329	0.1
NC_060948.1	22513542	0.1
NC_060948.1	22514671	0.1
NC_060948.1	22515154	0.2
NC_060948.1	22516123	0.1
NC_060948.1	22519060	0.1
NC_060948.1	22617296	0.1111
NC_060948.1	22623513	0.1111
NC_060948.1	22625811	0.1111
NC_060948.1	22625969	0.1111
NC_060948.1	22629291	0.1111
NC_060948.1	22629750	0.1111
NC_060948.1	22630795	0.1111
NC_060948.1	22631169	0.1111
NC_060948.1	22632365	0.1111
NC_060948.1	22633228	0.1111
NC_060948.1	22634991	0.1111
NC_060948.1	22637501	0.1111
NC_060948.1	22638296	0.1111
NC_060948.1	22639928	0.1111
NC_060948.1	22644226	0.2222
NC_060948.1	22648073	0.1111
NC_060948.1	22650734	0.1111
NC_060948.1	22652411	0.1111
NC_060948.1	22653003	0.1111
NC_060948.1	22653872	0.1111
NC_060948.1	22657210	0.2727
NC_060948.1	22657270	0.1818
NC_060948.1	22662095	0.0833
NC_060948.1	22662993	0.1667
NC_060948.1	22664163	0.25
NC_060948.1	22665495	0.3333
NC_060948.1	22666902	0.1667
NC_060948.1	22667799	0.0909
NC_060948.1	22668934	0.0909
NC_060948.1	22669262	0.0909
NC_060948.1	22669374	0.1818
NC_060948.1	22673419	0.0909
NC_060948.1	22673633	0.0909
NC_060948.1	22673842	0.1818
NC_060948.1	22678037	0.0909
NC_060948.1	22679100	0.1818
NC_060948.1	22679139	0.0909
NC_060948.1	22679153	0.0909
NC_060948.1	22680366	0.1818
NC_060948.1	22682125	0.1111
NC_060948.1	22682519	0.1111
NC_060948.1	22683011	0.1111
NC_060948.1	22683196	0.1111
NC_060948.1	22683687	0.1111
NC_060948.1	22684586	0.1111
NC_060948.1	22695196	0.1111
NC_060948.1	22695852	0.1111
NC_060948.1	22760118	0.2222
NC_060948.1	22760119	0.1111
NC_060948.1	22760120	0.1111
NC_060948.1	22760121	0.1111
NC_060948.1	22760171	0.2222
NC_060948.1	22760178	0.2222
NC_060948.1	22760183	0.2222
NC_060948.1	22760414	0.3333
NC_060948.1	22760756	0.3333
NC_060948.1	22760821	0.3333
NC_060948.1	22760829	0.3333
NC_060948.1	22760833	0.3333
NC_060948.1	22760848	0.3333
NC_060948.1	23044890	0.1111
NC_060948.1	23049514	0.1111
NC_060948.1	23049937	0.1111
NC_060948.1	23056472	0.1111
NC_060948.1	23058793	0.1111
NC_060948.1	23061753	0.1111
NC_060948.1	23063017	0.1111
NC_060948.1	23067241	0.1111
NC_060948.1	23069654	0.1111
NC_060948.1	23070637	0.1111
NC_060948.1	23070964	0.1111
NC_060948.1	23075216	0.1111
NC_060948.1	23076335	0.1111
NC_060948.1	23078083	0.1111
NC_060948.1	23078835	0.1111
NC_060948.1	23080390	0.1111
NC_060948.1	23082525	0.1111
NC_060948.1	23084236	0.1111
NC_060948.1	23084243	0.1111
NC_060948.1	23084499	0.1111
NC_060948.1	23084855	0.1111
NC_060948.1	23085019	0.1111
NC_060948.1	23085412	0.1111
NC_060948.1	23088570	0.1111
NC_060948.1	23092576	0.1111
NC_060948.1	23092759	0.1111
NC_060948.1	23095219	0.1111
NC_060948.1	23095976	0.1111
NC_060948.1	23096038	0.1111
NC_060948.1	23096078	0.1111
NC_060948.1	23097177	0.1111
NC_060948.1	23098282	0.1111
NC_060948.1	23102131	0.1111
NC_060948.1	23102796	0.2222
NC_060948.1	23106286	0.1111
NC_060948.1	23107208	0.1111
NC_060948.1	23108148	0.1111
NC_060948.1	23110369	0.1111
NC_060948.1	23111676	0.1111
NC_060948.1	23113479	0.1111
NC_060948.1	23116539	0.1111
NC_060948.1	23116901	0.1111
NC_060948.1	23117158	0.1111
NC_060948.1	23117159	0.1111
NC_060948.1	23117160	0.1111
NC_060948.1	23119562	0.1111
NC_060948.1	23121242	0.4444
NC_060948.1	23121244	0.3333
NC_060948.1	23123472	0.1111
NC_060948.1	23124046	0.1111
NC_060948.1	23124196	0.1111
NC_060948.1	23124258	0.1111
NC_060948.1	23125327	0.1111
NC_060948.1	23126115	0.1111
NC_060948.1	23128898	0.1111
NC_060948.1	23130115	0.1111
NC_060948.1	23132935	0.1111
NC_060948.1	23135432	0.1111
NC_060948.1	23135809	0.1111
NC_060948.1	23137516	0.1111
NC_060948.1	23140503	0.1111
NC_060948.1	23142091	0.2222
NC_060948.1	23142887	0.1111
NC_060948.1	23143017	0.1111
NC_060948.1	23145272	0.1111
NC_060948.1	23147209	0.1111
NC_060948.1	23150602	0.1111
NC_060948.1	23150846	0.1111
NC_060948.1	23152312	0.2222
NC_060948.1	23152314	0.1111
NC_060948.1	23152364	0.1111
NC_060948.1	23159237	0.2222
NC_060948.1	23161482	0.1111
NC_060948.1	23164879	0.1111
NC_060948.1	23166143	0.1111
NC_060948.1	23166817	0.1111
NC_060948.1	23168491	0.1111
NC_060948.1	23170233	0.1111
NC_060948.1	23171871	0.1111
NC_060948.1	23172200	0.1111
NC_060948.1	23172213	0.1111
NC_060948.1	23173471	0.1111
NC_060948.1	23174426	0.1111
NC_060948.1	23175430	0.1111
NC_060948.1	23175449	0.1111
NC_060948.1	23176001	0.1111
NC_060948.1	23176192	0.1111
NC_060948.1	23176454	0.1111
NC_060948.1	23178348	0.1111
NC_060948.1	23179975	0.2222
NC_060948.1	23180095	0.1111
NC_060948.1	23180141	0.1111
NC_060948.1	23180167	0.3333
NC_060948.1	23180284	0.1111
NC_060948.1	23180292	0.1111
NC_060948.1	23180321	0.1111
NC_060948.1	23180334	0.1111
NC_060948.1	23180342	0.1111
NC_060948.1	23180347	0.2222
NC_060948.1	23180360	0.1111
NC_060948.1	23180373	0.3333
NC_060948.1	23180392	0.1111
NC_060948.1	23180394	0.1111
NC_060948.1	23180399	0.2222
NC_060948.1	23180401	0.2222
NC_060948.1	23180422	0.125
NC_060948.1	23180477	0.1111
NC_060948.1	23180505	0.3333
NC_060948.1	23180533	0.1111
NC_060948.1	23180561	0.1111
NC_060948.1	23180631	0.1111
NC_060948.1	23180633	0.1111
NC_060948.1	23180634	0.1111
NC_060948.1	23180659	0.1111
NC_060948.1	23180661	0.1111
NC_060948.1	23180662	0.1111
NC_060948.1	23180874	0.2222
NC_060948.1	23181136	0.125
NC_060948.1	23181188	0.1111
NC_060948.1	23181246	0.1111
NC_060948.1	23181259	0.1111
NC_060948.1	23181260	0.1111
NC_060948.1	23181295	0.2222
NC_060948.1	23181298	0.1111
NC_060948.1	23181314	0.1111
NC_060948.1	23181327	0.1111
NC_060948.1	23181342	0.1111
NC_060948.1	23181351	0.1111
NC_060948.1	23181355	0.2222
NC_060948.1	23181374	0.2222
NC_060948.1	23181375	0.1111
NC_060948.1	23181377	0.2222
NC_060948.1	23181383	0.1111
NC_060948.1	23181654	0.1111
NC_060948.1	23182040	0.2222
NC_060948.1	23182069	0.1111
NC_060948.1	23182130	0.1111
NC_060948.1	23182765	0.1111
NC_060948.1	23185802	0.1111
NC_060948.1	23186789	0.2222
NC_060948.1	23186793	0.1111
NC_060948.1	23189566	0.1111
NC_060948.1	23190217	0.1111
NC_060948.1	23190474	0.2222
NC_060948.1	23190736	0.2222
NC_060948.1	23192737	0.1111
NC_060948.1	23192774	0.1111
NC_060948.1	23193473	0.1111
NC_060948.1	23195841	0.1111
NC_060948.1	23196508	0.1111
NC_060948.1	23197587	0.1111
NC_060948.1	23202002	0.1111
NC_060948.1	23203111	0.1111
NC_060948.1	23203299	0.1111
NC_060948.1	23203308	0.1111
NC_060948.1	23207234	0.1111
NC_060948.1	23208267	0.1111
NC_060948.1	23208675	0.1111
NC_060948.1	23209947	0.1111
NC_060948.1	23210041	0.1111
NC_060948.1	23210245	0.1111
NC_060948.1	23212070	0.1111
NC_060948.1	25503937	0.25
NC_060948.1	27122878	0.125
NC_060948.1	27123024	0.125
NC_060948.1	27123364	0.125
NC_060948.1	27125495	0.125
NC_060948.1	27126977	0.125
NC_060948.1	27128665	0.125
NC_060948.1	27129683	0.125
NC_060948.1	27130061	0.125
NC_060948.1	27130537	0.125
NC_060948.1	27132418	0.125
NC_060948.1	27135253	0.125
NC_060948.1	27136358	0.125
NC_060948.1	27136360	0.25
NC_060948.1	27137973	0.125
NC_060948.1	27142589	0.125
NC_060948.1	27143767	0.125
NC_060948.1	27143769	0.125
NC_060948.1	27143799	0.25
NC_060948.1	27145670	0.125
NC_060948.1	27146538	0.125
NC_060948.1	27148486	0.125
NC_060948.1	27149517	0.125
NC_060948.1	27150518	0.125
NC_060948.1	27150644	0.125
NC_060948.1	27150652	0.125
NC_060948.1	27150790	0.125
NC_060948.1	27155954	0.1111
NC_060948.1	27156145	0.1111
NC_060948.1	27157863	0.1111
NC_060948.1	27161654	0.1111
NC_060948.1	27162965	0.1111
NC_060948.1	27169809	0.1111
NC_060948.1	27169858	0.1111
NC_060948.1	27169887	0.1111
NC_060948.1	27170444	0.1111
NC_060948.1	27170486	0.1111
NC_060948.1	27173592	0.1111
NC_060948.1	27176491	0.1111
NC_060948.1	27177032	0.1111
NC_060948.1	27177633	0.1111
NC_060948.1	27181384	0.1111
NC_060948.1	27183074	0.1111
NC_060948.1	27183107	0.1111
NC_060948.1	27184439	0.1111
NC_060948.1	27187896	0.1111
NC_060948.1	27188089	0.1111
NC_060948.1	27189062	0.1111
NC_060948.1	27190206	0.1111
NC_060948.1	27190624	0.1111
NC_060948.1	27193204	0.1111
NC_060948.1	27195316	0.2222
NC_060948.1	27196391	0.1111
NC_060948.1	27197122	0.1111
NC_060948.1	27198408	0.1111
NC_060948.1	27199949	0.1111
NC_060948.1	27200694	0.125
NC_060948.1	27202025	0.1111
NC_060948.1	27203831	0.1111
NC_060948.1	27209200	0.1111
NC_060948.1	27209445	0.1111
NC_060948.1	27217008	0.1111
NC_060948.1	27217381	0.1111
NC_060948.1	27217711	0.1111
NC_060948.1	27224374	0.1111
NC_060948.1	27224671	0.1111
NC_060948.1	27231531	0.2222
NC_060948.1	27233597	0.1111
NC_060948.1	27233735	0.1111
NC_060948.1	27234717	0.1111
NC_060948.1	27234865	0.1111
NC_060948.1	27235701	0.1111
NC_060948.1	27236323	0.1111
NC_060948.1	27238009	0.1111
NC_060948.1	27239655	0.1111
NC_060948.1	27240779	0.1111
NC_060948.1	27241498	0.1111
NC_060948.1	27242608	0.1111
NC_060948.1	27243459	0.1111
NC_060948.1	27245647	0.1111
NC_060948.1	27247453	0.1111
NC_060948.1	27247455	0.1111
NC_060948.1	27247811	0.1111
NC_060948.1	27249016	0.1111
NC_060948.1	27253427	0.1111
NC_060948.1	27253750	0.1111
NC_060948.1	27254773	0.1111
NC_060948.1	27254857	0.1111
NC_060948.1	27256038	0.1111
NC_060948.1	27256065	0.1111
NC_060948.1	27256693	0.1111
NC_060948.1	27258482	0.125
NC_060948.1	27258984	0.125
NC_060948.1	27259856	0.125
NC_060948.1	27263154	0.125
NC_060948.1	27265578	0.125
NC_060948.1	27266769	0.125
NC_060948.1	27267761	0.125
NC_060948.1	27267845	0.125
NC_060948.1	27270539	0.125
NC_060948.1	27272055	0.125
NC_060948.1	27273031	0.125
NC_060948.1	27274431	0.125
NC_060948.1	27274980	0.125
NC_060948.1	27275692	0.125
NC_060948.1	27276204	0.125
NC_060948.1	27276295	0.125
NC_060948.1	27278109	0.125
NC_060948.1	27278158	0.125
NC_060948.1	27278234	0.125
NC_060948.1	27278691	0.125
NC_060948.1	27280702	0.125
NC_060948.1	27281892	0.125
NC_060948.1	27282406	0.125
NC_060948.1	27284838	0.125
NC_060948.1	27286011	0.125
NC_060948.1	27286902	0.125
NC_060948.1	27288507	0.125
NC_060948.1	27293485	0.125
NC_060948.1	27293877	0.125
NC_060948.1	27294224	0.125
NC_060948.1	27294226	0.25
NC_060948.1	27294228	0.375
NC_060948.1	27294232	0.125
NC_060948.1	27294252	0.125
NC_060948.1	27294300	0.125
NC_060948.1	27294302	0.125
NC_060948.1	27294608	0.125
NC_060948.1	27294935	0.125
NC_060948.1	27299648	0.125
NC_060948.1	27300780	0.125
NC_060948.1	27302518	0.125
NC_060948.1	27303821	0.125
NC_060948.1	27304608	0.125
NC_060948.1	27306159	0.125
NC_060948.1	27307450	0.125
NC_060948.1	27310417	0.125
NC_060948.1	27312151	0.125
NC_060948.1	27313416	0.125
NC_060948.1	27316137	0.125
NC_060948.1	27316156	0.125
NC_060948.1	27319404	0.125
NC_060948.1	27320178	0.125
NC_060948.1	27321265	0.125
NC_060948.1	27322849	0.125
NC_060948.1	27322850	0.125
NC_060948.1	27324043	0.125
NC_060948.1	27324071	0.125
NC_060948.1	27325414	0.125
NC_060948.1	27326992	0.1111
NC_060948.1	27329425	0.1111
NC_060948.1	27330039	0.1111
NC_060948.1	27330401	0.1111
NC_060948.1	27331615	0.1111
NC_060948.1	27333024	0.2222
NC_060948.1	27334062	0.2222
NC_060948.1	27334084	0.1111
NC_060948.1	27335104	0.1111
NC_060948.1	27335780	0.2222
NC_060948.1	27335911	0.1111
NC_060948.1	27339984	0.1111
NC_060948.1	27340489	0.2222
NC_060948.1	27342265	0.1111
NC_060948.1	27344435	0.1111
NC_060948.1	27345286	0.1111
NC_060948.1	27346162	0.1111
NC_060948.1	27346216	0.3333
NC_060948.1	27346675	0.1111
NC_060948.1	27349380	0.1111
NC_060948.1	27350166	0.1111
NC_060948.1	27351134	0.1111
NC_060948.1	27352172	0.1111
NC_060948.1	27353384	0.1111
NC_060948.1	27353834	0.1111
NC_060948.1	27356096	0.1111
NC_060948.1	27357176	0.1111
NC_060948.1	27358698	0.1111
NC_060948.1	27359448	0.1111
NC_060948.1	27363101	0.1111
NC_060948.1	27364811	0.1111
NC_060948.1	27366567	0.3333
NC_060948.1	27370611	0.1111
NC_060948.1	27373382	0.1111
NC_060948.1	27373610	0.1111
NC_060948.1	27373948	0.1111
NC_060948.1	27374022	0.1111
NC_060948.1	27375077	0.1111
NC_060948.1	27375321	0.1111
NC_060948.1	27376619	0.1111
NC_060948.1	27376809	0.1111
NC_060948.1	27380587	0.2222
NC_060948.1	27382075	0.1111
NC_060948.1	27382445	0.2222
NC_060948.1	27383072	0.1111
NC_060948.1	27387318	0.1111
NC_060948.1	27390022	0.1111
NC_060948.1	27390469	0.1111
NC_060948.1	27391215	0.1111
NC_060948.1	27392717	0.1111
NC_060948.1	27395006	0.1111
NC_060948.1	27396786	0.1111
NC_060948.1	27396831	0.1111
NC_060948.1	27397014	0.1111
NC_060948.1	27397721	0.1111
NC_060948.1	27397905	0.1111
NC_060948.1	27398905	0.1111
NC_060948.1	27402030	0.1111
NC_060948.1	27402704	0.1111
NC_060948.1	27403143	0.1111
NC_060948.1	27403942	0.1111
NC_060948.1	27404090	0.1111
NC_060948.1	27404245	0.1111
NC_060948.1	27404381	0.1111
NC_060948.1	27404500	0.1111
NC_060948.1	27405615	0.1111
NC_060948.1	27408432	0.1111
NC_060948.1	27410626	0.1111
NC_060948.1	27410759	0.1111
NC_060948.1	27411324	0.1111
NC_060948.1	27412199	0.1111
NC_060948.1	27412212	0.1111
NC_060948.1	27413023	0.1111
NC_060948.1	27413349	0.1111
NC_060948.1	27414415	0.1111
NC_060948.1	27414706	0.2222
NC_060948.1	27414713	0.1111
NC_060948.1	27414718	0.2222
NC_060948.1	27415811	0.1111
NC_060948.1	27417013	0.1111
NC_060948.1	27420903	0.1111
NC_060948.1	27422782	0.1111
NC_060948.1	27423998	0.1111
NC_060948.1	27424071	0.1111
NC_060948.1	27424899	0.1111
NC_060948.1	27424916	0.1111
NC_060948.1	27425258	0.2222
NC_060948.1	27426918	0.1111
NC_060948.1	27429419	0.1111
NC_060948.1	27430664	0.1111
NC_060948.1	27433408	0.1111
NC_060948.1	27436923	0.1111
NC_060948.1	27437855	0.1111
NC_060948.1	27438296	0.1111
NC_060948.1	27438976	0.1111
NC_060948.1	27442686	0.1111
NC_060948.1	27443532	0.1111
NC_060948.1	27448933	0.1111
NC_060948.1	27450383	0.1111
NC_060948.1	27452047	0.1111
NC_060948.1	27452451	0.2222
NC_060948.1	27452867	0.1111
NC_060948.1	27453677	0.1
NC_060948.1	27453919	0.2
NC_060948.1	27456059	0.1
NC_060948.1	27456735	0.2
NC_060948.1	27457515	0.1
NC_060948.1	27458134	0.1
NC_060948.1	27458406	0.2
NC_060948.1	27460018	0.2
NC_060948.1	27460025	0.2
NC_060948.1	27462267	0.2
NC_060948.1	27462587	0.2
