0	1	2
NC_000024.10	2785625	0.0833
NC_000024.10	2789135	0.0833
NC_000024.10	2795663	0.1667
NC_000024.10	2795667	0.3333
NC_000024.10	2795902	0.0833
NC_000024.10	2797575	0.0833
NC_000024.10	2800478	0.0833
NC_000024.10	2800492	0.0833
NC_000024.10	2801375	0.1667
NC_000024.10	2801881	0.0833
NC_000024.10	2802413	0.0833
NC_000024.10	2803188	0.0833
NC_000024.10	2803515	0.0833
NC_000024.10	2803996	0.0833
NC_000024.10	2806583	0.0833
NC_000024.10	2807442	0.0833
NC_000024.10	2808695	0.0833
NC_000024.10	2811596	0.0833
NC_000024.10	2814818	0.0833
NC_000024.10	2815788	0.0833
NC_000024.10	2816706	0.0833
NC_000024.10	2818381	0.0833
NC_000024.10	2820573	0.0833
NC_000024.10	2820575	0.0833
NC_000024.10	2820577	0.0833
NC_000024.10	2820589	0.0833
NC_000024.10	2820590	0.0833
NC_000024.10	2820591	0.0833
NC_000024.10	2820593	0.0833
NC_000024.10	2820595	0.0833
NC_000024.10	2826230	0.0833
NC_000024.10	2827755	0.0833
NC_000024.10	2828186	0.0833
NC_000024.10	2834946	0.0833
NC_000024.10	2835236	0.0833
NC_000024.10	2837969	0.0833
NC_000024.10	2839818	0.0833
NC_000024.10	2839900	0.0833
NC_000024.10	2842113	0.0833
NC_000024.10	2844911	0.0833
NC_000024.10	2844915	0.0833
NC_000024.10	2851165	0.1667
NC_000024.10	2854465	0.0833
NC_000024.10	2856727	0.0833
NC_000024.10	2857374	0.1667
NC_000024.10	2860886	0.0833
NC_000024.10	2862782	0.0833
NC_000024.10	2865577	0.0833
NC_000024.10	2866813	0.0833
NC_000024.10	2867241	0.0833
NC_000024.10	2869367	0.1667
NC_000024.10	2869636	0.0833
NC_000024.10	2870232	0.0833
NC_000024.10	2871427	0.0833
NC_000024.10	2875713	0.0833
NC_000024.10	2876345	0.0833
NC_000024.10	2878182	0.0833
NC_000024.10	2882681	0.1667
NC_000024.10	2886129	0.0833
NC_000024.10	2886167	0.0833
NC_000024.10	2888430	0.0833
NC_000024.10	2888478	0.0833
NC_000024.10	2889629	0.0833
NC_000024.10	2891840	0.0833
NC_000024.10	2891863	0.0833
NC_000024.10	2891867	0.0833
NC_000024.10	2904887	0.0833
NC_000024.10	2905907	0.0833
NC_000024.10	2906628	0.0833
NC_000024.10	2907072	0.0833
NC_000024.10	2918191	0.1667
NC_000024.10	2919667	0.0833
NC_000024.10	2920585	0.0833
NC_000024.10	2920994	0.0833
NC_000024.10	2922104	0.0833
NC_000024.10	2922543	0.0833
NC_000024.10	2926038	0.0833
NC_000024.10	2926440	0.0833
NC_000024.10	2926633	0.1667
NC_000024.10	2927629	0.0833
NC_000024.10	2929697	0.0833
NC_000024.10	2930418	0.0833
NC_000024.10	2932673	0.0833
NC_000024.10	2933279	0.0833
NC_000024.10	2935256	0.1667
NC_000024.10	2939578	0.0833
NC_000024.10	2940441	0.0833
NC_000024.10	2941962	0.0833
NC_000024.10	2941964	0.0833
NC_000024.10	2944638	0.0833
NC_000024.10	2947390	0.0833
NC_000024.10	2950996	0.0833
NC_000024.10	2956685	0.3333
NC_000024.10	2959368	0.1667
NC_000024.10	2960669	0.0833
NC_000024.10	2963398	0.0833
NC_000024.10	2964866	0.0833
NC_000024.10	2968528	0.1667
NC_000024.10	2969620	0.0833
NC_000024.10	2974789	0.0833
NC_000024.10	2981801	0.0833
NC_000024.10	2981812	0.0833
NC_000024.10	2981813	0.0833
NC_000024.10	2981838	0.0833
NC_000024.10	2983276	0.0833
NC_000024.10	2985353	0.1667
NC_000024.10	2986409	0.0833
NC_000024.10	2987596	0.1667
NC_000024.10	2989477	0.0833
NC_000024.10	2992660	0.0833
NC_000024.10	2993956	0.0833
NC_000024.10	2995326	0.0833
NC_000024.10	2995624	0.0833
NC_000024.10	2995989	0.0833
NC_000024.10	2996240	0.0833
NC_000024.10	2996242	0.0833
NC_000024.10	2996243	0.0833
NC_000024.10	2997719	0.1667
NC_000024.10	2998315	0.25
NC_000024.10	2998572	0.25
NC_000024.10	2998573	0.25
NC_000024.10	2998603	0.0833
NC_000024.10	2998745	0.25
NC_000024.10	2998750	0.25
NC_000024.10	2998845	0.0833
NC_000024.10	2998862	0.0833
NC_000024.10	2998903	0.25
NC_000024.10	3000458	0.0833
NC_000024.10	3000615	0.0833
NC_000024.10	3001379	0.0833
NC_000024.10	3004542	0.0833
NC_000024.10	3004569	0.0833
NC_000024.10	3006501	0.0833
NC_000024.10	3006503	0.0833
NC_000024.10	3010711	0.0833
NC_000024.10	3010723	0.0833
NC_000024.10	3014714	0.0833
NC_000024.10	3016807	0.0833
NC_000024.10	3018751	0.0833
NC_000024.10	3020616	0.2727
NC_000024.10	3020619	0.0909
NC_000024.10	3020690	0.0833
NC_000024.10	3020698	0.25
NC_000024.10	3020767	0.0833
NC_000024.10	3020786	0.1667
NC_000024.10	3020982	0.0833
NC_000024.10	3021358	0.0833
NC_000024.10	3026186	0.0833
NC_000024.10	3028440	0.0833
NC_000024.10	3031670	0.0833
NC_000024.10	3031680	0.0833
NC_000024.10	3032733	0.0833
NC_000024.10	3035191	0.1667
NC_000024.10	3036549	0.0833
NC_000024.10	3038592	0.0833
NC_000024.10	3038909	0.0833
NC_000024.10	3044344	0.0833
NC_000024.10	3045265	0.0833
NC_000024.10	3047005	0.1667
NC_000024.10	3050201	0.125
NC_000024.10	3051500	0.125
NC_000024.10	3052351	0.125
NC_000024.10	3053441	0.125
NC_000024.10	3056476	0.125
NC_000024.10	3057150	0.125
NC_000024.10	3057460	0.125
NC_000024.10	3058255	0.125
NC_000024.10	3066317	0.125
NC_000024.10	3067438	0.125
NC_000024.10	3067909	0.125
NC_000024.10	3067978	0.125
NC_000024.10	3071131	0.125
NC_000024.10	3072962	0.125
NC_000024.10	3088337	0.125
NC_000024.10	3096093	0.125
NC_000024.10	3096802	0.125
NC_000024.10	3103099	0.125
NC_000024.10	3105879	0.125
NC_000024.10	3108659	0.125
NC_000024.10	3111516	0.125
NC_000024.10	3111552	0.125
NC_000024.10	3111653	0.125
NC_000024.10	3111946	0.125
NC_000024.10	3114125	0.125
NC_000024.10	3115038	0.125
NC_000024.10	3116923	0.125
NC_000024.10	3119479	0.125
NC_000024.10	3122725	0.125
NC_000024.10	3125261	0.125
NC_000024.10	3125486	0.125
NC_000024.10	3125695	0.125
NC_000024.10	3127424	0.125
NC_000024.10	3128500	0.125
NC_000024.10	3132459	0.125
NC_000024.10	3134572	0.125
NC_000024.10	3150462	0.125
NC_000024.10	3151124	0.125
NC_000024.10	3155022	0.125
NC_000024.10	3159354	0.125
NC_000024.10	3160354	0.125
NC_000024.10	3165140	0.125
NC_000024.10	3165685	0.125
NC_000024.10	3167052	0.125
NC_000024.10	3168817	0.125
NC_000024.10	3173017	0.125
NC_000024.10	3175550	0.125
NC_000024.10	3179693	0.125
NC_000024.10	3180015	0.125
NC_000024.10	3183265	0.125
NC_000024.10	3185584	0.125
NC_000024.10	3186806	0.125
NC_000024.10	3188459	0.125
NC_000024.10	3194704	0.125
NC_000024.10	3195097	0.125
NC_000024.10	3195154	0.125
NC_000024.10	3195171	0.125
NC_000024.10	3195201	0.125
NC_000024.10	3195216	0.125
NC_000024.10	3195258	0.125
NC_000024.10	3198054	0.125
NC_000024.10	3198435	0.125
NC_000024.10	3199765	0.125
NC_000024.10	3202142	0.125
NC_000024.10	3204721	0.125
NC_000024.10	3207068	0.125
NC_000024.10	3208039	0.125
NC_000024.10	3208157	0.125
NC_000024.10	3208223	0.125
NC_000024.10	3208794	0.125
NC_000024.10	3213176	0.125
NC_000024.10	3217727	0.125
NC_000024.10	3217735	0.125
NC_000024.10	3217809	0.125
NC_000024.10	3218498	0.125
NC_000024.10	3220120	0.125
NC_000024.10	3223476	0.125
NC_000024.10	3224425	0.125
NC_000024.10	3225657	0.125
NC_000024.10	3226180	0.125
NC_000024.10	3226873	0.125
NC_000024.10	3227524	0.125
NC_000024.10	3228034	0.125
NC_000024.10	3231237	0.125
NC_000024.10	3231238	0.125
NC_000024.10	3233735	0.125
NC_000024.10	3235429	0.125
NC_000024.10	3235495	0.125
NC_000024.10	3235561	0.125
NC_000024.10	3238742	0.125
NC_000024.10	3238882	0.125
NC_000024.10	3238930	0.125
NC_000024.10	3241672	0.125
NC_000024.10	3244256	0.125
NC_000024.10	3244430	0.125
NC_000024.10	3245311	0.125
NC_000024.10	3249258	0.125
NC_000024.10	3249753	0.125
NC_000024.10	3249786	0.125
NC_000024.10	3250009	0.125
NC_000024.10	3250341	0.125
NC_000024.10	3253466	0.125
NC_000024.10	3256610	0.125
NC_000024.10	3258745	0.125
NC_000024.10	3263014	0.125
NC_000024.10	3263539	0.125
NC_000024.10	3266309	0.125
NC_000024.10	3273938	0.125
NC_000024.10	3274768	0.125
NC_000024.10	3279558	0.125
NC_000024.10	3279625	0.125
NC_000024.10	3288130	0.125
NC_000024.10	3288444	0.125
NC_000024.10	3289107	0.125
NC_000024.10	3290329	0.125
NC_000024.10	3290789	0.125
NC_000024.10	3290962	0.125
NC_000024.10	3291280	0.125
NC_000024.10	3298357	0.125
NC_000024.10	3300496	0.125
NC_000024.10	3302352	0.125
NC_000024.10	3303918	0.125
NC_000024.10	3304513	0.125
NC_000024.10	3304590	0.125
NC_000024.10	3307153	0.125
NC_000024.10	3307481	0.125
NC_000024.10	3309942	0.125
NC_000024.10	3311915	0.125
NC_000024.10	3313786	0.125
NC_000024.10	3319462	0.125
NC_000024.10	3321231	0.125
NC_000024.10	3321459	0.125
NC_000024.10	3324618	0.125
NC_000024.10	3325734	0.125
NC_000024.10	3328385	0.125
NC_000024.10	3328950	0.125
NC_000024.10	3329811	0.125
NC_000024.10	3336373	0.125
NC_000024.10	3336490	0.125
NC_000024.10	3337204	0.125
NC_000024.10	3337834	0.125
NC_000024.10	3338155	0.125
NC_000024.10	3338710	0.125
NC_000024.10	3342575	0.125
NC_000024.10	3343915	0.125
NC_000024.10	3349850	0.125
NC_000024.10	3350752	0.125
NC_000024.10	3350764	0.125
NC_000024.10	3353824	0.125
NC_000024.10	3355335	0.125
NC_000024.10	3356562	0.125
NC_000024.10	3360371	0.125
NC_000024.10	3368962	0.125
NC_000024.10	3372039	0.125
NC_000024.10	3372074	0.125
NC_000024.10	3372281	0.125
NC_000024.10	3372723	0.125
NC_000024.10	3373034	0.125
NC_000024.10	3373079	0.125
NC_000024.10	3373101	0.125
NC_000024.10	3373105	0.125
NC_000024.10	3373169	0.125
NC_000024.10	3373470	0.125
NC_000024.10	3373728	0.125
NC_000024.10	3377276	0.125
NC_000024.10	3378129	0.125
NC_000024.10	3378317	0.125
NC_000024.10	3379438	0.125
NC_000024.10	3383614	0.125
NC_000024.10	3384094	0.125
NC_000024.10	3385337	0.125
NC_000024.10	3385425	0.125
NC_000024.10	3385800	0.125
NC_000024.10	3385802	0.125
NC_000024.10	3387699	0.125
NC_000024.10	3391920	0.125
NC_000024.10	3393355	0.125
NC_000024.10	3395407	0.125
NC_000024.10	3397634	0.125
NC_000024.10	3401184	0.125
NC_000024.10	3405424	0.125
NC_000024.10	3408953	0.125
NC_000024.10	3409962	0.125
NC_000024.10	3410644	0.125
NC_000024.10	3411565	0.125
NC_000024.10	3411575	0.125
NC_000024.10	3416667	0.125
NC_000024.10	3417366	0.125
NC_000024.10	3418521	0.125
NC_000024.10	3418602	0.125
NC_000024.10	3419741	0.125
NC_000024.10	3424437	0.125
NC_000024.10	3425232	0.125
NC_000024.10	3425893	0.125
NC_000024.10	3426084	0.125
NC_000024.10	3427863	0.125
NC_000024.10	3431761	0.125
NC_000024.10	3433219	0.125
NC_000024.10	3436220	0.125
NC_000024.10	3438195	0.125
NC_000024.10	3440208	0.125
NC_000024.10	3443292	0.125
NC_000024.10	3443731	0.125
NC_000024.10	3443869	0.125
NC_000024.10	3444081	0.125
NC_000024.10	3448471	0.125
NC_000024.10	3451644	0.125
NC_000024.10	3452821	0.125
NC_000024.10	3452837	0.125
NC_000024.10	3452870	0.125
NC_000024.10	3452931	0.125
NC_000024.10	3453127	0.125
NC_000024.10	3453160	0.125
NC_000024.10	3454265	0.125
NC_000024.10	3457344	0.125
NC_000024.10	3457756	0.125
NC_000024.10	3458254	0.125
NC_000024.10	3459919	0.125
NC_000024.10	3463423	0.125
NC_000024.10	3483015	0.125
NC_000024.10	3486386	0.125
NC_000024.10	3488013	0.125
NC_000024.10	3488056	0.2857
NC_000024.10	3490486	0.125
NC_000024.10	3491737	0.125
NC_000024.10	3492995	0.125
NC_000024.10	3493955	0.125
NC_000024.10	3497163	0.125
NC_000024.10	3501301	0.125
NC_000024.10	3507252	0.125
NC_000024.10	3507292	0.125
NC_000024.10	3509037	0.125
NC_000024.10	3518993	0.125
NC_000024.10	3520017	0.125
NC_000024.10	3524116	0.125
NC_000024.10	3526581	0.125
NC_000024.10	3527623	0.125
NC_000024.10	3528348	0.125
NC_000024.10	3528362	0.125
NC_000024.10	3529487	0.125
NC_000024.10	3529547	0.125
NC_000024.10	3530162	0.125
NC_000024.10	3531460	0.125
NC_000024.10	3533326	0.125
NC_000024.10	3533330	0.125
NC_000024.10	3534480	0.125
NC_000024.10	3540320	0.125
NC_000024.10	3542840	0.125
NC_000024.10	3543058	0.125
NC_000024.10	3544270	0.125
NC_000024.10	3553039	0.1429
NC_000024.10	3553911	0.125
NC_000024.10	3554973	0.125
NC_000024.10	3556889	0.125
NC_000024.10	3562506	0.125
NC_000024.10	3563700	0.125
NC_000024.10	3565978	0.125
NC_000024.10	3567206	0.125
NC_000024.10	3567674	0.125
NC_000024.10	3568174	0.125
NC_000024.10	3568177	0.125
NC_000024.10	3568182	0.125
NC_000024.10	3568184	0.125
NC_000024.10	3568325	0.125
NC_000024.10	3568351	0.125
NC_000024.10	3568357	0.125
NC_000024.10	3568362	0.375
NC_000024.10	3568368	0.375
NC_000024.10	3568372	0.375
NC_000024.10	3568411	0.125
NC_000024.10	3568412	0.125
NC_000024.10	3568616	0.125
NC_000024.10	3568987	0.125
NC_000024.10	3569110	0.125
NC_000024.10	3569233	0.125
NC_000024.10	3571197	0.125
NC_000024.10	3574356	0.125
NC_000024.10	3578893	0.125
NC_000024.10	3579204	0.125
NC_000024.10	3580288	0.125
NC_000024.10	3581141	0.125
NC_000024.10	3582746	0.125
NC_000024.10	3586559	0.125
NC_000024.10	3591547	0.125
NC_000024.10	3594880	0.125
NC_000024.10	3594969	0.125
NC_000024.10	3599529	0.125
NC_000024.10	3599545	0.125
NC_000024.10	3600795	0.125
NC_000024.10	3600848	0.125
NC_000024.10	3601228	0.125
NC_000024.10	3601333	0.125
NC_000024.10	3601335	0.125
NC_000024.10	3601337	0.125
NC_000024.10	3601339	0.125
NC_000024.10	3605252	0.125
NC_000024.10	3607499	0.125
NC_000024.10	3609789	0.125
NC_000024.10	3609846	0.125
NC_000024.10	3609868	0.125
NC_000024.10	3613013	0.125
NC_000024.10	3615806	0.125
NC_000024.10	3620364	0.125
NC_000024.10	3622183	0.125
NC_000024.10	3623048	0.125
NC_000024.10	3623049	0.125
NC_000024.10	3623976	0.125
NC_000024.10	3626834	0.125
NC_000024.10	3633735	0.125
NC_000024.10	3634955	0.125
NC_000024.10	3635463	0.125
NC_000024.10	3636536	0.125
NC_000024.10	3637759	0.125
NC_000024.10	3638882	0.125
NC_000024.10	3642346	0.125
NC_000024.10	3645671	0.125
NC_000024.10	3646723	0.125
NC_000024.10	3650153	0.125
NC_000024.10	3650170	0.125
NC_000024.10	3650276	0.125
NC_000024.10	3651664	0.125
NC_000024.10	3654341	0.125
NC_000024.10	3657985	0.125
NC_000024.10	3658771	0.125
NC_000024.10	3660519	0.125
NC_000024.10	3660899	0.125
NC_000024.10	3673596	0.125
NC_000024.10	3675414	0.125
NC_000024.10	3675781	0.125
NC_000024.10	3675882	0.125
NC_000024.10	3675947	0.125
NC_000024.10	3675955	0.125
NC_000024.10	3676294	0.125
NC_000024.10	3676416	0.125
NC_000024.10	3676817	0.125
NC_000024.10	3678007	0.125
NC_000024.10	3679548	0.125
NC_000024.10	3682528	0.125
NC_000024.10	3682542	0.125
NC_000024.10	3683877	0.125
NC_000024.10	3685401	0.125
NC_000024.10	3689581	0.125
NC_000024.10	3691869	0.125
NC_000024.10	3693723	0.125
NC_000024.10	3693909	0.125
NC_000024.10	3694976	0.125
NC_000024.10	3703711	0.25
NC_000024.10	3703929	0.125
NC_000024.10	3707906	0.125
NC_000024.10	3708498	0.125
NC_000024.10	3709408	0.125
NC_000024.10	3710821	0.125
NC_000024.10	3711432	0.125
NC_000024.10	3713276	0.125
NC_000024.10	3713695	0.125
NC_000024.10	3715179	0.125
NC_000024.10	3718511	0.125
NC_000024.10	3722480	0.125
NC_000024.10	3724831	0.125
NC_000024.10	3726170	0.125
NC_000024.10	3728523	0.125
NC_000024.10	3729016	0.125
NC_000024.10	3729859	0.125
NC_000024.10	3730021	0.125
NC_000024.10	3730048	0.125
NC_000024.10	3732102	0.125
NC_000024.10	3732558	0.125
NC_000024.10	3732898	0.125
NC_000024.10	3733034	0.125
NC_000024.10	3733946	0.125
NC_000024.10	3735557	0.125
NC_000024.10	3736227	0.125
NC_000024.10	3738933	0.125
NC_000024.10	3740343	0.125
NC_000024.10	3745612	0.125
NC_000024.10	3748094	0.125
NC_000024.10	3749071	0.125
NC_000024.10	3753008	0.125
NC_000024.10	3753237	0.125
NC_000024.10	3754499	0.125
NC_000024.10	3755709	0.125
NC_000024.10	3764840	0.125
NC_000024.10	3767367	0.125
NC_000024.10	3767708	0.125
NC_000024.10	3767969	0.125
NC_000024.10	3769807	0.125
NC_000024.10	3772487	0.125
NC_000024.10	3772491	0.25
NC_000024.10	3772495	0.25
NC_000024.10	3772499	0.125
NC_000024.10	3772503	0.125
NC_000024.10	3772946	0.125
NC_000024.10	3773083	0.125
NC_000024.10	3773761	0.125
NC_000024.10	3773806	0.125
NC_000024.10	3773915	0.125
NC_000024.10	3774013	0.125
NC_000024.10	3774979	0.125
NC_000024.10	3776137	0.125
NC_000024.10	3779102	0.125
NC_000024.10	3780841	0.125
NC_000024.10	3781819	0.125
NC_000024.10	3782443	0.125
NC_000024.10	3783680	0.125
NC_000024.10	3791604	0.125
NC_000024.10	3794599	0.125
NC_000024.10	3794825	0.125
NC_000024.10	3794851	0.25
NC_000024.10	3794902	0.25
NC_000024.10	3794928	0.125
NC_000024.10	3794980	0.25
NC_000024.10	3794981	0.25
NC_000024.10	3795013	0.125
NC_000024.10	3795217	0.125
NC_000024.10	3797627	0.125
NC_000024.10	3798365	0.125
NC_000024.10	3798464	0.125
NC_000024.10	3801209	0.125
NC_000024.10	3807749	0.125
NC_000024.10	3808543	0.125
NC_000024.10	3808773	0.125
NC_000024.10	3819205	0.125
NC_000024.10	3820393	0.125
NC_000024.10	3821518	0.125
NC_000024.10	3821800	0.125
NC_000024.10	3830565	0.125
NC_000024.10	3831689	0.125
NC_000024.10	3835548	0.125
NC_000024.10	3838408	0.125
NC_000024.10	3842284	0.125
NC_000024.10	3842601	0.125
NC_000024.10	3843067	0.125
NC_000024.10	3843285	0.125
NC_000024.10	3844235	0.125
NC_000024.10	3850794	0.125
NC_000024.10	3852331	0.125
NC_000024.10	3852793	0.125
NC_000024.10	3855801	0.125
NC_000024.10	3857525	0.125
NC_000024.10	3858428	0.125
NC_000024.10	3858596	0.125
NC_000024.10	3858854	0.125
NC_000024.10	3863526	0.125
NC_000024.10	3867229	0.125
NC_000024.10	3867608	0.125
NC_000024.10	3868084	0.125
NC_000024.10	3874419	0.125
NC_000024.10	3876200	0.125
NC_000024.10	3878325	0.125
NC_000024.10	3878547	0.125
NC_000024.10	3883867	0.125
NC_000024.10	3889278	0.125
NC_000024.10	3891673	0.125
NC_000024.10	3893468	0.125
NC_000024.10	3894506	0.125
NC_000024.10	3898382	0.125
NC_000024.10	3901114	0.125
NC_000024.10	3902117	0.125
NC_000024.10	3904937	0.125
NC_000024.10	3905413	0.125
NC_000024.10	3906902	0.125
NC_000024.10	3907081	0.125
NC_000024.10	3908234	0.125
NC_000024.10	3908254	0.125
NC_000024.10	3913583	0.125
NC_000024.10	3915966	0.125
NC_000024.10	3917503	0.125
NC_000024.10	3920410	0.125
NC_000024.10	3922718	0.125
NC_000024.10	3922815	0.125
NC_000024.10	3922825	0.125
NC_000024.10	3922827	0.125
NC_000024.10	3922829	0.125
NC_000024.10	3922831	0.125
NC_000024.10	3922833	0.1429
NC_000024.10	3922839	0.1429
NC_000024.10	3922841	0.1429
NC_000024.10	3928930	0.125
NC_000024.10	3929379	0.125
NC_000024.10	3929683	0.125
NC_000024.10	3931976	0.125
NC_000024.10	3932791	0.125
NC_000024.10	3937948	0.125
NC_000024.10	3940757	0.125
NC_000024.10	3942444	0.125
NC_000024.10	3946147	0.125
NC_000024.10	3949440	0.125
NC_000024.10	3949706	0.125
NC_000024.10	3953196	0.125
NC_000024.10	3954426	0.125
NC_000024.10	3954823	0.125
NC_000024.10	3957432	0.125
NC_000024.10	3959630	0.125
NC_000024.10	3960903	0.125
NC_000024.10	3961584	0.125
NC_000024.10	3964238	0.125
NC_000024.10	3969474	0.125
NC_000024.10	3972885	0.125
NC_000024.10	3978654	0.125
NC_000024.10	3980047	0.125
NC_000024.10	3985337	0.125
NC_000024.10	3987461	0.125
NC_000024.10	3989869	0.125
NC_000024.10	3992743	0.125
NC_000024.10	3993311	0.125
NC_000024.10	4001702	0.125
NC_000024.10	4002723	0.125
NC_000024.10	4004174	0.125
NC_000024.10	4004431	0.125
NC_000024.10	4004961	0.125
NC_000024.10	4008554	0.125
NC_000024.10	4010255	0.125
NC_000024.10	4010281	0.125
NC_000024.10	4010594	0.125
NC_000024.10	4011299	0.125
NC_000024.10	4014403	0.125
NC_000024.10	4015352	0.125
NC_000024.10	4019700	0.125
NC_000024.10	4021678	0.125
NC_000024.10	4024628	0.125
NC_000024.10	4027807	0.125
NC_000024.10	4027808	0.125
NC_000024.10	4028197	0.125
NC_000024.10	4029889	0.125
NC_000024.10	4033639	0.125
NC_000024.10	4034741	0.125
NC_000024.10	4036607	0.125
NC_000024.10	4041085	0.125
NC_000024.10	4041589	0.125
NC_000024.10	4043865	0.125
NC_000024.10	4046353	0.125
NC_000024.10	4049470	0.125
NC_000024.10	4050618	0.125
NC_000024.10	4051803	0.125
NC_000024.10	4055962	0.125
NC_000024.10	4056272	0.125
NC_000024.10	4061148	0.125
NC_000024.10	4062557	0.125
NC_000024.10	4062559	0.125
NC_000024.10	4062561	0.125
NC_000024.10	4062563	0.125
NC_000024.10	4062571	0.125
NC_000024.10	4062579	0.125
NC_000024.10	4062595	0.1429
NC_000024.10	4064977	0.125
NC_000024.10	4065012	0.125
NC_000024.10	4065984	0.125
NC_000024.10	4068349	0.125
NC_000024.10	4068478	0.125
NC_000024.10	4069569	0.125
NC_000024.10	4070369	0.125
NC_000024.10	4070932	0.125
NC_000024.10	4071037	0.125
NC_000024.10	4073034	0.125
NC_000024.10	4075047	0.125
NC_000024.10	4085482	0.125
NC_000024.10	4088802	0.125
NC_000024.10	4091640	0.125
NC_000024.10	4094008	0.125
NC_000024.10	4099419	0.125
NC_000024.10	4099421	0.125
NC_000024.10	4099512	0.125
NC_000024.10	4099559	0.125
NC_000024.10	4099566	0.125
NC_000024.10	4099568	0.125
NC_000024.10	4099601	0.125
NC_000024.10	4099808	0.125
NC_000024.10	4099814	0.125
NC_000024.10	4100790	0.125
NC_000024.10	4104866	0.125
NC_000024.10	4106298	0.125
NC_000024.10	4110064	0.125
NC_000024.10	4112371	0.125
NC_000024.10	4113752	0.125
NC_000024.10	4116125	0.125
NC_000024.10	4118237	0.125
NC_000024.10	4118942	0.125
NC_000024.10	4120710	0.125
NC_000024.10	4124752	0.125
NC_000024.10	4125450	0.125
NC_000024.10	4129281	0.125
NC_000024.10	4129998	0.125
NC_000024.10	4136272	0.125
NC_000024.10	4137914	0.125
NC_000024.10	4138417	0.125
NC_000024.10	4140973	0.125
NC_000024.10	4142164	0.125
NC_000024.10	4144084	0.125
NC_000024.10	4145455	0.125
NC_000024.10	4146226	0.125
NC_000024.10	4148304	0.125
NC_000024.10	4148305	0.125
NC_000024.10	4148403	0.125
NC_000024.10	4150297	0.125
NC_000024.10	4150668	0.125
NC_000024.10	4150691	0.125
NC_000024.10	4151636	0.125
NC_000024.10	4152762	0.125
NC_000024.10	4155878	0.125
NC_000024.10	4156978	0.125
NC_000024.10	4157443	0.125
NC_000024.10	4157659	0.125
NC_000024.10	4158368	0.125
NC_000024.10	4161049	0.125
NC_000024.10	4166862	0.125
NC_000024.10	4168575	0.125
NC_000024.10	4169769	0.125
NC_000024.10	4170337	0.125
NC_000024.10	4172707	0.125
NC_000024.10	4178050	0.125
NC_000024.10	4180840	0.125
NC_000024.10	4186049	0.125
NC_000024.10	4186051	0.125
NC_000024.10	4186052	0.125
NC_000024.10	4186055	0.125
NC_000024.10	4186056	0.125
NC_000024.10	4186058	0.125
NC_000024.10	4186059	0.125
NC_000024.10	4186060	0.125
NC_000024.10	4186063	0.125
NC_000024.10	4187515	0.125
NC_000024.10	4187769	0.125
NC_000024.10	4188613	0.125
NC_000024.10	4195865	0.125
NC_000024.10	4199856	0.125
NC_000024.10	4202352	0.125
NC_000024.10	4203979	0.125
NC_000024.10	4209007	0.125
NC_000024.10	4209446	0.125
NC_000024.10	4213195	0.125
NC_000024.10	4215131	0.125
NC_000024.10	4217224	0.125
NC_000024.10	4219151	0.125
NC_000024.10	4222264	0.125
NC_000024.10	4223706	0.125
NC_000024.10	4224706	0.125
NC_000024.10	4225550	0.125
NC_000024.10	4227890	0.125
NC_000024.10	4228259	0.125
NC_000024.10	4229201	0.125
NC_000024.10	4232738	0.125
NC_000024.10	4233206	0.125
NC_000024.10	4234222	0.125
NC_000024.10	4235644	0.125
NC_000024.10	4237040	0.125
NC_000024.10	4238533	0.125
NC_000024.10	4239374	0.125
NC_000024.10	4245928	0.125
NC_000024.10	4246999	0.125
NC_000024.10	4247776	0.125
NC_000024.10	4247811	0.125
NC_000024.10	4250571	0.125
NC_000024.10	4251175	0.125
NC_000024.10	4255942	0.125
NC_000024.10	4258261	0.125
NC_000024.10	4258288	0.125
NC_000024.10	4258421	0.125
NC_000024.10	4259776	0.125
NC_000024.10	4261763	0.125
NC_000024.10	4263605	0.125
NC_000024.10	4263692	0.125
NC_000024.10	4266357	0.125
NC_000024.10	4266626	0.125
NC_000024.10	4268500	0.125
NC_000024.10	4268635	0.125
NC_000024.10	4268637	0.125
NC_000024.10	4268639	0.25
NC_000024.10	4268648	0.125
NC_000024.10	4268652	0.125
NC_000024.10	4269179	0.125
NC_000024.10	4270942	0.125
NC_000024.10	4271603	0.125
NC_000024.10	4273999	0.125
NC_000024.10	4274848	0.125
NC_000024.10	4278064	0.125
NC_000024.10	4279597	0.125
NC_000024.10	4280050	0.125
NC_000024.10	4280792	0.125
NC_000024.10	4281170	0.125
NC_000024.10	4286935	0.125
NC_000024.10	4287846	0.125
NC_000024.10	4289605	0.125
NC_000024.10	4293639	0.125
NC_000024.10	4295070	0.125
NC_000024.10	4297924	0.125
NC_000024.10	4301170	0.125
NC_000024.10	4301735	0.125
NC_000024.10	4303167	0.125
NC_000024.10	4307057	0.125
NC_000024.10	4310295	0.125
NC_000024.10	4311897	0.125
NC_000024.10	4314859	0.125
NC_000024.10	4316695	0.125
NC_000024.10	4316720	0.125
NC_000024.10	4316896	0.125
NC_000024.10	4319044	0.125
NC_000024.10	4321424	0.125
NC_000024.10	4323126	0.125
NC_000024.10	4324101	0.125
NC_000024.10	4325876	0.125
NC_000024.10	4330440	0.125
NC_000024.10	4331856	0.125
NC_000024.10	4332721	0.125
NC_000024.10	4340814	0.125
NC_000024.10	4346087	0.125
NC_000024.10	4346176	0.125
NC_000024.10	4348072	0.125
NC_000024.10	4348910	0.125
NC_000024.10	4353519	0.125
NC_000024.10	4353723	0.125
NC_000024.10	4353859	0.125
NC_000024.10	4353912	0.125
NC_000024.10	4354833	0.125
NC_000024.10	4355114	0.125
NC_000024.10	4355496	0.125
NC_000024.10	4355921	0.125
NC_000024.10	4357974	0.125
NC_000024.10	4361980	0.125
NC_000024.10	4362440	0.125
NC_000024.10	4366559	0.125
NC_000024.10	4373854	0.125
NC_000024.10	4380437	0.125
NC_000024.10	4381209	0.125
NC_000024.10	4382349	0.125
NC_000024.10	4383053	0.125
NC_000024.10	4384773	0.125
NC_000024.10	4385339	0.125
NC_000024.10	4387951	0.125
NC_000024.10	4388632	0.125
NC_000024.10	4389042	0.125
NC_000024.10	4389763	0.125
NC_000024.10	4390704	0.125
NC_000024.10	4390705	0.125
NC_000024.10	4392357	0.125
NC_000024.10	4393763	0.125
NC_000024.10	4393845	0.125
NC_000024.10	4394581	0.125
NC_000024.10	4396822	0.125
NC_000024.10	4397863	0.125
NC_000024.10	4398282	0.125
NC_000024.10	4401754	0.125
NC_000024.10	4402715	0.125
NC_000024.10	4403033	0.125
NC_000024.10	4404062	0.125
NC_000024.10	4404950	0.125
NC_000024.10	4408561	0.125
NC_000024.10	4410346	0.125
NC_000024.10	4411107	0.125
NC_000024.10	4411719	0.125
NC_000024.10	4412880	0.125
NC_000024.10	4413542	0.125
NC_000024.10	4413859	0.125
NC_000024.10	4418430	0.125
NC_000024.10	4419341	0.125
NC_000024.10	4419966	0.125
NC_000024.10	4420710	0.125
NC_000024.10	4420973	0.125
NC_000024.10	4423047	0.125
NC_000024.10	4425230	0.125
NC_000024.10	4426232	0.125
NC_000024.10	4426252	0.125
NC_000024.10	4427842	0.125
NC_000024.10	4429678	0.125
NC_000024.10	4429831	0.125
NC_000024.10	4431684	0.125
NC_000024.10	4431919	0.125
NC_000024.10	4437351	0.125
NC_000024.10	4437965	0.125
NC_000024.10	4441540	0.125
NC_000024.10	4441875	0.125
NC_000024.10	4446214	0.125
NC_000024.10	4448199	0.125
NC_000024.10	4450425	0.125
NC_000024.10	4451230	0.125
NC_000024.10	4452679	0.125
NC_000024.10	4454092	0.125
NC_000024.10	4456835	0.125
NC_000024.10	4458002	0.125
NC_000024.10	4458043	0.125
NC_000024.10	4458324	0.125
NC_000024.10	4461231	0.125
NC_000024.10	4463749	0.125
NC_000024.10	4467871	0.125
NC_000024.10	4469904	0.125
NC_000024.10	4472434	0.125
NC_000024.10	4473570	0.125
NC_000024.10	4474273	0.125
NC_000024.10	4478498	0.125
NC_000024.10	4480215	0.125
NC_000024.10	4481629	0.125
NC_000024.10	4482210	0.125
NC_000024.10	4482824	0.125
NC_000024.10	4483427	0.125
NC_000024.10	4486649	0.125
NC_000024.10	4486722	0.125
NC_000024.10	4487364	0.125
NC_000024.10	4487461	0.125
NC_000024.10	4490912	0.125
NC_000024.10	4492848	0.125
NC_000024.10	4492849	0.125
NC_000024.10	4494736	0.125
NC_000024.10	4497104	0.125
NC_000024.10	4498028	0.125
NC_000024.10	4502428	0.125
NC_000024.10	4504284	0.125
NC_000024.10	4505763	0.125
NC_000024.10	4505968	0.125
NC_000024.10	4511055	0.125
NC_000024.10	4514421	0.125
NC_000024.10	4514422	0.125
NC_000024.10	4514696	0.125
NC_000024.10	4514898	0.125
NC_000024.10	4518043	0.125
NC_000024.10	4519153	0.125
NC_000024.10	4520342	0.125
NC_000024.10	4528679	0.125
NC_000024.10	4530047	0.125
NC_000024.10	4530793	0.125
NC_000024.10	4531132	0.125
NC_000024.10	4533624	0.125
NC_000024.10	4537099	0.125
NC_000024.10	4540757	0.125
NC_000024.10	4540864	0.125
NC_000024.10	4544651	0.125
NC_000024.10	4546834	0.125
NC_000024.10	4547776	0.125
NC_000024.10	4553302	0.125
NC_000024.10	4556328	0.125
NC_000024.10	4561401	0.125
NC_000024.10	4563198	0.125
NC_000024.10	4563582	0.125
NC_000024.10	4566842	0.125
NC_000024.10	4568772	0.125
NC_000024.10	4570062	0.125
NC_000024.10	4571825	0.125
NC_000024.10	4572462	0.125
NC_000024.10	4575444	0.125
NC_000024.10	4578650	0.125
NC_000024.10	4579732	0.125
NC_000024.10	4579890	0.125
NC_000024.10	4579948	0.125
NC_000024.10	4580363	0.125
NC_000024.10	4582140	0.125
NC_000024.10	4583240	0.125
NC_000024.10	4583359	0.125
NC_000024.10	4583701	0.125
NC_000024.10	4583702	0.125
NC_000024.10	4588326	0.125
NC_000024.10	4588665	0.125
NC_000024.10	4588712	0.125
NC_000024.10	4592900	0.125
NC_000024.10	4593639	0.125
NC_000024.10	4594334	0.125
NC_000024.10	4600289	0.125
NC_000024.10	4603161	0.125
NC_000024.10	4603370	0.125
NC_000024.10	4603441	0.125
NC_000024.10	4605458	0.125
NC_000024.10	4613677	0.125
NC_000024.10	4617735	0.125
NC_000024.10	4618975	0.125
NC_000024.10	4619569	0.125
NC_000024.10	4620225	0.125
NC_000024.10	4621668	0.125
NC_000024.10	4621857	0.125
NC_000024.10	4628611	0.125
NC_000024.10	4629302	0.125
NC_000024.10	4630248	0.125
NC_000024.10	4633438	0.125
NC_000024.10	4634208	0.125
NC_000024.10	4634319	0.125
NC_000024.10	4634337	0.125
NC_000024.10	4634339	0.125
NC_000024.10	4634561	0.125
NC_000024.10	4634657	0.125
NC_000024.10	4634705	0.125
NC_000024.10	4634780	0.125
NC_000024.10	4634942	0.125
NC_000024.10	4635364	0.125
NC_000024.10	4637395	0.125
NC_000024.10	4637911	0.125
NC_000024.10	4640717	0.125
NC_000024.10	4640870	0.125
NC_000024.10	4643332	0.125
NC_000024.10	4644839	0.125
NC_000024.10	4648826	0.125
NC_000024.10	4650487	0.125
NC_000024.10	4652148	0.125
NC_000024.10	4657902	0.125
NC_000024.10	4659418	0.125
NC_000024.10	4659605	0.125
NC_000024.10	4660847	0.125
NC_000024.10	4664679	0.125
NC_000024.10	4669717	0.125
NC_000024.10	4670204	0.125
NC_000024.10	4671361	0.125
NC_000024.10	4674064	0.125
NC_000024.10	4674496	0.125
NC_000024.10	4675044	0.125
NC_000024.10	4677240	0.125
NC_000024.10	4679156	0.125
NC_000024.10	4679203	0.125
NC_000024.10	4680087	0.125
NC_000024.10	4681063	0.125
NC_000024.10	4682829	0.125
NC_000024.10	4684147	0.125
NC_000024.10	4684507	0.125
NC_000024.10	4687361	0.125
NC_000024.10	4687511	0.125
NC_000024.10	4689011	0.125
NC_000024.10	4690255	0.125
NC_000024.10	4693267	0.125
NC_000024.10	4696198	0.125
NC_000024.10	4699473	0.125
NC_000024.10	4702274	0.125
NC_000024.10	4703163	0.125
NC_000024.10	4703288	0.125
NC_000024.10	4703340	0.125
NC_000024.10	4707930	0.125
NC_000024.10	4709124	0.125
NC_000024.10	4709290	0.125
NC_000024.10	4711749	0.125
NC_000024.10	4716894	0.125
NC_000024.10	4716942	0.125
NC_000024.10	4718737	0.125
NC_000024.10	4728364	0.125
NC_000024.10	4729724	0.125
NC_000024.10	4735426	0.125
NC_000024.10	4737047	0.125
NC_000024.10	4738784	0.125
NC_000024.10	4738792	0.125
NC_000024.10	4740998	0.125
NC_000024.10	4741547	0.125
NC_000024.10	4751600	0.125
NC_000024.10	4755390	0.125
NC_000024.10	4757176	0.125
NC_000024.10	4758611	0.125
NC_000024.10	4759958	0.125
NC_000024.10	4764531	0.125
NC_000024.10	4766467	0.125
NC_000024.10	4767945	0.125
NC_000024.10	4768065	0.125
NC_000024.10	4768067	0.125
NC_000024.10	4768954	0.125
NC_000024.10	4770037	0.125
NC_000024.10	4771040	0.125
NC_000024.10	4772262	0.125
NC_000024.10	4775049	0.125
NC_000024.10	4775136	0.125
NC_000024.10	4776354	0.125
NC_000024.10	4780302	0.125
NC_000024.10	4780536	0.125
NC_000024.10	4781992	0.125
NC_000024.10	4782481	0.25
NC_000024.10	4782483	0.125
NC_000024.10	4784685	0.125
NC_000024.10	4784686	0.125
NC_000024.10	4785010	0.125
NC_000024.10	4790108	0.125
NC_000024.10	4790254	0.125
NC_000024.10	4792431	0.125
NC_000024.10	4794481	0.125
NC_000024.10	4796810	0.125
NC_000024.10	4802291	0.125
NC_000024.10	4802627	0.125
NC_000024.10	4804773	0.125
NC_000024.10	4805617	0.125
NC_000024.10	4806400	0.125
NC_000024.10	4809349	0.125
NC_000024.10	4809958	0.125
NC_000024.10	4811368	0.125
NC_000024.10	4813368	0.125
NC_000024.10	4814036	0.125
NC_000024.10	4814244	0.125
NC_000024.10	4820794	0.125
NC_000024.10	4822038	0.125
NC_000024.10	4822660	0.125
NC_000024.10	4823357	0.125
NC_000024.10	4825291	0.125
NC_000024.10	4826352	0.125
NC_000024.10	4827280	0.125
NC_000024.10	4828017	0.125
NC_000024.10	4830697	0.125
NC_000024.10	4835499	0.125
NC_000024.10	4836885	0.125
NC_000024.10	4837140	0.125
NC_000024.10	4841080	0.125
NC_000024.10	4842003	0.125
NC_000024.10	4842359	0.125
NC_000024.10	4844410	0.125
NC_000024.10	4845698	0.125
NC_000024.10	4847531	0.125
NC_000024.10	4848837	0.125
NC_000024.10	4849019	0.125
NC_000024.10	4852011	0.125
NC_000024.10	4853573	0.125
NC_000024.10	4857580	0.125
NC_000024.10	4858839	0.3333
NC_000024.10	4859590	0.125
NC_000024.10	4861042	0.125
NC_000024.10	4862083	0.125
NC_000024.10	4866614	0.125
NC_000024.10	4866993	0.125
NC_000024.10	4867601	0.125
NC_000024.10	4869122	0.125
NC_000024.10	4869265	0.125
NC_000024.10	4869674	0.125
NC_000024.10	4870031	0.125
NC_000024.10	4870881	0.125
NC_000024.10	4870893	0.125
NC_000024.10	4870916	0.125
NC_000024.10	4873831	0.125
NC_000024.10	4877727	0.125
NC_000024.10	4880919	0.125
NC_000024.10	4881248	0.125
NC_000024.10	4881512	0.125
NC_000024.10	4882239	0.125
NC_000024.10	4885886	0.125
NC_000024.10	4888537	0.125
NC_000024.10	4888867	0.125
NC_000024.10	4890054	0.125
NC_000024.10	4891023	0.125
NC_000024.10	4895082	0.125
NC_000024.10	4895453	0.125
NC_000024.10	4895455	0.125
NC_000024.10	4895899	0.125
NC_000024.10	4898138	0.125
NC_000024.10	4899887	0.125
NC_000024.10	4900173	0.125
NC_000024.10	4900704	0.125
NC_000024.10	4900845	0.125
NC_000024.10	4905125	0.125
NC_000024.10	4906054	0.125
NC_000024.10	4914525	0.125
NC_000024.10	4915438	0.125
NC_000024.10	4919083	0.125
NC_000024.10	4926652	0.125
NC_000024.10	4927834	0.125
NC_000024.10	4928757	0.125
NC_000024.10	4932282	0.125
NC_000024.10	4934100	0.125
NC_000024.10	4935412	0.125
NC_000024.10	4939694	0.125
NC_000024.10	4941525	0.125
NC_000024.10	4945718	0.125
NC_000024.10	4946537	0.125
NC_000024.10	4947050	0.125
NC_000024.10	4948915	0.25
NC_000024.10	4948916	0.25
NC_000024.10	4950329	0.125
NC_000024.10	4952763	0.125
NC_000024.10	4953143	0.125
NC_000024.10	4954516	0.125
NC_000024.10	4954904	0.125
NC_000024.10	4956752	0.125
NC_000024.10	4959012	0.125
NC_000024.10	4961419	0.125
NC_000024.10	4962522	0.125
NC_000024.10	4962525	0.125
NC_000024.10	4962528	0.125
NC_000024.10	4962530	0.125
NC_000024.10	4962531	0.125
NC_000024.10	4962535	0.125
NC_000024.10	4962601	0.125
NC_000024.10	4963120	0.125
NC_000024.10	4965653	0.125
NC_000024.10	4966330	0.125
NC_000024.10	4966694	0.125
NC_000024.10	4966939	0.125
NC_000024.10	4969057	0.125
NC_000024.10	4972702	0.125
NC_000024.10	4973592	0.125
NC_000024.10	4975128	0.125
NC_000024.10	4975395	0.125
NC_000024.10	4976983	0.125
NC_000024.10	4977279	0.125
NC_000024.10	4977280	0.125
NC_000024.10	4978894	0.125
NC_000024.10	4978918	0.125
NC_000024.10	4980312	0.25
NC_000024.10	4980314	0.125
NC_000024.10	4981643	0.125
NC_000024.10	4985032	0.125
NC_000024.10	4985065	0.125
NC_000024.10	4985850	0.125
NC_000024.10	4986089	0.125
NC_000024.10	4988349	0.125
NC_000024.10	4990599	0.125
NC_000024.10	4990995	0.125
NC_000024.10	4993182	0.125
NC_000024.10	4996002	0.125
NC_000024.10	4997870	0.125
NC_000024.10	4998176	0.125
NC_000024.10	4998493	0.125
NC_000024.10	4999329	0.125
NC_000024.10	4999479	0.125
NC_000024.10	5001723	0.125
NC_000024.10	5003096	0.125
NC_000024.10	5004569	0.125
NC_000024.10	5004980	0.125
NC_000024.10	5010219	0.125
NC_000024.10	5010688	0.125
NC_000024.10	5011140	0.125
NC_000024.10	5013434	0.125
NC_000024.10	5015437	0.125
NC_000024.10	5016111	0.125
NC_000024.10	5020275	0.125
NC_000024.10	5024749	0.125
NC_000024.10	5028766	0.125
NC_000024.10	5030624	0.125
NC_000024.10	5031537	0.125
NC_000024.10	5032559	0.125
NC_000024.10	5033083	0.125
NC_000024.10	5034684	0.125
NC_000024.10	5034964	0.125
NC_000024.10	5035529	0.125
NC_000024.10	5035779	0.125
NC_000024.10	5037236	0.125
NC_000024.10	5038741	0.125
NC_000024.10	5039056	0.125
NC_000024.10	5039368	0.125
NC_000024.10	5041642	0.125
NC_000024.10	5045721	0.125
NC_000024.10	5046424	0.125
NC_000024.10	5047384	0.125
NC_000024.10	5049874	0.125
NC_000024.10	5052721	0.125
NC_000024.10	5053809	0.125
NC_000024.10	5054500	0.125
NC_000024.10	5054501	0.125
NC_000024.10	5056057	0.125
NC_000024.10	5057265	0.125
NC_000024.10	5059388	0.125
NC_000024.10	5063297	0.125
NC_000024.10	5063918	0.125
NC_000024.10	5064257	0.125
NC_000024.10	5064666	0.125
NC_000024.10	5065981	0.125
NC_000024.10	5066103	0.125
NC_000024.10	5067831	0.125
NC_000024.10	5068542	0.1429
NC_000024.10	5068560	0.125
NC_000024.10	5070745	0.125
NC_000024.10	5070769	0.125
NC_000024.10	5072541	0.125
NC_000024.10	5072956	0.125
NC_000024.10	5075557	0.125
NC_000024.10	5081118	0.125
NC_000024.10	5088292	0.125
NC_000024.10	5089567	0.125
NC_000024.10	5092323	0.125
NC_000024.10	5094655	0.125
NC_000024.10	5099728	0.125
NC_000024.10	5101434	0.125
NC_000024.10	5105098	0.125
NC_000024.10	5105099	0.125
NC_000024.10	5105182	0.125
NC_000024.10	5105191	0.125
NC_000024.10	5105196	0.125
NC_000024.10	5106298	0.125
NC_000024.10	5107923	0.125
NC_000024.10	5108037	0.125
NC_000024.10	5108475	0.125
NC_000024.10	5108480	0.125
NC_000024.10	5108483	0.25
NC_000024.10	5108485	0.125
NC_000024.10	5108522	0.125
NC_000024.10	5108608	0.125
NC_000024.10	5108949	0.125
NC_000024.10	5113036	0.125
NC_000024.10	5113717	0.125
NC_000024.10	5115446	0.125
NC_000024.10	5115972	0.125
NC_000024.10	5116470	0.125
NC_000024.10	5117008	0.125
NC_000024.10	5119904	0.125
NC_000024.10	5123002	0.125
NC_000024.10	5124716	0.125
NC_000024.10	5126950	0.125
NC_000024.10	5128257	0.125
NC_000024.10	5130537	0.125
NC_000024.10	5132901	0.125
NC_000024.10	5134642	0.125
NC_000024.10	5138871	0.125
NC_000024.10	5141092	0.125
NC_000024.10	5142706	0.125
NC_000024.10	5149478	0.125
NC_000024.10	5157778	0.125
NC_000024.10	5159404	0.125
NC_000024.10	5170078	0.125
NC_000024.10	5173570	0.125
NC_000024.10	5173933	0.125
NC_000024.10	5174173	0.125
NC_000024.10	5175672	0.125
NC_000024.10	5180370	0.125
NC_000024.10	5183957	0.125
NC_000024.10	5184974	0.125
NC_000024.10	5185141	0.125
NC_000024.10	5189493	0.125
NC_000024.10	5191945	0.125
NC_000024.10	5192908	0.125
NC_000024.10	5200677	0.125
NC_000024.10	5200987	0.125
NC_000024.10	5201048	0.125
NC_000024.10	5202348	0.125
NC_000024.10	5205688	0.125
NC_000024.10	5206994	0.125
NC_000024.10	5208173	0.125
NC_000024.10	5208550	0.125
NC_000024.10	5213547	0.125
NC_000024.10	5217406	0.125
NC_000024.10	5219768	0.125
NC_000024.10	5220700	0.125
NC_000024.10	5224413	0.125
NC_000024.10	5225327	0.125
NC_000024.10	5225560	0.125
NC_000024.10	5226145	0.125
NC_000024.10	5226899	0.125
NC_000024.10	5229862	0.125
NC_000024.10	5234268	0.125
NC_000024.10	5236273	0.125
NC_000024.10	5236715	0.125
NC_000024.10	5238175	0.125
NC_000024.10	5242237	0.125
NC_000024.10	5242569	0.125
NC_000024.10	5242858	0.125
NC_000024.10	5243213	0.125
NC_000024.10	5243389	0.125
NC_000024.10	5245109	0.125
NC_000024.10	5245124	0.125
NC_000024.10	5246333	0.125
NC_000024.10	5252382	0.125
NC_000024.10	5254498	0.125
NC_000024.10	5255508	0.125
NC_000024.10	5256234	0.125
NC_000024.10	5256448	0.125
NC_000024.10	5262464	0.125
NC_000024.10	5265937	0.125
NC_000024.10	5269370	0.125
NC_000024.10	5271857	0.125
NC_000024.10	5274604	0.125
NC_000024.10	5276144	0.125
NC_000024.10	5276414	0.125
NC_000024.10	5278824	0.125
NC_000024.10	5279123	0.125
NC_000024.10	5280193	0.125
NC_000024.10	5280198	0.125
NC_000024.10	5282366	0.125
NC_000024.10	5283653	0.125
NC_000024.10	5284818	0.125
NC_000024.10	5286960	0.125
NC_000024.10	5288394	0.125
NC_000024.10	5291305	0.125
NC_000024.10	5293856	0.125
NC_000024.10	5294693	0.125
NC_000024.10	5295044	0.125
NC_000024.10	5298593	0.125
NC_000024.10	5302090	0.125
NC_000024.10	5302254	0.125
NC_000024.10	5302943	0.125
NC_000024.10	5304434	0.125
NC_000024.10	5305890	0.125
NC_000024.10	5312776	0.125
NC_000024.10	5314037	0.125
NC_000024.10	5317487	0.125
NC_000024.10	5317807	0.125
NC_000024.10	5317808	0.125
NC_000024.10	5320127	0.125
NC_000024.10	5320518	0.125
NC_000024.10	5321792	0.125
NC_000024.10	5322849	0.125
NC_000024.10	5322923	0.125
NC_000024.10	5326420	0.125
NC_000024.10	5330289	0.125
NC_000024.10	5334091	0.125
NC_000024.10	5338174	0.125
NC_000024.10	5338881	0.125
NC_000024.10	5338896	0.125
NC_000024.10	5339887	0.125
NC_000024.10	5341988	0.125
NC_000024.10	5343354	0.125
NC_000024.10	5343635	0.125
NC_000024.10	5345156	0.125
NC_000024.10	5346831	0.125
NC_000024.10	5348061	0.125
NC_000024.10	5348954	0.125
NC_000024.10	5349158	0.125
NC_000024.10	5352400	0.125
NC_000024.10	5353369	0.125
NC_000024.10	5353774	0.125
NC_000024.10	5355027	0.125
NC_000024.10	5357138	0.125
NC_000024.10	5359559	0.125
NC_000024.10	5373084	0.25
NC_000024.10	5374433	0.125
NC_000024.10	5374441	0.125
NC_000024.10	5374447	0.125
NC_000024.10	5375670	0.125
NC_000024.10	5381879	0.125
NC_000024.10	5382929	0.125
NC_000024.10	5384185	0.125
NC_000024.10	5385094	0.125
NC_000024.10	5385098	0.125
NC_000024.10	5385099	0.5
NC_000024.10	5385848	0.125
NC_000024.10	5386128	0.125
NC_000024.10	5386663	0.125
NC_000024.10	5387306	0.125
NC_000024.10	5387856	0.125
NC_000024.10	5390253	0.125
NC_000024.10	5392818	0.125
NC_000024.10	5394795	0.125
NC_000024.10	5398309	0.125
NC_000024.10	5402794	0.125
NC_000024.10	5405738	0.125
NC_000024.10	5407718	0.125
NC_000024.10	5407879	0.125
NC_000024.10	5408098	0.125
NC_000024.10	5410944	0.125
NC_000024.10	5412502	0.125
NC_000024.10	5415330	0.125
NC_000024.10	5415432	0.125
NC_000024.10	5416252	0.125
NC_000024.10	5418027	0.125
NC_000024.10	5418945	0.125
NC_000024.10	5425882	0.125
NC_000024.10	5426131	0.125
NC_000024.10	5426671	0.125
NC_000024.10	5427417	0.125
NC_000024.10	5429229	0.125
NC_000024.10	5435393	0.125
NC_000024.10	5436961	0.125
NC_000024.10	5440758	0.125
NC_000024.10	5440766	0.375
NC_000024.10	5440768	0.25
NC_000024.10	5440770	0.125
NC_000024.10	5442888	0.125
NC_000024.10	5444514	0.125
NC_000024.10	5447135	0.125
NC_000024.10	5452753	0.125
NC_000024.10	5452882	0.125
NC_000024.10	5454114	0.125
NC_000024.10	5456181	0.125
NC_000024.10	5461935	0.125
NC_000024.10	5461968	0.125
NC_000024.10	5467066	0.125
NC_000024.10	5468960	0.125
NC_000024.10	5477434	0.125
NC_000024.10	5477937	0.125
NC_000024.10	5479414	0.125
NC_000024.10	5479999	0.125
NC_000024.10	5481019	0.125
NC_000024.10	5481098	0.125
NC_000024.10	5482563	0.125
NC_000024.10	5483666	0.125
NC_000024.10	5485918	0.125
NC_000024.10	5486751	0.25
NC_000024.10	5486871	0.125
NC_000024.10	5487264	0.125
NC_000024.10	5489731	0.125
NC_000024.10	5491048	0.125
NC_000024.10	5500550	0.125
NC_000024.10	5514960	0.125
NC_000024.10	5517022	0.125
NC_000024.10	5519283	0.125
NC_000024.10	5520932	0.125
NC_000024.10	5524121	0.125
NC_000024.10	5524246	0.125
NC_000024.10	5525213	0.125
NC_000024.10	5528123	0.125
NC_000024.10	5530334	0.125
NC_000024.10	5531461	0.125
NC_000024.10	5534685	0.125
NC_000024.10	5536884	0.125
NC_000024.10	5543987	0.125
NC_000024.10	5544542	0.125
NC_000024.10	5557131	0.125
NC_000024.10	5557307	0.125
NC_000024.10	5560965	0.125
NC_000024.10	5564480	0.125
NC_000024.10	5565562	0.125
NC_000024.10	5565944	0.25
NC_000024.10	5565962	0.125
NC_000024.10	5568812	0.125
NC_000024.10	5569430	0.125
NC_000024.10	5569431	0.125
NC_000024.10	5570633	0.125
NC_000024.10	5573869	0.125
NC_000024.10	5574204	0.125
NC_000024.10	5580717	0.125
NC_000024.10	5581004	0.125
NC_000024.10	5581296	0.125
NC_000024.10	5582669	0.125
NC_000024.10	5584361	0.125
NC_000024.10	5586293	0.125
NC_000024.10	5586420	0.125
NC_000024.10	5594925	0.125
NC_000024.10	5601227	0.125
NC_000024.10	5601580	0.125
NC_000024.10	5606478	0.125
NC_000024.10	5607237	0.125
NC_000024.10	5607671	0.125
NC_000024.10	5610473	0.125
NC_000024.10	5613161	0.125
NC_000024.10	5613239	0.125
NC_000024.10	5614793	0.125
NC_000024.10	5615966	0.125
NC_000024.10	5616919	0.125
NC_000024.10	5618655	0.125
NC_000024.10	5621074	0.125
NC_000024.10	5626061	0.125
NC_000024.10	5627404	0.25
NC_000024.10	5627826	0.125
NC_000024.10	5630164	0.125
NC_000024.10	5631410	0.125
NC_000024.10	5632581	0.125
NC_000024.10	5634031	0.125
NC_000024.10	5634170	0.125
NC_000024.10	5638854	0.125
NC_000024.10	5639978	0.125
NC_000024.10	5643629	0.125
NC_000024.10	5645431	0.125
NC_000024.10	5647310	0.125
NC_000024.10	5647318	0.125
NC_000024.10	5648741	0.125
NC_000024.10	5650066	0.25
NC_000024.10	5650605	0.125
NC_000024.10	5650754	0.125
NC_000024.10	5653718	0.125
NC_000024.10	5654312	0.125
NC_000024.10	5657478	0.125
NC_000024.10	5659662	0.125
NC_000024.10	5660152	0.125
NC_000024.10	5662213	0.125
NC_000024.10	5664204	0.125
NC_000024.10	5666946	0.125
NC_000024.10	5669086	0.125
NC_000024.10	5671656	0.125
NC_000024.10	5672485	0.125
NC_000024.10	5675012	0.125
NC_000024.10	5677035	0.125
NC_000024.10	5678835	0.125
NC_000024.10	5681957	0.125
NC_000024.10	5682254	0.1667
NC_000024.10	5682255	0.1667
NC_000024.10	5687399	0.125
NC_000024.10	5691621	0.125
NC_000024.10	5698805	0.125
NC_000024.10	5698807	0.125
NC_000024.10	5702584	0.125
NC_000024.10	5704268	0.125
NC_000024.10	5707934	0.125
NC_000024.10	5711495	0.125
NC_000024.10	5713525	0.125
NC_000024.10	5713603	0.125
NC_000024.10	5716231	0.125
NC_000024.10	5716704	0.125
NC_000024.10	5717219	0.125
NC_000024.10	5719535	0.125
NC_000024.10	5719612	0.125
NC_000024.10	5720260	0.125
NC_000024.10	5721742	0.125
NC_000024.10	5722302	0.125
NC_000024.10	5722997	0.125
NC_000024.10	5726710	0.125
NC_000024.10	5729240	0.125
NC_000024.10	5730230	0.125
NC_000024.10	5732144	0.125
NC_000024.10	5733445	0.125
NC_000024.10	5734065	0.125
NC_000024.10	5734461	0.125
NC_000024.10	5740393	0.125
NC_000024.10	5747377	0.125
NC_000024.10	5752530	0.125
NC_000024.10	5752817	0.125
NC_000024.10	5756647	0.125
NC_000024.10	5756800	0.125
NC_000024.10	5758310	0.125
NC_000024.10	5759023	0.125
NC_000024.10	5760544	0.125
NC_000024.10	5765278	0.125
NC_000024.10	5765474	0.125
NC_000024.10	5769148	0.125
NC_000024.10	5775771	0.125
NC_000024.10	5777596	0.125
NC_000024.10	5777597	0.125
NC_000024.10	5777814	0.125
NC_000024.10	5778139	0.125
NC_000024.10	5779701	0.125
NC_000024.10	5785800	0.125
NC_000024.10	5785926	0.125
NC_000024.10	5791294	0.125
NC_000024.10	5791708	0.125
NC_000024.10	5791907	0.125
NC_000024.10	5795975	0.125
NC_000024.10	5796985	0.125
NC_000024.10	5799080	0.125
NC_000024.10	5799226	0.125
NC_000024.10	5800431	0.125
NC_000024.10	5800777	0.125
NC_000024.10	5803518	0.125
NC_000024.10	5809416	0.125
NC_000024.10	5809870	0.125
NC_000024.10	5812028	0.125
NC_000024.10	5812646	0.125
NC_000024.10	5813638	0.125
NC_000024.10	5814370	0.125
NC_000024.10	5816403	0.125
NC_000024.10	5816724	0.125
NC_000024.10	5817828	0.125
NC_000024.10	5818730	0.125
NC_000024.10	5825198	0.125
NC_000024.10	5829724	0.125
NC_000024.10	5830056	0.125
NC_000024.10	5831687	0.125
NC_000024.10	5831744	0.125
NC_000024.10	5834590	0.125
NC_000024.10	5834594	0.125
NC_000024.10	5834598	0.125
NC_000024.10	5835408	0.125
NC_000024.10	5836357	0.125
NC_000024.10	5838171	0.125
NC_000024.10	5841707	0.125
NC_000024.10	5842457	0.125
NC_000024.10	5843257	0.125
NC_000024.10	5845280	0.125
NC_000024.10	5855863	0.125
NC_000024.10	5859130	0.125
NC_000024.10	5862687	0.125
NC_000024.10	5865363	0.125
NC_000024.10	5866384	0.125
NC_000024.10	5868370	0.125
NC_000024.10	5868604	0.125
NC_000024.10	5870870	0.125
NC_000024.10	5871721	0.125
NC_000024.10	5874465	0.125
NC_000024.10	5874606	0.125
NC_000024.10	5877999	0.125
NC_000024.10	5879491	0.125
NC_000024.10	5880118	0.125
NC_000024.10	5880773	0.125
NC_000024.10	5883667	0.125
NC_000024.10	5885225	0.125
NC_000024.10	5885269	0.125
NC_000024.10	5889094	0.125
NC_000024.10	5889502	0.125
NC_000024.10	5891489	0.125
NC_000024.10	5893940	0.125
NC_000024.10	5896391	0.125
NC_000024.10	5898937	0.125
NC_000024.10	5902800	0.125
NC_000024.10	5903207	0.125
NC_000024.10	5910462	0.125
NC_000024.10	5910480	0.125
NC_000024.10	5912034	0.125
NC_000024.10	5913125	0.125
NC_000024.10	5918805	0.125
NC_000024.10	5921336	0.125
NC_000024.10	5923402	0.125
NC_000024.10	5923515	0.125
NC_000024.10	5928865	0.125
NC_000024.10	5929077	0.125
NC_000024.10	5932840	0.125
NC_000024.10	5933640	0.125
NC_000024.10	5935735	0.125
NC_000024.10	5943639	0.125
NC_000024.10	5944826	0.125
NC_000024.10	5945451	0.125
NC_000024.10	5947408	0.125
NC_000024.10	5947482	0.125
NC_000024.10	5950265	0.125
NC_000024.10	5951257	0.125
NC_000024.10	5953902	0.125
NC_000024.10	5954779	0.125
NC_000024.10	5954932	0.125
NC_000024.10	5955865	0.125
NC_000024.10	5955866	0.125
NC_000024.10	5956125	0.125
NC_000024.10	5957342	0.125
NC_000024.10	5958530	0.125
NC_000024.10	5959872	0.125
NC_000024.10	5961713	0.125
NC_000024.10	5964412	0.125
NC_000024.10	5965839	0.125
NC_000024.10	5966503	0.125
NC_000024.10	5967699	0.125
NC_000024.10	5971281	0.125
NC_000024.10	5974297	0.125
NC_000024.10	5974335	0.125
NC_000024.10	5977325	0.125
NC_000024.10	5978266	0.125
NC_000024.10	5979352	0.125
NC_000024.10	5980529	0.125
NC_000024.10	5986383	0.125
NC_000024.10	5989117	0.1667
NC_000024.10	5989522	0.125
NC_000024.10	5993416	0.125
NC_000024.10	5994400	0.125
NC_000024.10	5999890	0.125
NC_000024.10	6000057	0.125
NC_000024.10	6001609	0.125
NC_000024.10	6004216	0.125
NC_000024.10	6004218	0.125
NC_000024.10	6004221	0.125
NC_000024.10	6006364	0.125
NC_000024.10	6016047	0.125
NC_000024.10	6016837	0.125
NC_000024.10	6018009	0.125
NC_000024.10	6022011	0.125
NC_000024.10	6025705	0.125
NC_000024.10	6025920	0.125
NC_000024.10	6028326	0.125
NC_000024.10	6032153	0.125
NC_000024.10	6032821	0.125
NC_000024.10	6032855	0.125
NC_000024.10	6033929	0.125
NC_000024.10	6035164	0.125
NC_000024.10	6035297	0.125
NC_000024.10	6036659	0.125
NC_000024.10	6036686	0.125
NC_000024.10	6049953	0.125
NC_000024.10	6052681	0.125
NC_000024.10	6060811	0.125
NC_000024.10	6061407	0.125
NC_000024.10	6062824	0.125
NC_000024.10	6065361	0.125
NC_000024.10	6066023	0.125
NC_000024.10	6066696	0.125
NC_000024.10	6068196	0.125
NC_000024.10	6068770	0.125
NC_000024.10	6069203	0.25
NC_000024.10	6069205	0.375
NC_000024.10	6069207	0.25
NC_000024.10	6069209	0.25
NC_000024.10	6069211	0.25
NC_000024.10	6069213	0.25
NC_000024.10	6069215	0.25
NC_000024.10	6069217	0.125
NC_000024.10	6069620	0.1429
NC_000024.10	6072590	0.125
NC_000024.10	6073665	0.125
NC_000024.10	6074604	0.125
NC_000024.10	6078568	0.125
NC_000024.10	6078740	0.125
NC_000024.10	6078759	0.125
NC_000024.10	6082589	0.125
NC_000024.10	6082772	0.125
NC_000024.10	6091357	0.125
NC_000024.10	6093297	0.125
NC_000024.10	6093758	0.125
NC_000024.10	6093760	0.125
NC_000024.10	6094109	0.125
NC_000024.10	6095939	0.125
NC_000024.10	6097157	0.125
NC_000024.10	6098826	0.125
NC_000024.10	6099427	0.125
NC_000024.10	6100772	0.125
NC_000024.10	6100828	0.125
NC_000024.10	6102106	0.125
NC_000024.10	6102199	0.125
NC_000024.10	6102306	0.125
NC_000024.10	6103474	0.125
NC_000024.10	6106066	0.125
NC_000024.10	6106109	0.125
NC_000024.10	6107503	0.125
NC_000024.10	6108574	0.125
NC_000024.10	6108662	0.375
NC_000024.10	6108960	0.125
NC_000024.10	6109029	0.125
NC_000024.10	6109651	0.125
NC_000024.10	6111577	0.125
NC_000024.10	6120056	0.125
NC_000024.10	6120953	0.125
NC_000024.10	6122815	0.125
NC_000024.10	6123710	0.125
NC_000024.10	6123865	0.125
NC_000024.10	6124232	0.125
NC_000024.10	6125475	0.125
NC_000024.10	6127219	0.125
NC_000024.10	6129510	0.125
NC_000024.10	6130537	0.125
NC_000024.10	6132423	0.125
NC_000024.10	6133510	0.125
NC_000024.10	6133725	0.125
NC_000024.10	6134068	0.125
NC_000024.10	6135144	0.125
NC_000024.10	6137891	0.125
NC_000024.10	6138088	0.125
NC_000024.10	6139498	0.125
NC_000024.10	6139617	0.125
NC_000024.10	6141648	0.125
NC_000024.10	6143855	0.125
NC_000024.10	6144202	0.125
NC_000024.10	6145001	0.125
NC_000024.10	6146268	0.125
NC_000024.10	6148724	0.125
NC_000024.10	6148727	0.125
NC_000024.10	6150002	0.125
NC_000024.10	6151438	0.125
NC_000024.10	6152647	0.125
NC_000024.10	6152655	0.125
NC_000024.10	6152658	0.125
NC_000024.10	6152852	0.125
NC_000024.10	6154183	0.125
NC_000024.10	6154490	0.125
NC_000024.10	6155583	0.125
NC_000024.10	6156895	0.125
NC_000024.10	6161859	0.125
NC_000024.10	6163427	0.125
NC_000024.10	6164655	0.125
NC_000024.10	6165776	0.125
NC_000024.10	6167195	0.125
NC_000024.10	6169223	0.125
NC_000024.10	6169278	0.125
NC_000024.10	6169483	0.125
NC_000024.10	6169840	0.125
NC_000024.10	6170722	0.125
NC_000024.10	6171144	0.125
NC_000024.10	6180571	0.125
NC_000024.10	6184192	0.125
NC_000024.10	6185127	0.125
NC_000024.10	6185268	0.125
NC_000024.10	6186468	0.125
NC_000024.10	6191026	0.125
NC_000024.10	6192173	0.125
NC_000024.10	6195296	0.125
NC_000024.10	6196126	0.125
NC_000024.10	6533314	0.125
NC_000024.10	6534593	0.125
NC_000024.10	6535119	0.125
NC_000024.10	6536381	0.125
NC_000024.10	6536679	0.125
NC_000024.10	6539829	0.125
NC_000024.10	6540211	0.125
NC_000024.10	6543223	0.125
NC_000024.10	6548191	0.125
NC_000024.10	6548575	0.125
NC_000024.10	6551005	0.125
NC_000024.10	6551889	0.125
NC_000024.10	6554223	0.125
NC_000024.10	6556677	0.125
NC_000024.10	6559524	0.125
NC_000024.10	6560280	0.125
NC_000024.10	6561317	0.125
NC_000024.10	6562352	0.125
NC_000024.10	6563055	0.125
NC_000024.10	6564904	0.125
NC_000024.10	6565046	0.125
NC_000024.10	6567690	0.125
NC_000024.10	6570019	0.125
NC_000024.10	6576376	0.125
NC_000024.10	6581397	0.125
NC_000024.10	6582019	0.125
NC_000024.10	6582529	0.125
NC_000024.10	6582530	0.125
NC_000024.10	6582531	0.125
NC_000024.10	6582538	0.125
NC_000024.10	6583934	0.125
NC_000024.10	6584128	0.125
NC_000024.10	6584231	0.125
NC_000024.10	6586655	0.125
NC_000024.10	6591154	0.125
NC_000024.10	6596595	0.125
NC_000024.10	6598188	0.125
NC_000024.10	6601727	0.125
NC_000024.10	6602572	0.125
NC_000024.10	6602621	0.125
NC_000024.10	6605090	0.125
NC_000024.10	6605998	0.125
NC_000024.10	6606285	0.125
NC_000024.10	6609120	0.125
NC_000024.10	6611055	0.125
NC_000024.10	6611162	0.125
NC_000024.10	6611861	0.125
NC_000024.10	6612200	0.125
NC_000024.10	6612803	0.125
NC_000024.10	6614774	0.125
NC_000024.10	6618048	0.125
NC_000024.10	6619280	0.125
NC_000024.10	6620802	0.125
NC_000024.10	6625645	0.125
NC_000024.10	6625785	0.125
NC_000024.10	6625928	0.125
NC_000024.10	6626367	0.125
NC_000024.10	6626669	0.125
NC_000024.10	6626842	0.125
NC_000024.10	6627025	0.125
NC_000024.10	6628332	0.125
NC_000024.10	6628720	0.125
NC_000024.10	6630048	0.125
NC_000024.10	6630934	0.125
NC_000024.10	6631800	0.125
NC_000024.10	6633069	0.125
NC_000024.10	6637028	0.125
NC_000024.10	6637487	0.125
NC_000024.10	6637715	0.125
NC_000024.10	6640504	0.125
NC_000024.10	6640516	0.125
NC_000024.10	6643839	0.125
NC_000024.10	6644628	0.125
NC_000024.10	6647623	0.125
NC_000024.10	6649579	0.125
NC_000024.10	6649701	0.125
NC_000024.10	6653128	0.125
NC_000024.10	6655165	0.125
NC_000024.10	6655342	0.125
NC_000024.10	6655488	0.125
NC_000024.10	6664875	0.125
NC_000024.10	6665103	0.125
NC_000024.10	6668753	0.125
NC_000024.10	6672600	0.125
NC_000024.10	6684271	0.125
NC_000024.10	6704027	0.125
NC_000024.10	6704811	0.125
NC_000024.10	6705237	0.375
NC_000024.10	6706538	0.125
NC_000024.10	6706926	0.125
NC_000024.10	6708827	0.125
NC_000024.10	6708893	0.125
NC_000024.10	6713302	0.125
NC_000024.10	6717710	0.125
NC_000024.10	6717943	0.125
NC_000024.10	6719120	0.125
NC_000024.10	6722459	0.125
NC_000024.10	6722731	0.125
NC_000024.10	6723084	0.125
NC_000024.10	6723225	0.125
NC_000024.10	6725100	0.125
NC_000024.10	6727203	0.125
NC_000024.10	6727205	0.25
NC_000024.10	6732494	0.125
NC_000024.10	6733321	0.125
NC_000024.10	6735026	0.125
NC_000024.10	6735150	0.125
NC_000024.10	6735479	0.125
NC_000024.10	6738640	0.125
NC_000024.10	6740387	0.125
NC_000024.10	6740698	0.125
NC_000024.10	6743700	0.125
NC_000024.10	6744178	0.125
NC_000024.10	6746491	0.125
NC_000024.10	6747851	0.125
NC_000024.10	6751300	0.0833
NC_000024.10	6752637	0.0833
NC_000024.10	6754154	0.0833
NC_000024.10	6756815	0.0833
NC_000024.10	6762412	0.0833
NC_000024.10	6762617	0.0833
NC_000024.10	6762691	0.0833
NC_000024.10	6762823	0.0833
NC_000024.10	6762978	0.0833
NC_000024.10	6763702	0.1667
NC_000024.10	6763770	0.0833
NC_000024.10	6764083	0.0833
NC_000024.10	6766264	0.0833
NC_000024.10	6768858	0.0833
NC_000024.10	6769590	0.0833
NC_000024.10	6770126	0.0833
NC_000024.10	6770145	0.0833
NC_000024.10	6770400	0.1667
NC_000024.10	6770513	0.0833
NC_000024.10	6770532	0.1667
NC_000024.10	6771115	0.0833
NC_000024.10	6771892	0.0833
NC_000024.10	6771968	0.0833
NC_000024.10	6775653	0.0833
NC_000024.10	6778382	0.0833
NC_000024.10	6778507	0.0833
NC_000024.10	6778837	0.0833
NC_000024.10	6780502	0.0833
NC_000024.10	6781573	0.0833
NC_000024.10	6782890	0.0833
NC_000024.10	6788265	0.0833
NC_000024.10	6791835	0.0833
NC_000024.10	6792102	0.0833
NC_000024.10	6793687	0.0833
NC_000024.10	6797274	0.0833
NC_000024.10	6802423	0.1667
NC_000024.10	6811261	0.0909
NC_000024.10	6812042	0.0909
NC_000024.10	6812572	0.0909
NC_000024.10	6813233	0.0909
NC_000024.10	6817250	0.0909
NC_000024.10	6823945	0.0909
NC_000024.10	6824428	0.0909
NC_000024.10	6826696	0.0909
NC_000024.10	6828342	0.0833
NC_000024.10	6832258	0.0833
NC_000024.10	6833108	0.1667
NC_000024.10	6833215	0.0833
NC_000024.10	6835517	0.0833
NC_000024.10	6838593	0.0833
NC_000024.10	6849786	0.0833
NC_000024.10	6850849	0.0833
NC_000024.10	6851007	0.1667
NC_000024.10	6851476	0.0833
NC_000024.10	6851872	0.0833
NC_000024.10	6853755	0.0833
NC_000024.10	6856970	0.0833
NC_000024.10	6857007	0.0833
NC_000024.10	6859152	0.1667
NC_000024.10	6861088	0.0833
NC_000024.10	6861091	0.0833
NC_000024.10	6864170	0.0833
NC_000024.10	6866408	0.0833
NC_000024.10	6871785	0.0833
NC_000024.10	6871816	0.0833
NC_000024.10	6871993	0.1667
NC_000024.10	6876499	0.0833
NC_000024.10	6876581	0.0833
NC_000024.10	6882734	0.0833
NC_000024.10	6883212	0.0833
NC_000024.10	6883736	0.0833
NC_000024.10	6884238	0.0833
NC_000024.10	6885217	0.1667
NC_000024.10	6885224	0.0833
NC_000024.10	6885246	0.1667
NC_000024.10	6885250	0.1667
NC_000024.10	6885254	0.0833
NC_000024.10	6885262	0.25
NC_000024.10	6885289	0.0833
NC_000024.10	6885292	0.0833
NC_000024.10	6885320	0.0833
NC_000024.10	6885418	0.0833
NC_000024.10	6885478	0.1667
NC_000024.10	6887061	0.0833
NC_000024.10	6890580	0.0833
NC_000024.10	6893856	0.0833
NC_000024.10	6894506	0.0833
NC_000024.10	6895698	0.0833
NC_000024.10	6897750	0.0833
NC_000024.10	6901970	0.0833
NC_000024.10	6903816	0.0833
NC_000024.10	6905484	0.1667
NC_000024.10	6905486	0.0833
NC_000024.10	6905497	0.0833
NC_000024.10	6905708	0.0833
NC_000024.10	6908450	0.0833
NC_000024.10	6909769	0.0833
NC_000024.10	6911866	0.0833
NC_000024.10	6912985	0.0833
NC_000024.10	6914813	0.0833
NC_000024.10	6916774	0.0833
NC_000024.10	6917774	0.0833
NC_000024.10	6918136	0.0833
NC_000024.10	6919072	0.0833
NC_000024.10	6920150	0.0833
NC_000024.10	6920408	0.0833
NC_000024.10	6921466	0.0833
NC_000024.10	6922337	0.0833
NC_000024.10	6922903	0.1667
NC_000024.10	6927266	0.0833
NC_000024.10	6934190	0.0833
NC_000024.10	6936438	0.0833
NC_000024.10	6939110	0.0833
NC_000024.10	6939196	0.0833
NC_000024.10	6949299	0.0833
NC_000024.10	6950110	0.1667
NC_000024.10	6951299	0.0833
NC_000024.10	6951331	0.0833
NC_000024.10	6953080	0.0909
NC_000024.10	6956177	0.0909
NC_000024.10	6958670	0.0909
NC_000024.10	6958914	0.1818
NC_000024.10	6959501	0.0909
NC_000024.10	6960143	0.1818
NC_000024.10	6961809	0.0909
NC_000024.10	6961811	0.0909
NC_000024.10	6963299	0.0909
NC_000024.10	6965001	0.0909
NC_000024.10	6967015	0.0909
NC_000024.10	6971348	0.0909
NC_000024.10	6975110	0.0909
NC_000024.10	6976578	0.0909
NC_000024.10	6978441	0.0909
NC_000024.10	6979337	0.0909
NC_000024.10	6980112	0.0909
NC_000024.10	6983128	0.1818
NC_000024.10	6987704	0.0909
NC_000024.10	6990661	0.0909
NC_000024.10	6990837	0.0909
NC_000024.10	6991650	0.0909
NC_000024.10	6993034	0.0909
NC_000024.10	6993199	0.0909
NC_000024.10	6995188	0.0909
NC_000024.10	6996226	0.0909
NC_000024.10	6997449	0.0909
NC_000024.10	6999742	0.0909
NC_000024.10	7000377	0.0909
NC_000024.10	7003621	0.0833
NC_000024.10	7004870	0.0833
NC_000024.10	7007006	0.0833
NC_000024.10	7009850	0.0833
NC_000024.10	7011324	0.0833
NC_000024.10	7011415	0.1667
NC_000024.10	7019121	0.0833
NC_000024.10	7020729	0.0833
NC_000024.10	7021198	0.0833
NC_000024.10	7022828	0.0833
NC_000024.10	7024555	0.0833
NC_000024.10	7025806	0.0833
NC_000024.10	7026250	0.0833
NC_000024.10	7026584	0.0833
NC_000024.10	7026778	0.0833
NC_000024.10	7028772	0.0833
NC_000024.10	7031050	0.0833
NC_000024.10	7031752	0.0833
NC_000024.10	7037161	0.1667
NC_000024.10	7040220	0.0833
NC_000024.10	7044933	0.0833
NC_000024.10	7045320	0.0833
NC_000024.10	7048054	0.0833
NC_000024.10	7049035	0.0833
NC_000024.10	7052050	0.0833
NC_000024.10	7053849	0.0833
NC_000024.10	7057355	0.0833
NC_000024.10	7058549	0.1667
NC_000024.10	7059439	0.0833
NC_000024.10	7062843	0.0833
NC_000024.10	7063549	0.0833
NC_000024.10	7063769	0.0833
NC_000024.10	7063815	0.0833
NC_000024.10	7064505	0.0833
NC_000024.10	7064783	0.1667
NC_000024.10	7064790	0.0833
NC_000024.10	7064967	0.0833
NC_000024.10	7068371	0.0833
NC_000024.10	7068429	0.0833
NC_000024.10	7073177	0.1667
NC_000024.10	7073268	0.0833
NC_000024.10	7077662	0.1667
NC_000024.10	7078726	0.0833
NC_000024.10	7083546	0.0833
NC_000024.10	7083725	0.0833
NC_000024.10	7084145	0.0833
NC_000024.10	7085167	0.0833
NC_000024.10	7085562	0.0833
NC_000024.10	7090124	0.0833
NC_000024.10	7096490	0.0833
NC_000024.10	7096621	0.0833
NC_000024.10	7096679	0.0833
NC_000024.10	7097174	0.0833
NC_000024.10	7097572	0.1667
NC_000024.10	7099197	0.0833
NC_000024.10	7099301	0.0833
NC_000024.10	7102763	0.0833
NC_000024.10	7103860	0.25
NC_000024.10	7104100	0.0833
NC_000024.10	7104205	0.0833
NC_000024.10	7105762	0.0833
NC_000024.10	7107254	0.0833
NC_000024.10	7116187	0.0833
NC_000024.10	7117794	0.0833
NC_000024.10	7119180	0.0833
NC_000024.10	7121792	0.1667
NC_000024.10	7122959	0.0833
NC_000024.10	7122984	0.0833
NC_000024.10	7125161	0.0833
NC_000024.10	7127482	0.0833
NC_000024.10	7128074	0.0833
NC_000024.10	7128972	0.0833
NC_000024.10	7130403	0.0833
NC_000024.10	7130917	0.0833
NC_000024.10	7133409	0.0833
NC_000024.10	7137912	0.0909
NC_000024.10	7138915	0.0909
NC_000024.10	7139221	0.0909
NC_000024.10	7140917	0.0909
NC_000024.10	7144467	0.0909
NC_000024.10	7150317	0.0909
NC_000024.10	7153000	0.0909
NC_000024.10	7155280	0.0909
NC_000024.10	7156847	0.0909
NC_000024.10	7158290	0.0909
NC_000024.10	7159691	0.0909
NC_000024.10	7159873	0.0909
NC_000024.10	7162271	0.0909
NC_000024.10	7162306	0.0909
NC_000024.10	7162921	0.0909
NC_000024.10	7164104	0.0909
NC_000024.10	7164466	0.1818
NC_000024.10	7166634	0.0909
NC_000024.10	7169217	0.0909
NC_000024.10	7169860	0.0909
NC_000024.10	7170179	0.1818
NC_000024.10	7171327	0.0909
NC_000024.10	7172055	0.0909
NC_000024.10	7173606	0.0909
NC_000024.10	7175033	0.0909
NC_000024.10	7175163	0.0909
NC_000024.10	7176879	0.0909
NC_000024.10	7180548	0.0909
NC_000024.10	7184761	0.0909
NC_000024.10	7184803	0.0909
NC_000024.10	7192858	0.1818
NC_000024.10	7193418	0.0909
NC_000024.10	7193464	0.0909
NC_000024.10	7193850	0.0909
NC_000024.10	7194422	0.1818
NC_000024.10	7196845	0.0909
NC_000024.10	7198822	0.0909
NC_000024.10	7199874	0.0909
NC_000024.10	7201369	0.0909
NC_000024.10	7202050	0.0909
NC_000024.10	7202138	0.0909
NC_000024.10	7203896	0.0909
NC_000024.10	7204359	0.0909
NC_000024.10	7206130	0.0909
NC_000024.10	7206279	0.0909
NC_000024.10	7206333	0.0909
NC_000024.10	7208400	0.0909
NC_000024.10	7209271	0.0909
NC_000024.10	7210529	0.0909
NC_000024.10	7214431	0.0909
NC_000024.10	7214647	0.0909
NC_000024.10	7215006	0.1818
NC_000024.10	7216211	0.1818
NC_000024.10	7219942	0.0909
NC_000024.10	7222352	0.0909
NC_000024.10	7223786	0.0909
NC_000024.10	7230067	0.0909
NC_000024.10	7230944	0.0909
NC_000024.10	7231902	0.0909
NC_000024.10	7232038	0.0909
NC_000024.10	7232069	0.1818
NC_000024.10	7232497	0.0909
NC_000024.10	7234663	0.0909
NC_000024.10	7235173	0.0909
NC_000024.10	7236512	0.0909
NC_000024.10	7238178	0.0909
NC_000024.10	7238612	0.0909
NC_000024.10	7238970	0.0909
NC_000024.10	7238980	0.2727
NC_000024.10	7238982	0.1818
NC_000024.10	7238984	0.1818
NC_000024.10	7238986	0.0909
NC_000024.10	7240325	0.0909
NC_000024.10	7249102	0.0909
NC_000024.10	7250171	0.0909
NC_000024.10	7250905	0.0909
NC_000024.10	7253067	0.0909
NC_000024.10	7253429	0.0909
NC_000024.10	7258741	0.1818
NC_000024.10	7263343	0.0909
NC_000024.10	7263881	0.0909
NC_000024.10	7264486	0.0909
NC_000024.10	7264631	0.0909
NC_000024.10	7266516	0.0909
NC_000024.10	7266662	0.0909
NC_000024.10	7266664	0.0909
NC_000024.10	7267895	0.0909
NC_000024.10	7268242	0.0909
NC_000024.10	7269173	0.2
NC_000024.10	7269263	0.0909
NC_000024.10	7270455	0.0909
NC_000024.10	7270871	0.0909
NC_000024.10	7271032	0.0909
NC_000024.10	7271515	0.0909
NC_000024.10	7271667	0.0909
NC_000024.10	7271977	0.0909
NC_000024.10	7273447	0.0909
NC_000024.10	7273599	0.0909
NC_000024.10	7274063	0.0909
NC_000024.10	7275098	0.0909
NC_000024.10	7275260	0.0909
NC_000024.10	7283108	0.0909
NC_000024.10	7285334	0.0909
NC_000024.10	7287271	0.0909
NC_000024.10	7289704	0.0909
NC_000024.10	7291909	0.0909
NC_000024.10	7292197	0.0909
NC_000024.10	7292796	0.0909
NC_000024.10	7293206	0.0909
NC_000024.10	7296801	0.0909
NC_000024.10	7297917	0.0909
NC_000024.10	7298487	0.0909
NC_000024.10	7298597	0.1
NC_000024.10	7299233	0.0909
NC_000024.10	7299554	0.0909
NC_000024.10	7301858	0.0909
NC_000024.10	7303491	0.1818
NC_000024.10	7305102	0.1818
NC_000024.10	7305602	0.0909
NC_000024.10	7306132	0.0909
NC_000024.10	7310565	0.0909
NC_000024.10	7312035	0.0909
NC_000024.10	7312324	0.0909
NC_000024.10	7312902	0.0909
NC_000024.10	7313572	0.0909
NC_000024.10	7314636	0.0909
NC_000024.10	7314714	0.0909
NC_000024.10	7316099	0.0909
NC_000024.10	7316100	0.0909
NC_000024.10	7316972	0.0909
NC_000024.10	7317714	0.0909
NC_000024.10	7320379	0.0909
NC_000024.10	7325332	0.0909
NC_000024.10	7327280	0.0909
NC_000024.10	7327282	0.0909
NC_000024.10	7327284	0.0909
NC_000024.10	7330510	0.0909
NC_000024.10	7334662	0.0909
NC_000024.10	7337107	0.0909
NC_000024.10	7337978	0.0909
NC_000024.10	7342089	0.0909
NC_000024.10	7342242	0.0909
NC_000024.10	7342259	0.0909
NC_000024.10	7342260	0.0909
NC_000024.10	7342444	0.0909
NC_000024.10	7342688	0.1818
NC_000024.10	7342700	0.0909
NC_000024.10	7343380	0.1818
NC_000024.10	7343381	0.1818
NC_000024.10	7343388	0.0909
NC_000024.10	7345622	0.0909
NC_000024.10	7345903	0.1818
NC_000024.10	7348309	0.0909
NC_000024.10	7349661	0.0909
NC_000024.10	7350038	0.0909
NC_000024.10	7350087	0.0909
NC_000024.10	7351412	0.0909
NC_000024.10	7353957	0.0909
NC_000024.10	7357776	0.2
NC_000024.10	7359761	0.0909
NC_000024.10	7360410	0.0909
NC_000024.10	7364653	0.1818
NC_000024.10	7365020	0.0909
NC_000024.10	7365097	0.0909
NC_000024.10	7369190	0.0909
NC_000024.10	7378356	0.0909
NC_000024.10	7379020	0.0909
NC_000024.10	7381280	0.0909
NC_000024.10	7382506	0.0909
NC_000024.10	7384957	0.1
NC_000024.10	7385559	0.0909
NC_000024.10	7388392	0.0909
NC_000024.10	7389610	0.0909
NC_000024.10	7390796	0.0909
NC_000024.10	7391643	0.0909
NC_000024.10	7395517	0.0909
NC_000024.10	7395630	0.0909
NC_000024.10	7396909	0.0909
NC_000024.10	7396946	0.0909
NC_000024.10	7399792	0.0909
NC_000024.10	7401335	0.0909
NC_000024.10	7401386	0.0909
NC_000024.10	7404516	0.0909
NC_000024.10	7407046	0.1818
NC_000024.10	7410911	0.1818
NC_000024.10	7412629	0.0909
NC_000024.10	7413705	0.0909
NC_000024.10	7414844	0.0909
NC_000024.10	7415008	0.0909
NC_000024.10	7415401	0.0909
NC_000024.10	7419017	0.0909
NC_000024.10	7420685	0.0909
NC_000024.10	7422413	0.0909
NC_000024.10	7423140	0.1818
NC_000024.10	7423493	0.0909
NC_000024.10	7423608	0.0909
NC_000024.10	7423813	0.0909
NC_000024.10	7426872	0.1818
NC_000024.10	7426932	0.0909
NC_000024.10	7429446	0.0909
NC_000024.10	7429475	0.0909
NC_000024.10	7429985	0.0909
NC_000024.10	7430880	0.0909
NC_000024.10	7431230	0.0909
NC_000024.10	7431356	0.0909
NC_000024.10	7433856	0.0909
NC_000024.10	7434656	0.1818
NC_000024.10	7435328	0.0909
NC_000024.10	7435337	0.0909
NC_000024.10	7439453	0.1818
NC_000024.10	7439524	0.0909
NC_000024.10	7439802	0.0909
NC_000024.10	7442314	0.0909
NC_000024.10	7442522	0.0909
NC_000024.10	7446192	0.0909
NC_000024.10	7448421	0.0909
NC_000024.10	7451159	0.0909
NC_000024.10	7451539	0.0909
NC_000024.10	7452433	0.0909
NC_000024.10	7452582	0.0909
NC_000024.10	7452971	0.1818
NC_000024.10	7453755	0.0909
NC_000024.10	7453964	0.0909
NC_000024.10	7456922	0.0909
NC_000024.10	7458214	0.1818
NC_000024.10	7461590	0.0909
NC_000024.10	7461926	0.0909
NC_000024.10	7464091	0.0909
NC_000024.10	7468756	0.0909
NC_000024.10	7469731	0.0909
NC_000024.10	7471686	0.0909
NC_000024.10	7471945	0.0909
NC_000024.10	7472202	0.0909
NC_000024.10	7477343	0.0909
NC_000024.10	7481231	0.0909
NC_000024.10	7483512	0.0909
NC_000024.10	7486718	0.0909
NC_000024.10	7487137	0.0909
NC_000024.10	7489277	0.0909
NC_000024.10	7490118	0.1818
NC_000024.10	7490274	0.0909
NC_000024.10	7491245	0.0909
NC_000024.10	7491704	0.2727
NC_000024.10	7491747	0.0909
NC_000024.10	7491749	0.1
NC_000024.10	7491750	0.3636
NC_000024.10	7491752	0.0909
NC_000024.10	7497222	0.0909
NC_000024.10	7500230	0.0909
NC_000024.10	7501342	0.0909
NC_000024.10	7505073	0.0909
NC_000024.10	7505222	0.0909
NC_000024.10	7505269	0.0909
NC_000024.10	7505530	0.0909
NC_000024.10	7506423	0.0909
NC_000024.10	7506659	0.0909
NC_000024.10	7506886	0.0909
NC_000024.10	7507219	0.1818
NC_000024.10	7507453	0.0909
NC_000024.10	7508775	0.0909
NC_000024.10	7508988	0.0909
NC_000024.10	7510218	0.0909
NC_000024.10	7510442	0.0909
NC_000024.10	7510932	0.1818
NC_000024.10	7513174	0.0909
NC_000024.10	7514209	0.0909
NC_000024.10	7514476	0.0909
NC_000024.10	7517654	0.1818
NC_000024.10	7518765	0.0909
NC_000024.10	7521038	0.0909
NC_000024.10	7522352	0.0909
NC_000024.10	7523138	0.0909
NC_000024.10	7523144	0.1818
NC_000024.10	7525517	0.1818
NC_000024.10	7527134	0.0909
NC_000024.10	7527256	0.0909
NC_000024.10	7527765	0.0909
NC_000024.10	7529987	0.0909
NC_000024.10	7530124	0.0909
NC_000024.10	7532011	0.0909
NC_000024.10	7533653	0.1818
NC_000024.10	7533795	0.0909
NC_000024.10	7536992	0.0909
NC_000024.10	7538542	0.0909
NC_000024.10	7546194	0.0909
NC_000024.10	7547179	0.0909
NC_000024.10	7548128	0.0909
NC_000024.10	7548768	0.0909
NC_000024.10	7548831	0.0909
NC_000024.10	7549757	0.1818
NC_000024.10	7552280	0.0909
NC_000024.10	7553428	0.0909
NC_000024.10	7554604	0.0909
NC_000024.10	7555681	0.1818
NC_000024.10	7556453	0.0909
NC_000024.10	7559390	0.0909
NC_000024.10	7560239	0.0909
NC_000024.10	7560281	0.2727
NC_000024.10	7560290	0.1818
NC_000024.10	7561159	0.0909
NC_000024.10	7567926	0.0909
NC_000024.10	7568503	0.0909
NC_000024.10	7570652	0.0909
NC_000024.10	7572078	0.0909
NC_000024.10	7572890	0.1818
NC_000024.10	7573711	0.0909
NC_000024.10	7574316	0.0909
NC_000024.10	7574335	0.0909
NC_000024.10	7643578	0.1818
NC_000024.10	7649014	0.0909
NC_000024.10	7652146	0.1
NC_000024.10	7658960	0.0909
NC_000024.10	7659410	0.1818
NC_000024.10	7661651	0.0909
NC_000024.10	7663056	0.0909
NC_000024.10	7663555	0.0909
NC_000024.10	7665470	0.0909
NC_000024.10	7665914	0.0909
NC_000024.10	7666342	0.0909
NC_000024.10	7666377	0.1818
NC_000024.10	7666600	0.1818
NC_000024.10	7666788	0.0909
NC_000024.10	7669081	0.0909
NC_000024.10	7669911	0.0909
NC_000024.10	7670603	0.0909
NC_000024.10	7672409	0.0909
NC_000024.10	7673201	0.0909
NC_000024.10	7674594	0.0909
NC_000024.10	7681477	0.0909
NC_000024.10	7682754	0.0909
NC_000024.10	7684051	0.0909
NC_000024.10	7693500	0.0909
NC_000024.10	7695462	0.1818
NC_000024.10	7697955	0.1818
NC_000024.10	7707344	0.0909
NC_000024.10	7707365	0.0909
NC_000024.10	7707811	0.0909
NC_000024.10	7714216	0.1
NC_000024.10	7715781	0.1
NC_000024.10	7716206	0.1
NC_000024.10	7718878	0.1
NC_000024.10	7719326	0.1
NC_000024.10	7721262	0.1
NC_000024.10	7724416	0.1
NC_000024.10	7728044	0.1
NC_000024.10	7728187	0.1
NC_000024.10	7728274	0.1
NC_000024.10	7729144	0.1
NC_000024.10	7732140	0.1
NC_000024.10	7734603	0.1
NC_000024.10	7736990	0.1
NC_000024.10	7738592	0.1
NC_000024.10	7740426	0.1
NC_000024.10	7741167	0.1
NC_000024.10	7741383	0.1
NC_000024.10	7741575	0.1
NC_000024.10	7743535	0.1
NC_000024.10	7745794	0.1111
NC_000024.10	7745795	0.1111
NC_000024.10	7745796	0.1111
NC_000024.10	7746400	0.1
NC_000024.10	7747761	0.1
NC_000024.10	7750931	0.1
NC_000024.10	7751764	0.1
NC_000024.10	7751809	0.1
NC_000024.10	7753082	0.1
NC_000024.10	7753848	0.1
NC_000024.10	7754009	0.1
NC_000024.10	7755569	0.1
NC_000024.10	7758554	0.1
NC_000024.10	7761057	0.1
NC_000024.10	7761471	0.1
NC_000024.10	7761542	0.1
NC_000024.10	7762992	0.1
NC_000024.10	7770738	0.1
NC_000024.10	7772422	0.1
NC_000024.10	7775495	0.1
NC_000024.10	7776434	0.1
NC_000024.10	7776629	0.1
NC_000024.10	7777080	0.1
NC_000024.10	7777167	0.1
NC_000024.10	7777384	0.1
NC_000024.10	7777460	0.1
NC_000024.10	7778578	0.1
NC_000024.10	7779046	0.2
NC_000024.10	7779241	0.1
NC_000024.10	7779470	0.1
NC_000024.10	7779496	0.1
NC_000024.10	7783515	0.1
NC_000024.10	7786312	0.1
NC_000024.10	7788310	0.1
NC_000024.10	7790671	0.1
NC_000024.10	7793654	0.1
NC_000024.10	7803059	0.1
NC_000024.10	7803358	0.1
NC_000024.10	7803489	0.1
NC_000024.10	7805068	0.0909
NC_000024.10	7807365	0.0909
NC_000024.10	7810653	0.0909
NC_000024.10	7810852	0.0909
NC_000024.10	7811187	0.0909
NC_000024.10	7813619	0.0909
NC_000024.10	7813765	0.0909
NC_000024.10	7814102	0.0909
NC_000024.10	7817483	0.0909
NC_000024.10	7819489	0.0909
NC_000024.10	7821666	0.0909
NC_000024.10	7821823	0.1818
NC_000024.10	7822141	0.0909
NC_000024.10	7834866	0.0909
NC_000024.10	7834932	0.1818
NC_000024.10	7835236	0.0909
NC_000024.10	7835500	0.1818
NC_000024.10	7837330	0.0909
NC_000024.10	7839094	0.0909
NC_000024.10	7839347	0.1818
NC_000024.10	7839443	0.1818
NC_000024.10	7840126	0.0909
NC_000024.10	7842983	0.0909
NC_000024.10	7843410	0.1818
NC_000024.10	7847517	0.0909
NC_000024.10	7849648	0.0909
NC_000024.10	7849652	0.0909
NC_000024.10	7849696	0.3636
NC_000024.10	7849750	0.0909
NC_000024.10	7852231	0.0909
NC_000024.10	7853051	0.0909
NC_000024.10	7853633	0.1818
NC_000024.10	7854274	0.0909
NC_000024.10	7854534	0.0909
NC_000024.10	7855871	0.1818
NC_000024.10	7855917	0.0909
NC_000024.10	7858808	0.0909
NC_000024.10	7861283	0.0909
NC_000024.10	7861581	0.1818
NC_000024.10	7862430	0.2
NC_000024.10	7862474	0.0909
NC_000024.10	7862783	0.0909
NC_000024.10	7863665	0.0909
NC_000024.10	7863833	0.1818
NC_000024.10	7865661	0.1818
NC_000024.10	7865973	0.0909
NC_000024.10	7867719	0.1818
NC_000024.10	7868005	0.0909
NC_000024.10	7868703	0.1818
NC_000024.10	7869501	0.0909
NC_000024.10	7870799	0.0909
NC_000024.10	7870818	0.0909
NC_000024.10	7871350	0.0909
NC_000024.10	7871471	0.0909
NC_000024.10	7872040	0.0909
NC_000024.10	7874842	0.0909
NC_000024.10	7875105	0.0909
NC_000024.10	7876402	0.1818
NC_000024.10	7878207	0.0909
NC_000024.10	7879736	0.0909
NC_000024.10	7880371	0.0909
NC_000024.10	7880860	0.0909
NC_000024.10	7881785	0.0909
NC_000024.10	7882696	0.0909
NC_000024.10	7882748	0.1818
NC_000024.10	7882952	0.0909
NC_000024.10	7883128	0.1818
NC_000024.10	7883771	0.0909
NC_000024.10	7887100	0.0909
NC_000024.10	7888653	0.0909
NC_000024.10	7888996	0.0909
NC_000024.10	7889152	0.0909
NC_000024.10	7889772	0.0909
NC_000024.10	7889773	0.0909
NC_000024.10	7890336	0.0909
NC_000024.10	7891854	0.0909
NC_000024.10	7894647	0.0909
NC_000024.10	7895091	0.0909
NC_000024.10	7899681	0.0909
NC_000024.10	7899687	0.0909
NC_000024.10	7899695	0.0909
NC_000024.10	7901864	0.0909
NC_000024.10	7902857	0.0909
NC_000024.10	7905131	0.1818
NC_000024.10	7906468	0.0909
NC_000024.10	7910109	0.0909
NC_000024.10	7910650	0.0909
NC_000024.10	7911875	0.1818
NC_000024.10	7914352	0.0909
NC_000024.10	7915054	0.0909
NC_000024.10	7919272	0.0909
NC_000024.10	7924748	0.0909
NC_000024.10	7925618	0.1818
NC_000024.10	7928010	0.0909
NC_000024.10	7928117	0.0909
NC_000024.10	7928606	0.0909
NC_000024.10	7930226	0.1818
NC_000024.10	7930335	0.0909
NC_000024.10	7930862	0.0909
NC_000024.10	7932028	0.0909
NC_000024.10	7934887	0.0909
NC_000024.10	7937957	0.1818
NC_000024.10	7938857	0.0909
NC_000024.10	7940539	0.0909
NC_000024.10	7942029	0.0909
NC_000024.10	7943467	0.1818
NC_000024.10	7943546	0.1818
NC_000024.10	7945409	0.1818
NC_000024.10	7946393	0.0909
NC_000024.10	7947329	0.0909
NC_000024.10	7948994	0.0909
NC_000024.10	7949456	0.0909
NC_000024.10	7952070	0.0909
NC_000024.10	7952716	0.0909
NC_000024.10	7956762	0.0909
NC_000024.10	7957499	0.0909
NC_000024.10	7960622	0.0909
NC_000024.10	7961214	0.0909
NC_000024.10	7961742	0.1818
NC_000024.10	7962877	0.0909
NC_000024.10	7964181	0.0909
NC_000024.10	7964669	0.0909
NC_000024.10	7966676	0.0909
NC_000024.10	7967187	0.0909
NC_000024.10	7970356	0.0909
NC_000024.10	7971642	0.1818
NC_000024.10	7971778	0.0909
NC_000024.10	7975571	0.0909
NC_000024.10	7980949	0.0909
NC_000024.10	7981388	0.0909
NC_000024.10	7982384	0.0909
NC_000024.10	7987559	0.0909
NC_000024.10	7992539	0.1818
NC_000024.10	8001767	0.0909
NC_000024.10	8006302	0.0909
NC_000024.10	8006740	0.1818
NC_000024.10	8006924	0.1818
NC_000024.10	8008621	0.0909
NC_000024.10	8008671	0.0909
NC_000024.10	8008915	0.0909
NC_000024.10	8009219	0.0909
NC_000024.10	8010346	0.0909
NC_000024.10	8014158	0.0909
NC_000024.10	8015949	0.0909
NC_000024.10	8017538	0.0909
NC_000024.10	8017708	0.0909
NC_000024.10	8019774	0.0909
NC_000024.10	8022295	0.0909
NC_000024.10	8022614	0.0909
NC_000024.10	8023484	0.0909
NC_000024.10	8024270	0.0909
NC_000024.10	8027480	0.0909
NC_000024.10	8028125	0.1818
NC_000024.10	8029372	0.0909
NC_000024.10	8035020	0.1
NC_000024.10	8036060	0.1
NC_000024.10	8037702	0.1
NC_000024.10	8037792	0.1
NC_000024.10	8037969	0.1
NC_000024.10	8039892	0.1
NC_000024.10	8043289	0.1
NC_000024.10	8044712	0.1
NC_000024.10	8045317	0.1
NC_000024.10	8047450	0.1
NC_000024.10	8053484	0.1
NC_000024.10	8054919	0.1
NC_000024.10	8055556	0.1
NC_000024.10	8056563	0.1
NC_000024.10	8056972	0.1
NC_000024.10	8057196	0.1
NC_000024.10	8057906	0.1
NC_000024.10	8057963	0.1
NC_000024.10	8059215	0.1
NC_000024.10	8060027	0.1
NC_000024.10	8061774	0.1
NC_000024.10	8061936	0.1
NC_000024.10	8063530	0.1
NC_000024.10	8066738	0.1
NC_000024.10	8068281	0.1
NC_000024.10	8068773	0.1
NC_000024.10	8070146	0.0909
NC_000024.10	8071367	0.0909
NC_000024.10	8076012	0.0909
NC_000024.10	8076450	0.0909
NC_000024.10	8079708	0.0909
NC_000024.10	8085576	0.1111
NC_000024.10	8085587	0.1111
NC_000024.10	8088844	0.1111
NC_000024.10	8093229	0.1111
NC_000024.10	8096002	0.1111
NC_000024.10	8098329	0.1111
NC_000024.10	8100978	0.1111
NC_000024.10	8101982	0.2222
NC_000024.10	8102499	0.1111
NC_000024.10	8102571	0.2222
NC_000024.10	8108634	0.1111
NC_000024.10	8109396	0.1111
NC_000024.10	8112832	0.1111
NC_000024.10	8113717	0.1111
NC_000024.10	8116889	0.1111
NC_000024.10	8123948	0.1111
NC_000024.10	8128543	0.2222
NC_000024.10	8131028	0.125
NC_000024.10	8133313	0.125
NC_000024.10	8137892	0.125
NC_000024.10	8141011	0.125
NC_000024.10	8141065	0.125
NC_000024.10	8141174	0.125
NC_000024.10	8143248	0.125
NC_000024.10	8148185	0.125
NC_000024.10	8150309	0.125
NC_000024.10	8151477	0.125
NC_000024.10	8152721	0.125
NC_000024.10	8153299	0.125
NC_000024.10	8153723	0.125
NC_000024.10	8156934	0.125
NC_000024.10	8156990	0.125
NC_000024.10	8160855	0.125
NC_000024.10	8164602	0.125
NC_000024.10	8168773	0.125
NC_000024.10	8170535	0.125
NC_000024.10	8171265	0.125
NC_000024.10	8173176	0.125
NC_000024.10	8173999	0.125
NC_000024.10	8177720	0.125
NC_000024.10	8177930	0.125
NC_000024.10	8179664	0.125
NC_000024.10	8183082	0.125
NC_000024.10	8189032	0.125
NC_000024.10	8189132	0.125
NC_000024.10	8189794	0.125
NC_000024.10	8190632	0.125
NC_000024.10	8191181	0.125
NC_000024.10	8191419	0.125
NC_000024.10	8191853	0.125
NC_000024.10	8194970	0.1111
NC_000024.10	8196524	0.2222
NC_000024.10	8198484	0.2222
NC_000024.10	8199001	0.1111
NC_000024.10	8199492	0.1111
NC_000024.10	8201088	0.125
NC_000024.10	8201333	0.125
NC_000024.10	8201544	0.125
NC_000024.10	8201958	0.125
NC_000024.10	8202961	0.125
NC_000024.10	8204623	0.1111
NC_000024.10	8208141	0.1111
NC_000024.10	8208650	0.1111
NC_000024.10	8210024	0.1111
NC_000024.10	8212356	0.1111
NC_000024.10	8214331	0.1111
NC_000024.10	8215429	0.1111
NC_000024.10	8219018	0.1111
NC_000024.10	8224384	0.1111
NC_000024.10	8225276	0.1111
NC_000024.10	8226542	0.2222
NC_000024.10	8226590	0.3333
NC_000024.10	8234061	0.1111
NC_000024.10	8235785	0.1111
NC_000024.10	8243184	0.1111
NC_000024.10	8248964	0.1111
NC_000024.10	8254402	0.1111
NC_000024.10	8255967	0.1111
NC_000024.10	8256432	0.1111
NC_000024.10	8256973	0.1111
NC_000024.10	8257009	0.1111
NC_000024.10	8257014	0.1111
NC_000024.10	8259394	0.1111
NC_000024.10	8262468	0.1111
NC_000024.10	8262677	0.1111
NC_000024.10	8263497	0.2222
NC_000024.10	8264255	0.1111
NC_000024.10	8264571	0.1111
NC_000024.10	8265281	0.1111
NC_000024.10	8269461	0.1111
NC_000024.10	8270548	0.1111
NC_000024.10	8271144	0.1111
NC_000024.10	8271311	0.2222
NC_000024.10	8272893	0.2222
NC_000024.10	8275094	0.1111
NC_000024.10	8275595	0.1111
NC_000024.10	8277510	0.1111
NC_000024.10	8277830	0.1111
NC_000024.10	8278095	0.1111
NC_000024.10	8278363	0.1111
NC_000024.10	8280497	0.1111
NC_000024.10	8281397	0.2222
NC_000024.10	8285703	0.1111
NC_000024.10	8287434	0.1111
NC_000024.10	8287619	0.1111
NC_000024.10	8292804	0.1111
NC_000024.10	8293374	0.1111
NC_000024.10	8297728	0.1111
NC_000024.10	8298544	0.1111
NC_000024.10	8299716	0.1111
NC_000024.10	8301816	0.1111
NC_000024.10	8304887	0.2222
NC_000024.10	8305967	0.1111
NC_000024.10	8306037	0.1111
NC_000024.10	8307766	0.1111
NC_000024.10	8307835	0.1111
NC_000024.10	8308571	0.1111
NC_000024.10	8310664	0.1111
NC_000024.10	8311986	0.2222
NC_000024.10	8313217	0.1111
NC_000024.10	8315398	0.1111
NC_000024.10	8320540	0.1111
NC_000024.10	8325210	0.1111
NC_000024.10	8330119	0.2222
NC_000024.10	8331007	0.2222
NC_000024.10	8334877	0.1111
NC_000024.10	8334951	0.2222
NC_000024.10	8335041	0.1111
NC_000024.10	8337304	0.1111
NC_000024.10	8337431	0.1111
NC_000024.10	8337836	0.2222
NC_000024.10	8338212	0.1111
NC_000024.10	8347467	0.1818
NC_000024.10	8350127	0.0909
NC_000024.10	8355474	0.0909
NC_000024.10	8355580	0.1818
NC_000024.10	8358150	0.2727
NC_000024.10	8358602	0.1818
NC_000024.10	8359564	0.1818
NC_000024.10	8359855	0.0909
NC_000024.10	8363259	0.0909
NC_000024.10	8363449	0.0909
NC_000024.10	8363657	0.1818
NC_000024.10	8367710	0.0909
NC_000024.10	8368949	0.1818
NC_000024.10	8371449	0.1818
NC_000024.10	8372128	0.0909
NC_000024.10	8372438	0.0909
NC_000024.10	8375450	0.0909
NC_000024.10	8375466	0.1818
NC_000024.10	8375468	0.1818
NC_000024.10	8375490	0.0909
NC_000024.10	8376660	0.0909
NC_000024.10	8382184	0.1111
NC_000024.10	8386130	0.0909
NC_000024.10	8387704	0.1818
NC_000024.10	8389340	0.0909
NC_000024.10	8390555	0.0909
NC_000024.10	8392857	0.0909
NC_000024.10	8393592	0.1818
NC_000024.10	8394910	0.0909
NC_000024.10	8395165	0.1818
NC_000024.10	8403551	0.0909
NC_000024.10	8407904	0.0909
NC_000024.10	8415680	0.0909
NC_000024.10	8415781	0.1818
NC_000024.10	8416328	0.1818
NC_000024.10	8418718	0.0909
NC_000024.10	8419648	0.0909
NC_000024.10	8422442	0.0909
NC_000024.10	8423233	0.0909
NC_000024.10	8425166	0.0909
NC_000024.10	8427888	0.0909
NC_000024.10	8428255	0.0909
NC_000024.10	8428508	0.0909
NC_000024.10	8431491	0.1
NC_000024.10	8431657	0.1
NC_000024.10	8432067	0.1
NC_000024.10	8433317	0.1
NC_000024.10	8433334	0.2
NC_000024.10	8434443	0.1
NC_000024.10	8434524	0.1
NC_000024.10	8435229	0.1
NC_000024.10	8437114	0.2
NC_000024.10	8440294	0.1
NC_000024.10	8440531	0.1
NC_000024.10	8444238	0.2
NC_000024.10	8448697	0.1
NC_000024.10	8448783	0.1
NC_000024.10	8451212	0.1
NC_000024.10	8454178	0.1
NC_000024.10	8455468	0.2
NC_000024.10	8455807	0.1
NC_000024.10	8455882	0.1
NC_000024.10	8457513	0.1
NC_000024.10	8458189	0.1
NC_000024.10	8460701	0.1
NC_000024.10	8461037	0.1
NC_000024.10	8461408	0.1
NC_000024.10	8462518	0.1
NC_000024.10	8462743	0.1
NC_000024.10	8463933	0.1
NC_000024.10	8464792	0.1
NC_000024.10	8465552	0.1
NC_000024.10	8465585	0.2
NC_000024.10	8465591	0.2
NC_000024.10	8465600	0.1
NC_000024.10	8465741	0.1
NC_000024.10	8469786	0.1
NC_000024.10	8476858	0.1111
NC_000024.10	8477773	0.1111
NC_000024.10	8481551	0.1111
NC_000024.10	8481655	0.1111
NC_000024.10	8486215	0.1111
NC_000024.10	8493240	0.2222
NC_000024.10	8500196	0.1111
NC_000024.10	8502689	0.1111
NC_000024.10	8502923	0.2222
NC_000024.10	8506558	0.1111
NC_000024.10	8507366	0.1111
NC_000024.10	8508205	0.1111
NC_000024.10	8508802	0.1
NC_000024.10	8509666	0.1
NC_000024.10	8510179	0.1
NC_000024.10	8515144	0.1
NC_000024.10	8520575	0.2
NC_000024.10	8521175	0.1
NC_000024.10	8521306	0.2
NC_000024.10	8522284	0.1
NC_000024.10	8522809	0.1
NC_000024.10	8527798	0.0833
NC_000024.10	8528292	0.0833
NC_000024.10	8528595	0.0833
NC_000024.10	8530965	0.0833
NC_000024.10	8536567	0.0833
NC_000024.10	8538166	0.0833
NC_000024.10	8543583	0.0833
NC_000024.10	8544984	0.1667
NC_000024.10	8550205	0.25
NC_000024.10	8550764	0.0833
NC_000024.10	8550870	0.0833
NC_000024.10	8551751	0.0833
NC_000024.10	8556048	0.1667
NC_000024.10	8556549	0.0833
NC_000024.10	8557954	0.0833
NC_000024.10	8561305	0.1667
NC_000024.10	8561318	0.0833
NC_000024.10	8561755	0.1667
NC_000024.10	8562497	0.25
NC_000024.10	8562599	0.0833
NC_000024.10	8564163	0.0833
NC_000024.10	8564495	0.0833
NC_000024.10	8565287	0.0833
NC_000024.10	8568294	0.0833
NC_000024.10	8571115	0.0833
NC_000024.10	8571902	0.0833
NC_000024.10	8572376	0.0833
NC_000024.10	8573277	0.0833
NC_000024.10	8574293	0.0833
NC_000024.10	8574300	0.0833
NC_000024.10	8574701	0.0833
NC_000024.10	8575258	0.1667
NC_000024.10	8577657	0.0833
NC_000024.10	8578041	0.1667
NC_000024.10	8580870	0.2
NC_000024.10	8581470	0.1
NC_000024.10	8581608	0.1
NC_000024.10	8582346	0.1
NC_000024.10	8583015	0.1
NC_000024.10	8584340	0.1
NC_000024.10	8586854	0.2
NC_000024.10	8587228	0.1
NC_000024.10	8590364	0.1818
NC_000024.10	8590846	0.0909
NC_000024.10	8592858	0.0909
NC_000024.10	8593387	0.0909
NC_000024.10	8596457	0.2
NC_000024.10	8597970	0.1
NC_000024.10	8598281	0.1111
NC_000024.10	8598954	0.1111
NC_000024.10	8599348	0.1111
NC_000024.10	8601281	0.0909
NC_000024.10	8602223	0.0909
NC_000024.10	8602471	0.0909
NC_000024.10	8603910	0.0909
NC_000024.10	8604727	0.0909
NC_000024.10	8604770	0.1818
NC_000024.10	8605104	0.1818
NC_000024.10	8605230	0.2727
NC_000024.10	8605418	0.0909
NC_000024.10	8606148	0.0909
NC_000024.10	8606409	0.1818
NC_000024.10	8608469	0.0909
NC_000024.10	8612559	0.1818
NC_000024.10	8612867	0.1818
NC_000024.10	8613030	0.1111
NC_000024.10	8613107	0.2222
NC_000024.10	8613123	0.1111
NC_000024.10	8613155	0.1111
NC_000024.10	8613156	0.2222
NC_000024.10	8613235	0.1111
NC_000024.10	8613485	0.1111
NC_000024.10	8613908	0.1111
NC_000024.10	8613995	0.1111
NC_000024.10	8614390	0.1111
NC_000024.10	8614590	0.1111
NC_000024.10	8615761	0.1
NC_000024.10	8616026	0.1
NC_000024.10	8616314	0.1
NC_000024.10	8616326	0.1
NC_000024.10	8617501	0.2727
NC_000024.10	8618756	0.0909
NC_000024.10	8623331	0.0909
NC_000024.10	8628154	0.1818
NC_000024.10	8629524	0.1818
NC_000024.10	8631926	0.3
NC_000024.10	8634846	0.2
NC_000024.10	8635327	0.1
NC_000024.10	8637414	0.1
NC_000024.10	8640696	0.1
NC_000024.10	8643641	0.1
NC_000024.10	8646305	0.1
NC_000024.10	8652638	0.1
NC_000024.10	8656836	0.1
NC_000024.10	8656854	0.1
NC_000024.10	8657336	0.1
NC_000024.10	8658524	0.2
NC_000024.10	8659859	0.1
NC_000024.10	8661562	0.1
NC_000024.10	8662296	0.1
NC_000024.10	8662431	0.2
NC_000024.10	8663173	0.1
NC_000024.10	8664803	0.2222
NC_000024.10	8666938	0.1111
NC_000024.10	8669232	0.2222
NC_000024.10	8672804	0.1111
NC_000024.10	8673552	0.1111
NC_000024.10	8673790	0.1111
NC_000024.10	8675763	0.2222
NC_000024.10	8676695	0.1111
NC_000024.10	8679002	0.1111
NC_000024.10	8680532	0.1111
NC_000024.10	8682199	0.1111
NC_000024.10	8683084	0.1111
NC_000024.10	8683679	0.1111
NC_000024.10	8685380	0.1111
NC_000024.10	8688511	0.1111
NC_000024.10	8689673	0.1111
NC_000024.10	8691616	0.1111
NC_000024.10	8692604	0.1111
NC_000024.10	8698526	0.1111
NC_000024.10	8699713	0.1111
NC_000024.10	8700208	0.1111
NC_000024.10	8700397	0.1111
NC_000024.10	8700694	0.1111
NC_000024.10	8702296	0.1111
NC_000024.10	8703051	0.1111
NC_000024.10	8704109	0.1111
NC_000024.10	8704181	0.2222
NC_000024.10	8704703	0.1111
NC_000024.10	8708746	0.1111
NC_000024.10	8711998	0.1
NC_000024.10	8717163	0.1
NC_000024.10	8717443	0.1
NC_000024.10	8717660	0.1
NC_000024.10	8718072	0.1
NC_000024.10	8720579	0.1
NC_000024.10	8720990	0.2
NC_000024.10	8725082	0.1
NC_000024.10	8726029	0.2
NC_000024.10	8726812	0.1
NC_000024.10	8728244	0.2
NC_000024.10	8728358	0.2
NC_000024.10	8734118	0.1111
NC_000024.10	8734374	0.1111
NC_000024.10	8734944	0.1111
NC_000024.10	8741394	0.1111
NC_000024.10	8742778	0.1111
NC_000024.10	8743160	0.1111
NC_000024.10	8744123	0.1111
NC_000024.10	8744589	0.1111
NC_000024.10	8744846	0.1111
NC_000024.10	8744996	0.1111
NC_000024.10	8745240	0.1111
NC_000024.10	8746418	0.1111
NC_000024.10	8747120	0.2222
NC_000024.10	8747660	0.1111
NC_000024.10	8752836	0.1111
NC_000024.10	8752840	0.1111
NC_000024.10	8753000	0.1111
NC_000024.10	8755545	0.1111
NC_000024.10	8760547	0.2
NC_000024.10	8762524	0.2222
NC_000024.10	8763751	0.0909
NC_000024.10	8763834	0.0909
NC_000024.10	8765172	0.0909
NC_000024.10	8765218	0.2727
NC_000024.10	8766149	0.0909
NC_000024.10	8766381	0.0909
NC_000024.10	8766786	0.0909
NC_000024.10	8767252	0.0909
NC_000024.10	8767485	0.0909
NC_000024.10	8768008	0.1818
NC_000024.10	8768287	0.1818
NC_000024.10	8772204	0.0909
NC_000024.10	8772387	0.0909
NC_000024.10	8773411	0.1818
NC_000024.10	8776095	0.1111
NC_000024.10	8776177	0.2222
NC_000024.10	8776308	0.2222
NC_000024.10	8778324	0.1111
NC_000024.10	8780127	0.1111
NC_000024.10	8781993	0.1111
NC_000024.10	8782064	0.1111
NC_000024.10	8782596	0.1111
NC_000024.10	8790520	0.2222
NC_000024.10	8790996	0.2222
NC_000024.10	8791059	0.1111
NC_000024.10	8791394	0.1111
NC_000024.10	8792391	0.2222
NC_000024.10	8794101	0.2222
NC_000024.10	8795163	0.1111
NC_000024.10	8796568	0.1111
NC_000024.10	8800492	0.1111
NC_000024.10	8804711	0.1111
NC_000024.10	8805171	0.1111
NC_000024.10	8805184	0.1111
NC_000024.10	8805788	0.1111
NC_000024.10	8805789	0.2222
NC_000024.10	8805791	0.1111
NC_000024.10	8806234	0.1111
NC_000024.10	8806767	0.2222
NC_000024.10	8807749	0.1
NC_000024.10	8809275	0.1
NC_000024.10	8809690	0.1
NC_000024.10	8811009	0.1
NC_000024.10	8811202	0.1
NC_000024.10	8811887	0.1
NC_000024.10	8812620	0.1
NC_000024.10	8816997	0.1
NC_000024.10	8818983	0.1
NC_000024.10	8822438	0.1
NC_000024.10	8823234	0.2
NC_000024.10	8824730	0.1
NC_000024.10	8830043	0.2
NC_000024.10	8832409	0.1
NC_000024.10	8833389	0.1
NC_000024.10	8833961	0.2
NC_000024.10	8835011	0.1
NC_000024.10	8836530	0.1
NC_000024.10	8840586	0.1
NC_000024.10	8841189	0.1
NC_000024.10	8842354	0.1
NC_000024.10	8843232	0.1
NC_000024.10	8855022	0.1
NC_000024.10	8856201	0.1
NC_000024.10	8856223	0.2
NC_000024.10	8856245	0.1
NC_000024.10	8856267	0.2
NC_000024.10	8856289	0.1
NC_000024.10	8856311	0.3
NC_000024.10	8856343	0.2222
NC_000024.10	8858070	0.1111
NC_000024.10	8861471	0.1111
NC_000024.10	8862434	0.1111
NC_000024.10	8862623	0.1111
NC_000024.10	8864128	0.1111
NC_000024.10	8872634	0.1429
NC_000024.10	8872635	0.2857
NC_000024.10	8874115	0.1111
NC_000024.10	8875374	0.2222
NC_000024.10	8876907	0.1111
NC_000024.10	8878751	0.1111
NC_000024.10	8883037	0.1
NC_000024.10	8886695	0.1
NC_000024.10	8888413	0.1
NC_000024.10	8891284	0.1
NC_000024.10	8892249	0.1
NC_000024.10	8894463	0.1
NC_000024.10	8895660	0.1
NC_000024.10	8899006	0.1
NC_000024.10	8899066	0.1
NC_000024.10	8903709	0.1
NC_000024.10	8912221	0.1
NC_000024.10	8918349	0.1
NC_000024.10	8919124	0.1
NC_000024.10	8925878	0.2
NC_000024.10	8926288	0.1
NC_000024.10	8926410	0.2
NC_000024.10	8927194	0.2
NC_000024.10	8930560	0.2
NC_000024.10	8931074	0.1
NC_000024.10	8931202	0.1
NC_000024.10	8931802	0.1
NC_000024.10	8933521	0.1
NC_000024.10	8935814	0.1
NC_000024.10	8936223	0.1
NC_000024.10	8936373	0.1
NC_000024.10	8942734	0.1
NC_000024.10	8944362	0.1
NC_000024.10	8945915	0.1
NC_000024.10	8946833	0.1
NC_000024.10	8947966	0.1
NC_000024.10	8954433	0.1
NC_000024.10	8961139	0.2
NC_000024.10	8962073	0.2
NC_000024.10	8965470	0.1
NC_000024.10	8965510	0.2
NC_000024.10	8967111	0.1
NC_000024.10	8972818	0.2222
NC_000024.10	8973922	0.2222
NC_000024.10	8974468	0.1111
NC_000024.10	8976274	0.1111
NC_000024.10	8978912	0.1111
NC_000024.10	8981794	0.125
NC_000024.10	8983985	0.125
NC_000024.10	8984349	0.125
NC_000024.10	8987311	0.125
NC_000024.10	8987985	0.125
NC_000024.10	8988287	0.125
NC_000024.10	8988311	0.125
NC_000024.10	8990446	0.1
NC_000024.10	8990568	0.1
NC_000024.10	8993286	0.1111
NC_000024.10	8995022	0.1111
NC_000024.10	8998237	0.2222
NC_000024.10	8999448	0.1111
NC_000024.10	9001200	0.2
NC_000024.10	9005215	0.1818
NC_000024.10	9005828	0.1818
NC_000024.10	9007821	0.2727
NC_000024.10	9009440	0.2727
NC_000024.10	9010464	0.0909
NC_000024.10	9011434	0.1111
NC_000024.10	9012067	0.1111
NC_000024.10	9013457	0.2
NC_000024.10	9013490	0.1
NC_000024.10	9016408	0.1
NC_000024.10	9025455	0.0909
NC_000024.10	9027717	0.1818
NC_000024.10	9030750	0.2222
NC_000024.10	9033029	0.1111
NC_000024.10	9033031	0.1111
NC_000024.10	9033033	0.25
NC_000024.10	9034835	0.1
NC_000024.10	9039402	0.1
NC_000024.10	9040229	0.1
NC_000024.10	9057115	0.1
NC_000024.10	9108073	0.1
NC_000024.10	9109071	0.1
NC_000024.10	9110325	0.1
NC_000024.10	9116512	0.2
NC_000024.10	9117875	0.1
NC_000024.10	9223810	0.1111
NC_000024.10	9227073	0.1111
NC_000024.10	9227231	0.1111
NC_000024.10	9227994	0.1111
NC_000024.10	9229075	0.1111
NC_000024.10	9229697	0.1111
NC_000024.10	9233416	0.1111
NC_000024.10	9234151	0.1111
NC_000024.10	9234254	0.1111
NC_000024.10	9235868	0.1111
NC_000024.10	9238097	0.1111
NC_000024.10	9238596	0.1111
NC_000024.10	9238806	0.1111
NC_000024.10	9239924	0.1111
NC_000024.10	9241057	0.1111
NC_000024.10	9241226	0.1111
NC_000024.10	9245304	0.1111
NC_000024.10	9245427	0.1111
NC_000024.10	9246331	0.1111
NC_000024.10	9250416	0.1111
NC_000024.10	9251637	0.1111
NC_000024.10	9251643	0.1111
NC_000024.10	9253998	0.1111
NC_000024.10	9254262	0.1111
NC_000024.10	9256734	0.0909
NC_000024.10	9257224	0.1818
NC_000024.10	9257723	0.0909
NC_000024.10	9260338	0.0909
NC_000024.10	9266004	0.0909
NC_000024.10	9266763	0.0909
NC_000024.10	9269021	0.0909
NC_000024.10	9269672	0.0909
NC_000024.10	9270643	0.0909
NC_000024.10	9273528	0.0909
NC_000024.10	9277210	0.1667
NC_000024.10	9279366	0.0833
NC_000024.10	9279498	0.0833
NC_000024.10	9280476	0.0833
NC_000024.10	9282767	0.1667
NC_000024.10	9284240	0.0833
NC_000024.10	9285292	0.0833
NC_000024.10	9287375	0.0833
NC_000024.10	9290499	0.1667
NC_000024.10	9293046	0.0833
NC_000024.10	9293828	0.1667
NC_000024.10	9293956	0.0833
NC_000024.10	9295023	0.0833
NC_000024.10	9296960	0.0833
NC_000024.10	9298231	0.1667
NC_000024.10	9300962	0.0833
NC_000024.10	9302408	0.0833
NC_000024.10	9304700	0.0833
NC_000024.10	9306301	0.0833
NC_000024.10	9307959	0.0833
NC_000024.10	9308184	0.0833
NC_000024.10	9309311	0.1667
NC_000024.10	9309312	0.1667
NC_000024.10	9309609	0.25
NC_000024.10	9310280	0.1667
NC_000024.10	9311219	0.0909
NC_000024.10	9312674	0.1818
NC_000024.10	9315935	0.0909
NC_000024.10	9319184	0.0909
NC_000024.10	9320977	0.0909
NC_000024.10	9321360	0.0909
NC_000024.10	9322028	0.0909
NC_000024.10	9323286	0.0909
NC_000024.10	9323461	0.1818
NC_000024.10	9325496	0.0909
NC_000024.10	9333038	0.1
NC_000024.10	9333958	0.1111
NC_000024.10	9334063	0.1111
NC_000024.10	9334395	0.1111
NC_000024.10	9334539	0.1111
NC_000024.10	9334723	0.1111
NC_000024.10	9334999	0.1111
NC_000024.10	9335034	0.1111
NC_000024.10	9335072	0.1111
NC_000024.10	9335685	0.1111
NC_000024.10	9337959	0.1111
NC_000024.10	9338027	0.1111
NC_000024.10	9339079	0.1111
NC_000024.10	9339098	0.2222
NC_000024.10	9340474	0.1111
NC_000024.10	9340612	0.1111
NC_000024.10	9341793	0.1111
NC_000024.10	9341810	0.1111
NC_000024.10	9341812	0.1111
NC_000024.10	9341930	0.1111
NC_000024.10	9342165	0.1111
NC_000024.10	9342735	0.2222
NC_000024.10	9342758	0.1111
NC_000024.10	9343031	0.2222
NC_000024.10	9343407	0.2222
NC_000024.10	9345050	0.1111
NC_000024.10	9345173	0.1111
NC_000024.10	9345294	0.1111
NC_000024.10	9346317	0.1111
NC_000024.10	9347630	0.2222
NC_000024.10	9348291	0.1111
NC_000024.10	9348862	0.1111
NC_000024.10	9348924	0.1111
NC_000024.10	9350455	0.1111
NC_000024.10	9350724	0.1111
NC_000024.10	9352631	0.125
NC_000024.10	9354336	0.125
NC_000024.10	9355243	0.125
NC_000024.10	9355644	0.1429
NC_000024.10	9355742	0.125
NC_000024.10	9355774	0.125
NC_000024.10	9356099	0.375
NC_000024.10	9357870	0.125
NC_000024.10	9362129	0.5
NC_000024.10	9474531	0.3333
NC_000024.10	9482693	0.25
NC_000024.10	9483738	0.25
NC_000024.10	9483740	0.25
NC_000024.10	9498860	0.25
NC_000024.10	9499101	0.25
NC_000024.10	9500777	0.25
NC_000024.10	9508070	0.5
NC_000024.10	9532498	0.3333
NC_000024.10	9532553	0.3333
NC_000024.10	9532586	0.3333
NC_000024.10	9532591	0.3333
NC_000024.10	9532592	0.3333
NC_000024.10	9532614	0.3333
NC_000024.10	9532844	0.3333
NC_000024.10	9532920	0.3333
NC_000024.10	9533120	0.3333
NC_000024.10	9533886	0.1
NC_000024.10	9534285	0.1
NC_000024.10	9536355	0.1
NC_000024.10	9537346	0.1
NC_000024.10	9537613	0.1
NC_000024.10	9538806	0.1
NC_000024.10	9540647	0.2
NC_000024.10	9540676	0.1
NC_000024.10	9542089	0.1
NC_000024.10	9543316	0.1
NC_000024.10	9543953	0.1
NC_000024.10	9545109	0.1
NC_000024.10	9545938	0.2
NC_000024.10	9546048	0.2
NC_000024.10	9546351	0.2
NC_000024.10	9546513	0.2
NC_000024.10	9546538	0.3
NC_000024.10	9546546	0.3
NC_000024.10	9546547	0.3
NC_000024.10	9546549	0.2
NC_000024.10	9546592	0.1
NC_000024.10	9546598	0.1
NC_000024.10	9546646	0.2
NC_000024.10	9547216	0.2
NC_000024.10	9547349	0.1
NC_000024.10	9548644	0.1
NC_000024.10	9549879	0.1
NC_000024.10	9552164	0.1
NC_000024.10	9553440	0.1
NC_000024.10	9555670	0.1
NC_000024.10	9557154	0.1
NC_000024.10	9557933	0.1
NC_000024.10	9558315	0.1
NC_000024.10	9558893	0.1
NC_000024.10	9560485	0.1
NC_000024.10	9561874	0.1
NC_000024.10	9563134	0.1
NC_000024.10	9564333	0.1
NC_000024.10	9564899	0.3
NC_000024.10	9565573	0.1
NC_000024.10	9570867	0.1
NC_000024.10	9571655	0.1
NC_000024.10	9571669	0.1
NC_000024.10	9572591	0.1
NC_000024.10	9573144	0.1
NC_000024.10	9576773	0.1
NC_000024.10	9579151	0.1
NC_000024.10	9581237	0.1
NC_000024.10	9590019	0.1
NC_000024.10	9592480	0.1
NC_000024.10	9592890	0.1
NC_000024.10	9593748	0.1
NC_000024.10	9596196	0.1
NC_000024.10	9603958	0.1
NC_000024.10	9604309	0.1
NC_000024.10	9605245	0.1
NC_000024.10	9605798	0.1
NC_000024.10	9607310	0.1
NC_000024.10	9608497	0.1
NC_000024.10	9611016	0.1
NC_000024.10	9615952	0.125
NC_000024.10	9620001	0.125
NC_000024.10	9936802	0.1667
NC_000024.10	9936832	0.0833
NC_000024.10	9936833	0.0833
NC_000024.10	9937317	0.0833
NC_000024.10	9938765	0.1667
NC_000024.10	9939914	0.0833
NC_000024.10	9942083	0.0833
NC_000024.10	9942327	0.0833
NC_000024.10	9943670	0.1667
NC_000024.10	9944627	0.0833
NC_000024.10	9945244	0.0833
NC_000024.10	9945796	0.0833
NC_000024.10	9947574	0.0833
NC_000024.10	9948284	0.0833
NC_000024.10	9950101	0.0833
NC_000024.10	9950706	0.0833
NC_000024.10	9954930	0.1667
NC_000024.10	9958000	0.0833
NC_000024.10	9960182	0.0833
NC_000024.10	9966021	0.1
NC_000024.10	9967552	0.2
NC_000024.10	9967576	0.2
NC_000024.10	9968059	0.1
NC_000024.10	9972517	0.1
NC_000024.10	9973429	0.1
NC_000024.10	9973775	0.1
NC_000024.10	9974066	0.1
NC_000024.10	9979418	0.1
NC_000024.10	9982868	0.1
NC_000024.10	9985925	0.2
NC_000024.10	9987893	0.1
NC_000024.10	9989891	0.1
NC_000024.10	9990282	0.1
NC_000024.10	9992408	0.1
NC_000024.10	9994668	0.1
NC_000024.10	9994849	0.1
NC_000024.10	9994963	0.1
NC_000024.10	9994995	0.1
NC_000024.10	9994998	0.1
NC_000024.10	9995027	0.2
NC_000024.10	9995028	0.2
NC_000024.10	9995039	0.2
NC_000024.10	9995320	0.1
NC_000024.10	9999934	0.1
NC_000024.10	10000585	0.2
NC_000024.10	10002698	0.2
NC_000024.10	10002741	0.1
NC_000024.10	10002762	0.1
NC_000024.10	10004894	0.1
NC_000024.10	10005131	0.1
NC_000024.10	10005591	0.2
NC_000024.10	10007286	0.1
NC_000024.10	10010569	0.1
NC_000024.10	10012519	0.1
NC_000024.10	10012885	0.2
NC_000024.10	10012889	0.2
NC_000024.10	10012906	0.1
NC_000024.10	10012964	0.1
NC_000024.10	10012965	0.1
NC_000024.10	10012969	0.1
NC_000024.10	10012972	0.1
NC_000024.10	10013005	0.2
NC_000024.10	10013014	0.2
NC_000024.10	10013015	0.2
NC_000024.10	10013053	0.1
NC_000024.10	10013073	0.2
NC_000024.10	10013074	0.2
NC_000024.10	10013078	0.1
NC_000024.10	10013091	0.1
NC_000024.10	10013107	0.1
NC_000024.10	10013116	0.1
NC_000024.10	10013120	0.1
NC_000024.10	10013155	0.2
NC_000024.10	10013192	0.2
NC_000024.10	10013200	0.1
NC_000024.10	10013848	0.1
NC_000024.10	10014399	0.1
NC_000024.10	10014872	0.1
NC_000024.10	10018260	0.1
NC_000024.10	10019121	0.1
NC_000024.10	10020901	0.1
NC_000024.10	10021774	0.1
NC_000024.10	10021809	0.1
NC_000024.10	10027253	0.2
NC_000024.10	10028635	0.1
NC_000024.10	10029131	0.2
NC_000024.10	10031189	0.2
NC_000024.10	10031745	0.1
NC_000024.10	10031925	0.1
NC_000024.10	10032671	0.1
NC_000024.10	10032971	0.1
NC_000024.10	10035749	0.1
NC_000024.10	10038557	0.1
NC_000024.10	10047206	0.1
NC_000024.10	10048432	0.1
NC_000024.10	10049362	0.1
NC_000024.10	10050330	0.1
NC_000024.10	10050346	0.1
NC_000024.10	10051531	0.1
NC_000024.10	10054133	0.2
NC_000024.10	10057399	0.1
NC_000024.10	10063252	0.0833
NC_000024.10	10064174	0.0833
NC_000024.10	10064764	0.0833
NC_000024.10	10064820	0.0833
NC_000024.10	10065113	0.0833
NC_000024.10	10070462	0.1667
NC_000024.10	10072040	0.0833
NC_000024.10	10072319	0.0833
NC_000024.10	10072570	0.25
NC_000024.10	10072906	0.0833
NC_000024.10	10075986	0.1667
NC_000024.10	10076671	0.1667
NC_000024.10	10079138	0.0833
NC_000024.10	10080371	0.0833
NC_000024.10	10080503	0.0909
NC_000024.10	10080522	0.0909
NC_000024.10	10082889	0.0909
NC_000024.10	10084106	0.0909
NC_000024.10	10084824	0.0909
NC_000024.10	10084974	0.0909
NC_000024.10	10088352	0.0909
NC_000024.10	10088359	0.1818
NC_000024.10	10090251	0.0909
NC_000024.10	10093066	0.0909
NC_000024.10	10094344	0.0909
NC_000024.10	10094480	0.1818
NC_000024.10	10095167	0.0909
NC_000024.10	10095904	0.0909
NC_000024.10	10097581	0.0909
NC_000024.10	10098273	0.1818
NC_000024.10	10098915	0.0909
NC_000024.10	10100242	0.0909
NC_000024.10	10101403	0.0909
NC_000024.10	10101769	0.0909
NC_000024.10	10102339	0.1818
NC_000024.10	10103006	0.0909
NC_000024.10	10103378	0.0909
NC_000024.10	10104296	0.0909
NC_000024.10	10104543	0.0909
NC_000024.10	10104596	0.0909
NC_000024.10	10107300	0.0909
NC_000024.10	10108236	0.0909
NC_000024.10	10108371	0.0909
NC_000024.10	10108927	0.0909
NC_000024.10	10112449	0.1
NC_000024.10	10113180	0.1
NC_000024.10	10117428	0.1
NC_000024.10	10122060	0.1
NC_000024.10	10123110	0.1
NC_000024.10	10124301	0.1
NC_000024.10	10124669	0.1
NC_000024.10	10127253	0.1
NC_000024.10	10128084	0.1
NC_000024.10	10128432	0.1
NC_000024.10	10128879	0.1
NC_000024.10	10129150	0.1
NC_000024.10	11749886	0.125
NC_000024.10	11749887	0.125
NC_000024.10	11751380	0.125
NC_000024.10	11752678	0.125
NC_000024.10	11754600	0.125
NC_000024.10	11754651	0.125
NC_000024.10	11755061	0.125
NC_000024.10	11755238	0.125
NC_000024.10	11755239	0.125
NC_000024.10	11763106	0.125
NC_000024.10	11767718	0.125
NC_000024.10	11773188	0.125
NC_000024.10	11773529	0.125
NC_000024.10	11775160	0.125
NC_000024.10	11778334	0.125
NC_000024.10	11779022	0.125
NC_000024.10	11779183	0.125
NC_000024.10	11780489	0.125
NC_000024.10	11782201	0.125
NC_000024.10	11783225	0.125
NC_000024.10	11786102	0.125
NC_000024.10	11788119	0.125
NC_000024.10	11790475	0.125
NC_000024.10	11790669	0.125
NC_000024.10	11792763	0.125
NC_000024.10	11793061	0.125
NC_000024.10	11796494	0.125
NC_000024.10	11801476	0.125
NC_000024.10	11801824	0.125
NC_000024.10	11802849	0.1429
NC_000024.10	11802851	0.1429
NC_000024.10	11802853	0.2857
NC_000024.10	11802858	0.1429
NC_000024.10	11807336	0.125
NC_000024.10	11810255	0.125
NC_000024.10	11810936	0.125
NC_000024.10	11813438	0.125
NC_000024.10	11818308	0.125
NC_000024.10	11820188	0.125
NC_000024.10	11822401	0.125
NC_000024.10	11826594	0.125
NC_000024.10	11827832	0.125
NC_000024.10	11828638	0.125
NC_000024.10	11829008	0.125
NC_000024.10	11830879	0.125
NC_000024.10	11832146	0.125
NC_000024.10	11834559	0.125
NC_000024.10	11838672	0.125
NC_000024.10	11839880	0.125
NC_000024.10	11840551	0.125
NC_000024.10	11843779	0.125
NC_000024.10	11844701	0.125
NC_000024.10	11844867	0.125
NC_000024.10	11846110	0.125
NC_000024.10	11846798	0.125
NC_000024.10	11847672	0.125
NC_000024.10	11848454	0.125
NC_000024.10	11857365	0.0909
NC_000024.10	11859036	0.0909
NC_000024.10	11859282	0.0909
NC_000024.10	11859289	0.0909
NC_000024.10	11861146	0.0909
NC_000024.10	11861592	0.0909
NC_000024.10	11862351	0.0909
NC_000024.10	11862840	0.1
NC_000024.10	11863720	0.0909
NC_000024.10	11864148	0.0909
NC_000024.10	11864441	0.0909
NC_000024.10	11865602	0.0909
NC_000024.10	11868572	0.0909
NC_000024.10	11874601	0.0909
NC_000024.10	11875266	0.0909
NC_000024.10	11876129	0.0909
NC_000024.10	11876980	0.0909
NC_000024.10	11877264	0.0909
NC_000024.10	11877513	0.0909
NC_000024.10	11878400	0.1818
NC_000024.10	11880583	0.1818
NC_000024.10	11881210	0.0909
NC_000024.10	11881516	0.0909
NC_000024.10	11884962	0.0909
NC_000024.10	11885390	0.0909
NC_000024.10	11885416	0.0909
NC_000024.10	11886073	0.0909
NC_000024.10	11887697	0.0909
NC_000024.10	11889216	0.0909
NC_000024.10	11890937	0.0909
NC_000024.10	11891132	0.0909
NC_000024.10	11892522	0.1818
NC_000024.10	11893234	0.1818
NC_000024.10	11893737	0.0909
NC_000024.10	11894079	0.0909
NC_000024.10	11894604	0.0909
NC_000024.10	11895385	0.0909
NC_000024.10	11895509	0.0909
NC_000024.10	11895976	0.0909
NC_000024.10	11897306	0.0909
NC_000024.10	11897899	0.0909
NC_000024.10	11900394	0.0909
NC_000024.10	11902795	0.0909
NC_000024.10	11903555	0.1818
NC_000024.10	11905334	0.0909
NC_000024.10	11905661	0.1818
NC_000024.10	11908509	0.0909
NC_000024.10	11911185	0.0909
NC_000024.10	11911414	0.0909
NC_000024.10	11911566	0.0909
NC_000024.10	11913009	0.0909
NC_000024.10	11915035	0.0909
NC_000024.10	11915975	0.0909
NC_000024.10	11921117	0.0909
NC_000024.10	11921458	0.0909
NC_000024.10	11922829	0.0909
NC_000024.10	11923527	0.0909
NC_000024.10	11924121	0.0909
NC_000024.10	11926158	0.0909
NC_000024.10	11926912	0.0909
NC_000024.10	11928059	0.0909
NC_000024.10	11932091	0.1818
NC_000024.10	11934914	0.1818
NC_000024.10	11935481	0.0909
NC_000024.10	11936565	0.1818
NC_000024.10	11939602	0.0909
NC_000024.10	11941349	0.0909
NC_000024.10	11942494	0.1
NC_000024.10	11942499	0.1818
NC_000024.10	11944987	0.0909
NC_000024.10	11946269	0.0909
NC_000024.10	11948708	0.0909
NC_000024.10	11952367	0.0909
NC_000024.10	11952736	0.0909
NC_000024.10	11953757	0.0909
NC_000024.10	11954744	0.0909
NC_000024.10	11955159	0.0909
NC_000024.10	11955225	0.0909
NC_000024.10	11956947	0.0909
NC_000024.10	11957264	0.1818
NC_000024.10	11957291	0.1818
NC_000024.10	11957351	0.1818
NC_000024.10	11958822	0.0909
NC_000024.10	11961507	0.0909
NC_000024.10	11965356	0.0909
NC_000024.10	11966320	0.0909
NC_000024.10	11966794	0.0909
NC_000024.10	11966795	0.0909
NC_000024.10	11969223	0.0909
NC_000024.10	11969225	0.0909
NC_000024.10	11975277	0.0909
NC_000024.10	11975471	0.0909
NC_000024.10	11976084	0.0909
NC_000024.10	11976338	0.0909
NC_000024.10	11976501	0.0909
NC_000024.10	11979557	0.0909
NC_000024.10	11980651	0.0909
NC_000024.10	11981656	0.1
NC_000024.10	11982182	0.0909
NC_000024.10	11982219	0.0909
NC_000024.10	11982453	0.0909
NC_000024.10	11985419	0.0909
NC_000024.10	11986534	0.0909
NC_000024.10	11987508	0.0909
NC_000024.10	11988765	0.0909
NC_000024.10	11989666	0.0909
NC_000024.10	11990424	0.0909
NC_000024.10	11990852	0.1818
NC_000024.10	11991862	0.1818
NC_000024.10	11992346	0.0909
NC_000024.10	11992594	0.0909
NC_000024.10	11993056	0.0909
NC_000024.10	11993792	0.1818
NC_000024.10	11993933	0.0909
NC_000024.10	11993981	0.0909
NC_000024.10	11994044	0.0909
NC_000024.10	11994570	0.0909
NC_000024.10	11995624	0.0909
NC_000024.10	11996273	0.1818
NC_000024.10	11998235	0.0909
NC_000024.10	11998620	0.0909
NC_000024.10	12000117	0.0909
NC_000024.10	12000234	0.0909
NC_000024.10	12000541	0.0909
NC_000024.10	12000650	0.0909
NC_000024.10	12000833	0.0909
NC_000024.10	12001328	0.0909
NC_000024.10	12002665	0.0909
NC_000024.10	12003038	0.0909
NC_000024.10	12003729	0.0909
NC_000024.10	12004234	0.0909
NC_000024.10	12005726	0.0909
NC_000024.10	12006308	0.0909
NC_000024.10	12009173	0.0909
NC_000024.10	12010249	0.0909
NC_000024.10	12010672	0.0909
NC_000024.10	12010983	0.0909
NC_000024.10	12011446	0.1818
NC_000024.10	12011839	0.0909
NC_000024.10	12013048	0.0909
NC_000024.10	12013221	0.0909
NC_000024.10	12013471	0.0909
NC_000024.10	12013944	0.0909
NC_000024.10	12019571	0.0909
NC_000024.10	12021979	0.0909
NC_000024.10	12023976	0.0909
NC_000024.10	12024301	0.0909
NC_000024.10	12027164	0.0909
NC_000024.10	12027899	0.0909
NC_000024.10	12027920	0.1818
NC_000024.10	12028304	0.0909
NC_000024.10	12028814	0.0909
NC_000024.10	12029066	0.0909
NC_000024.10	12030127	0.0909
NC_000024.10	12030657	0.0909
NC_000024.10	12034010	0.0909
NC_000024.10	12034779	0.0909
NC_000024.10	12034874	0.0909
NC_000024.10	12035396	0.0909
NC_000024.10	12038814	0.0909
NC_000024.10	12039017	0.0909
NC_000024.10	12039043	0.0909
NC_000024.10	12039140	0.0909
NC_000024.10	12040603	0.0909
NC_000024.10	12041605	0.0909
NC_000024.10	12042543	0.0909
NC_000024.10	12043615	0.0909
NC_000024.10	12044369	0.0909
NC_000024.10	12046732	0.0909
NC_000024.10	12048003	0.0909
NC_000024.10	12048334	0.0909
NC_000024.10	12050959	0.0909
NC_000024.10	12051370	0.0909
NC_000024.10	12052136	0.0909
NC_000024.10	12053495	0.0909
NC_000024.10	12053577	0.0909
NC_000024.10	12055411	0.0909
NC_000024.10	12057752	0.0909
NC_000024.10	12060728	0.0909
NC_000024.10	12060940	0.0909
NC_000024.10	12061823	0.1818
NC_000024.10	12062296	0.0909
NC_000024.10	12062512	0.0909
NC_000024.10	12063949	0.0909
NC_000024.10	12064957	0.0909
NC_000024.10	12066495	0.0909
NC_000024.10	12067990	0.0909
NC_000024.10	12068466	0.0909
NC_000024.10	12068631	0.0909
NC_000024.10	12069688	0.0909
NC_000024.10	12075132	0.0909
NC_000024.10	12077161	0.0909
NC_000024.10	12078422	0.0909
NC_000024.10	12078578	0.0909
NC_000024.10	12078802	0.0909
NC_000024.10	12081520	0.0909
NC_000024.10	12082702	0.0909
NC_000024.10	12085477	0.0909
NC_000024.10	12086186	0.0909
NC_000024.10	12086382	0.0909
NC_000024.10	12086722	0.0909
NC_000024.10	12086870	0.0909
NC_000024.10	12087664	0.0909
NC_000024.10	12088314	0.0909
NC_000024.10	12088592	0.0909
NC_000024.10	12088872	0.0909
NC_000024.10	12089778	0.0909
NC_000024.10	12090649	0.0909
NC_000024.10	12093003	0.0909
NC_000024.10	12093021	0.1818
NC_000024.10	12093051	0.2727
NC_000024.10	12094702	0.1818
NC_000024.10	12098430	0.0909
NC_000024.10	12098434	0.0909
NC_000024.10	12099414	0.0909
NC_000024.10	12100579	0.1818
NC_000024.10	12102042	0.0909
NC_000024.10	12106076	0.0909
NC_000024.10	12106980	0.0909
NC_000024.10	12107920	0.0909
NC_000024.10	12108211	0.0909
NC_000024.10	12108217	0.0909
NC_000024.10	12110179	0.0909
NC_000024.10	12110535	0.1818
NC_000024.10	12116173	0.0909
NC_000024.10	12116964	0.0909
NC_000024.10	12121852	0.0909
NC_000024.10	12122394	0.0909
NC_000024.10	12123150	0.0909
NC_000024.10	12124231	0.0909
NC_000024.10	12124276	0.0909
NC_000024.10	12124505	0.1818
NC_000024.10	12125555	0.0909
NC_000024.10	12125984	0.0909
NC_000024.10	12127162	0.0909
NC_000024.10	12128025	0.0909
NC_000024.10	12128045	0.0909
NC_000024.10	12130199	0.0909
NC_000024.10	12130794	0.1818
NC_000024.10	12133651	0.0909
NC_000024.10	12134894	0.0909
NC_000024.10	12136446	0.1818
NC_000024.10	12136538	0.0909
NC_000024.10	12138308	0.0909
NC_000024.10	12139493	0.1818
NC_000024.10	12139529	0.0909
NC_000024.10	12140557	0.0909
NC_000024.10	12142565	0.0909
NC_000024.10	12143046	0.0909
NC_000024.10	12144970	0.0909
NC_000024.10	12145589	0.1818
NC_000024.10	12145590	0.1818
NC_000024.10	12146077	0.0909
NC_000024.10	12146380	0.0909
NC_000024.10	12147551	0.0909
NC_000024.10	12147785	0.0909
NC_000024.10	12147832	0.0909
NC_000024.10	12149006	0.0909
NC_000024.10	12152392	0.0909
NC_000024.10	12152655	0.0909
NC_000024.10	12152844	0.1818
NC_000024.10	12154495	0.0909
NC_000024.10	12155169	0.0909
NC_000024.10	12156760	0.1818
NC_000024.10	12159086	0.0909
NC_000024.10	12160029	0.0909
NC_000024.10	12160744	0.0909
NC_000024.10	12163067	0.0909
NC_000024.10	12163068	0.0909
NC_000024.10	12164098	0.0909
NC_000024.10	12164284	0.0909
NC_000024.10	12167240	0.0909
NC_000024.10	12168363	0.0909
NC_000024.10	12168824	0.0909
NC_000024.10	12170208	0.0909
NC_000024.10	12170986	0.0909
NC_000024.10	12172002	0.0909
NC_000024.10	12173314	0.0909
NC_000024.10	12173495	0.0909
NC_000024.10	12173798	0.0909
NC_000024.10	12175045	0.0909
NC_000024.10	12175790	0.0909
NC_000024.10	12176416	0.0909
NC_000024.10	12178958	0.0909
NC_000024.10	12179418	0.0909
NC_000024.10	12182031	0.0909
NC_000024.10	12184788	0.0909
NC_000024.10	12186732	0.0909
NC_000024.10	12187889	0.0909
NC_000024.10	12187942	0.0909
NC_000024.10	12188129	0.0909
NC_000024.10	12189240	0.0909
NC_000024.10	12190579	0.0909
NC_000024.10	12191297	0.0909
NC_000024.10	12191518	0.0909
NC_000024.10	12192778	0.0909
NC_000024.10	12194100	0.0909
NC_000024.10	12196406	0.0909
NC_000024.10	12196931	0.0909
NC_000024.10	12200228	0.0909
NC_000024.10	12204008	0.0909
NC_000024.10	12204690	0.0909
NC_000024.10	12205367	0.0909
NC_000024.10	12207919	0.0909
NC_000024.10	12208143	0.0909
NC_000024.10	12208527	0.0909
NC_000024.10	12209275	0.0909
NC_000024.10	12210985	0.0909
NC_000024.10	12211537	0.0909
NC_000024.10	12213691	0.0909
NC_000024.10	12215688	0.0909
NC_000024.10	12218811	0.0909
NC_000024.10	12223801	0.0909
NC_000024.10	12225949	0.1
NC_000024.10	12229528	0.0909
NC_000024.10	12230625	0.0909
NC_000024.10	12233179	0.0909
NC_000024.10	12236015	0.0909
NC_000024.10	12238530	0.0909
NC_000024.10	12238814	0.1818
NC_000024.10	12240125	0.0909
NC_000024.10	12242177	0.0909
NC_000024.10	12244897	0.0909
NC_000024.10	12246476	0.0909
NC_000024.10	12248699	0.1818
NC_000024.10	12248767	0.1818
NC_000024.10	12249887	0.0909
NC_000024.10	12252165	0.0909
NC_000024.10	12253724	0.0909
NC_000024.10	12254407	0.0909
NC_000024.10	12256375	0.0909
NC_000024.10	12258502	0.1818
NC_000024.10	12261102	0.1818
NC_000024.10	12261325	0.1818
NC_000024.10	12261509	0.0909
NC_000024.10	12261812	0.0909
NC_000024.10	12263386	0.0909
NC_000024.10	12263908	0.0909
NC_000024.10	12264555	0.0909
NC_000024.10	12265962	0.0909
NC_000024.10	12267313	0.1818
NC_000024.10	12267960	0.0909
NC_000024.10	12268899	0.1818
NC_000024.10	12270427	0.0909
NC_000024.10	12271656	0.0909
NC_000024.10	12272032	0.0909
NC_000024.10	12272092	0.0909
NC_000024.10	12272466	0.0909
NC_000024.10	12273636	0.0909
NC_000024.10	12274073	0.0909
NC_000024.10	12275075	0.0909
NC_000024.10	12276004	0.0909
NC_000024.10	12277382	0.0909
NC_000024.10	12279352	0.0909
NC_000024.10	12280466	0.0909
NC_000024.10	12285073	0.0909
NC_000024.10	12285299	0.0909
NC_000024.10	12285500	0.0909
NC_000024.10	12285736	0.0909
NC_000024.10	12286319	0.0909
NC_000024.10	12286429	0.1818
NC_000024.10	12286484	0.1818
NC_000024.10	12286633	0.0909
NC_000024.10	12291493	0.0909
NC_000024.10	12294872	0.0909
NC_000024.10	12297493	0.1818
NC_000024.10	12297533	0.0909
NC_000024.10	12297867	0.0909
NC_000024.10	12298460	0.0909
NC_000024.10	12299537	0.0909
NC_000024.10	12299585	0.0909
NC_000024.10	12299604	0.0909
NC_000024.10	12301905	0.0909
NC_000024.10	12302727	0.0909
NC_000024.10	12306918	0.0909
NC_000024.10	12308500	0.0909
NC_000024.10	12310712	0.0909
NC_000024.10	12313519	0.0909
NC_000024.10	12313645	0.0909
NC_000024.10	12313658	0.0909
NC_000024.10	12315950	0.1818
NC_000024.10	12316197	0.1818
NC_000024.10	12318315	0.0909
NC_000024.10	12319090	0.1818
NC_000024.10	12320040	0.0909
NC_000024.10	12320329	0.0909
NC_000024.10	12322513	0.0909
NC_000024.10	12322523	0.0909
NC_000024.10	12322526	0.0909
NC_000024.10	12323288	0.0909
NC_000024.10	12324863	0.0909
NC_000024.10	12325837	0.0909
NC_000024.10	12326526	0.0909
NC_000024.10	12327377	0.0909
NC_000024.10	12327678	0.0909
NC_000024.10	12330397	0.0909
NC_000024.10	12331515	0.0909
NC_000024.10	12336063	0.0909
NC_000024.10	12337698	0.0909
NC_000024.10	12339964	0.0909
NC_000024.10	12340975	0.0833
NC_000024.10	12345875	0.0833
NC_000024.10	12346910	0.0833
NC_000024.10	12348265	0.0833
NC_000024.10	12348641	0.0833
NC_000024.10	12350050	0.0833
NC_000024.10	12352183	0.1667
NC_000024.10	12352240	0.1667
NC_000024.10	12352305	0.0833
NC_000024.10	12352682	0.0833
NC_000024.10	12353628	0.0833
NC_000024.10	12356551	0.0833
NC_000024.10	12364166	0.1667
NC_000024.10	12365294	0.0909
NC_000024.10	12375369	0.0909
NC_000024.10	12377211	0.0909
NC_000024.10	12377217	0.0909
NC_000024.10	12377232	0.1818
NC_000024.10	12377234	0.2727
NC_000024.10	12377437	0.0909
NC_000024.10	12379259	0.0909
NC_000024.10	12381870	0.0909
NC_000024.10	12384234	0.0909
NC_000024.10	12385264	0.0909
NC_000024.10	12385412	0.0909
NC_000024.10	12385579	0.1818
NC_000024.10	12387178	0.0909
NC_000024.10	12388305	0.0909
NC_000024.10	12390464	0.1818
NC_000024.10	12396597	0.0909
NC_000024.10	12397585	0.0909
NC_000024.10	12399393	0.0909
NC_000024.10	12401834	0.0909
NC_000024.10	12404789	0.0833
NC_000024.10	12404982	0.0833
NC_000024.10	12407761	0.0833
NC_000024.10	12408079	0.0833
NC_000024.10	12408666	0.0833
NC_000024.10	12409659	0.0833
NC_000024.10	12411592	0.0833
NC_000024.10	12413849	0.0833
NC_000024.10	12414135	0.0833
NC_000024.10	12423585	0.0833
NC_000024.10	12427901	0.0833
NC_000024.10	12429375	0.0833
NC_000024.10	12429961	0.0833
NC_000024.10	12432331	0.0833
NC_000024.10	12433306	0.0833
NC_000024.10	12438936	0.0833
NC_000024.10	12439694	0.0833
NC_000024.10	12446180	0.0833
NC_000024.10	12450522	0.1
NC_000024.10	12451314	0.0833
NC_000024.10	12453510	0.1667
NC_000024.10	12461317	0.0833
NC_000024.10	12465244	0.0833
NC_000024.10	12466726	0.0833
NC_000024.10	12467126	0.0833
NC_000024.10	12469211	0.0833
NC_000024.10	12474119	0.1667
NC_000024.10	12475858	0.0833
NC_000024.10	12476572	0.1667
NC_000024.10	12477383	0.0833
NC_000024.10	12483879	0.0833
NC_000024.10	12484072	0.0833
NC_000024.10	12486876	0.0833
NC_000024.10	12490108	0.0833
NC_000024.10	12491080	0.0833
NC_000024.10	12491500	0.25
NC_000024.10	12493960	0.0833
NC_000024.10	12497924	0.0833
NC_000024.10	12498651	0.0833
NC_000024.10	12499560	0.0833
NC_000024.10	12500272	0.0833
NC_000024.10	12500592	0.0833
NC_000024.10	12501703	0.0833
NC_000024.10	12502719	0.0833
NC_000024.10	12503580	0.1667
NC_000024.10	12504661	0.0833
NC_000024.10	12506541	0.0833
NC_000024.10	12507726	0.0833
NC_000024.10	12510083	0.0833
NC_000024.10	12511517	0.0833
NC_000024.10	12512452	0.1667
NC_000024.10	12512858	0.0833
NC_000024.10	12519354	0.0833
NC_000024.10	12521490	0.0833
NC_000024.10	12523339	0.0833
NC_000024.10	12523714	0.0833
NC_000024.10	12524155	0.0833
NC_000024.10	12524599	0.0833
NC_000024.10	12528916	0.0833
NC_000024.10	12535219	0.0833
NC_000024.10	12549989	0.1667
NC_000024.10	12551419	0.0833
NC_000024.10	12552697	0.0833
NC_000024.10	12554411	0.0833
NC_000024.10	12554972	0.0833
NC_000024.10	12556953	0.0833
NC_000024.10	12557307	0.0909
NC_000024.10	12560057	0.0909
NC_000024.10	12563913	0.0909
NC_000024.10	12564693	0.0909
NC_000024.10	12565917	0.0909
NC_000024.10	12568767	0.1818
NC_000024.10	12571516	0.0909
NC_000024.10	12571620	0.0909
NC_000024.10	12573906	0.0909
NC_000024.10	12574024	0.0909
NC_000024.10	12575961	0.0909
NC_000024.10	12576008	0.0909
NC_000024.10	12580170	0.0909
NC_000024.10	12580201	0.0909
NC_000024.10	12582079	0.0909
NC_000024.10	12586704	0.0909
NC_000024.10	12591345	0.0909
NC_000024.10	12592272	0.0909
NC_000024.10	12597365	0.0833
NC_000024.10	12598332	0.0833
NC_000024.10	12598336	0.1667
NC_000024.10	12598605	0.0833
NC_000024.10	12601757	0.0833
NC_000024.10	12601940	0.0833
NC_000024.10	12604028	0.1667
NC_000024.10	12604764	0.0833
NC_000024.10	12605092	0.0833
NC_000024.10	12605620	0.25
NC_000024.10	12605891	0.0833
NC_000024.10	12606468	0.0833
NC_000024.10	12608870	0.0833
NC_000024.10	12611866	0.0833
NC_000024.10	12612449	0.0833
NC_000024.10	12612706	0.0833
NC_000024.10	12614402	0.0833
NC_000024.10	12614983	0.1667
NC_000024.10	12622962	0.0833
NC_000024.10	12624741	0.0833
NC_000024.10	12625625	0.0833
NC_000024.10	12630441	0.0833
NC_000024.10	12631833	0.0833
NC_000024.10	12643949	0.0833
NC_000024.10	12646496	0.0833
NC_000024.10	12650173	0.0833
NC_000024.10	12652538	0.0833
NC_000024.10	12656507	0.0833
NC_000024.10	12656748	0.0833
NC_000024.10	12658531	0.0833
NC_000024.10	12662409	0.0833
NC_000024.10	12662435	0.0833
NC_000024.10	12663173	0.1667
NC_000024.10	12665204	0.0833
NC_000024.10	12665429	0.0833
NC_000024.10	12666167	0.0833
NC_000024.10	12668487	0.0833
NC_000024.10	12673640	0.0833
NC_000024.10	12675066	0.0833
NC_000024.10	12675862	0.0833
NC_000024.10	12675898	0.1667
NC_000024.10	12680489	0.0833
NC_000024.10	12681498	0.0833
NC_000024.10	12682104	0.0833
NC_000024.10	12682707	0.0833
NC_000024.10	12685476	0.0833
NC_000024.10	12688350	0.0833
NC_000024.10	12689142	0.0833
NC_000024.10	12692148	0.1667
NC_000024.10	12694433	0.0833
NC_000024.10	12698581	0.0833
NC_000024.10	12699545	0.0833
NC_000024.10	12702062	0.0833
NC_000024.10	12702961	0.0833
NC_000024.10	12705610	0.0833
NC_000024.10	12707654	0.0833
NC_000024.10	12708450	0.0833
NC_000024.10	12708855	0.0833
NC_000024.10	12709915	0.0833
NC_000024.10	12712447	0.1667
NC_000024.10	12713544	0.0833
NC_000024.10	12713786	0.1667
NC_000024.10	12713980	0.0833
NC_000024.10	12714927	0.0833
NC_000024.10	12720687	0.0833
NC_000024.10	12724519	0.0833
NC_000024.10	12727443	0.0833
NC_000024.10	12727853	0.1667
NC_000024.10	12728180	0.0833
NC_000024.10	12729212	0.0833
NC_000024.10	12730290	0.0833
NC_000024.10	12732862	0.0833
NC_000024.10	12733156	0.0833
NC_000024.10	12733442	0.0833
NC_000024.10	12734770	0.0833
NC_000024.10	12738645	0.0833
NC_000024.10	12738798	0.0833
NC_000024.10	12739620	0.0833
NC_000024.10	12744011	0.0833
NC_000024.10	12746236	0.0833
NC_000024.10	12750568	0.0833
NC_000024.10	12751009	0.0833
NC_000024.10	12751573	0.0833
NC_000024.10	12752278	0.0833
NC_000024.10	12753543	0.1667
NC_000024.10	12755509	0.1667
NC_000024.10	12757146	0.1667
NC_000024.10	12757417	0.0833
NC_000024.10	12758304	0.1667
NC_000024.10	12759234	0.0833
NC_000024.10	12761510	0.0833
NC_000024.10	12763969	0.0833
NC_000024.10	12765077	0.0833
NC_000024.10	12765530	0.0833
NC_000024.10	12767362	0.0833
NC_000024.10	12769271	0.0833
NC_000024.10	12773434	0.25
NC_000024.10	12774339	0.0833
NC_000024.10	12778908	0.0833
NC_000024.10	12781959	0.0833
NC_000024.10	12788458	0.1667
NC_000024.10	12792478	0.0833
NC_000024.10	12793214	0.0833
NC_000024.10	12794081	0.0833
NC_000024.10	12798893	0.0833
NC_000024.10	12805727	0.0833
NC_000024.10	12810648	0.0833
NC_000024.10	12812708	0.1667
NC_000024.10	12813103	0.1667
NC_000024.10	12814514	0.1667
NC_000024.10	12817213	0.1667
NC_000024.10	12823751	0.0833
NC_000024.10	12824535	0.25
NC_000024.10	12825969	0.0833
NC_000024.10	12827816	0.0833
NC_000024.10	12830063	0.0833
NC_000024.10	12830663	0.1667
NC_000024.10	12831364	0.0833
NC_000024.10	12832160	0.0833
NC_000024.10	12837598	0.0833
NC_000024.10	12842121	0.1667
NC_000024.10	12842766	0.0833
NC_000024.10	12844900	0.0833
NC_000024.10	12848432	0.0833
NC_000024.10	12848499	0.0833
NC_000024.10	12853828	0.0833
NC_000024.10	12855767	0.0833
NC_000024.10	12860742	0.0833
NC_000024.10	12865157	0.0833
NC_000024.10	12868246	0.0833
NC_000024.10	12871174	0.0833
NC_000024.10	12871676	0.0833
NC_000024.10	12879106	0.1667
NC_000024.10	12879414	0.0833
NC_000024.10	12880672	0.0833
NC_000024.10	12880709	0.0833
NC_000024.10	12884088	0.0833
NC_000024.10	12885045	0.0833
NC_000024.10	12885994	0.1667
NC_000024.10	12888223	0.0833
NC_000024.10	12888538	0.0833
NC_000024.10	12891811	0.0833
NC_000024.10	12896512	0.0833
NC_000024.10	12900006	0.0833
NC_000024.10	12902063	0.0833
NC_000024.10	12904124	0.0833
NC_000024.10	12905594	0.0833
NC_000024.10	12907181	0.0833
NC_000024.10	12908667	0.0833
NC_000024.10	12909193	0.0833
NC_000024.10	12909219	0.0833
NC_000024.10	12909611	0.0833
NC_000024.10	12910459	0.0833
NC_000024.10	12910554	0.0833
NC_000024.10	12914721	0.0833
NC_000024.10	12915951	0.0833
NC_000024.10	12916264	0.1667
NC_000024.10	12920983	0.0833
NC_000024.10	12928613	0.0833
NC_000024.10	12929251	0.0833
NC_000024.10	12929372	0.0833
NC_000024.10	12931912	0.0909
NC_000024.10	12932239	0.1818
NC_000024.10	12935600	0.0909
NC_000024.10	12936793	0.0833
NC_000024.10	12937901	0.0833
NC_000024.10	12937908	0.0833
NC_000024.10	12939175	0.0833
NC_000024.10	12940201	0.0833
NC_000024.10	12940433	0.0833
NC_000024.10	12941638	0.0833
NC_000024.10	12941767	0.0833
NC_000024.10	12942316	0.25
NC_000024.10	12946027	0.0833
NC_000024.10	12946347	0.0833
NC_000024.10	12948117	0.0833
NC_000024.10	12950480	0.1667
NC_000024.10	12951790	0.0833
NC_000024.10	12951886	0.0833
NC_000024.10	12952811	0.0833
NC_000024.10	12952825	0.1667
NC_000024.10	12955189	0.0833
NC_000024.10	12956616	0.0833
NC_000024.10	12962318	0.0833
NC_000024.10	12965341	0.0833
NC_000024.10	12966420	0.0833
NC_000024.10	12968394	0.0833
NC_000024.10	12971904	0.1667
NC_000024.10	12973075	0.0833
NC_000024.10	12973616	0.0833
NC_000024.10	12976145	0.0833
NC_000024.10	12977469	0.0833
NC_000024.10	12983177	0.1667
NC_000024.10	12983184	0.0833
NC_000024.10	12983433	0.0833
NC_000024.10	12984124	0.0833
NC_000024.10	12985131	0.0833
NC_000024.10	12985161	0.1667
NC_000024.10	12986238	0.0833
NC_000024.10	12986514	0.1667
NC_000024.10	12987382	0.1667
NC_000024.10	12988044	0.1667
NC_000024.10	12990041	0.1667
NC_000024.10	12990045	0.0833
NC_000024.10	12990051	0.0833
NC_000024.10	12990052	0.0833
NC_000024.10	12990253	0.0833
NC_000024.10	12991170	0.1667
NC_000024.10	12994438	0.0833
NC_000024.10	12995860	0.1667
NC_000024.10	12997551	0.1667
NC_000024.10	12999957	0.0833
NC_000024.10	13000567	0.1667
NC_000024.10	13001625	0.0833
NC_000024.10	13003701	0.0833
NC_000024.10	13006919	0.1667
NC_000024.10	13007029	0.0833
NC_000024.10	13012432	0.0833
NC_000024.10	13018746	0.0833
NC_000024.10	13020281	0.0833
NC_000024.10	13023407	0.0833
NC_000024.10	13025951	0.0833
NC_000024.10	13027051	0.0833
NC_000024.10	13027270	0.0833
NC_000024.10	13029044	0.0833
NC_000024.10	13029239	0.0833
NC_000024.10	13032858	0.0833
NC_000024.10	13033772	0.0833
NC_000024.10	13035419	0.0833
NC_000024.10	13035421	0.0833
NC_000024.10	13037393	0.0833
NC_000024.10	13038385	0.1667
NC_000024.10	13038947	0.0833
NC_000024.10	13039088	0.0833
NC_000024.10	13040191	0.0833
NC_000024.10	13042111	0.0833
NC_000024.10	13044586	0.0833
NC_000024.10	13052477	0.1667
NC_000024.10	13054611	0.0833
NC_000024.10	13060278	0.0833
NC_000024.10	13064943	0.0833
NC_000024.10	13066211	0.0833
NC_000024.10	13066236	0.0833
NC_000024.10	13067704	0.0833
NC_000024.10	13068112	0.0833
NC_000024.10	13071232	0.0833
NC_000024.10	13074922	0.0833
NC_000024.10	13091762	0.0909
NC_000024.10	13094106	0.0909
NC_000024.10	13095471	0.0909
NC_000024.10	13095972	0.1818
NC_000024.10	13096643	0.0909
NC_000024.10	13099376	0.0909
NC_000024.10	13099377	0.1818
NC_000024.10	13099413	0.0909
NC_000024.10	13099478	0.0909
NC_000024.10	13100810	0.0909
NC_000024.10	13105450	0.0909
NC_000024.10	13106878	0.0909
NC_000024.10	13107208	0.0909
NC_000024.10	13107295	0.1818
NC_000024.10	13107868	0.0909
NC_000024.10	13108924	0.0909
NC_000024.10	13111172	0.0909
NC_000024.10	13113606	0.1818
NC_000024.10	13113637	0.2727
NC_000024.10	13113677	0.1818
NC_000024.10	13113739	0.0909
NC_000024.10	13113760	0.0909
NC_000024.10	13113951	0.0909
NC_000024.10	13113978	0.1818
NC_000024.10	13113998	0.1818
NC_000024.10	13114000	0.1818
NC_000024.10	13114336	0.1
NC_000024.10	13114541	0.1818
NC_000024.10	13115352	0.0909
NC_000024.10	13117987	0.2
NC_000024.10	13121187	0.0909
NC_000024.10	13122916	0.1818
NC_000024.10	13125320	0.0909
NC_000024.10	13126597	0.0909
NC_000024.10	13131026	0.0909
NC_000024.10	13131206	0.0909
NC_000024.10	13131888	0.1818
NC_000024.10	13131911	0.0909
NC_000024.10	13133866	0.0909
NC_000024.10	13133918	0.1818
NC_000024.10	13134649	0.0909
NC_000024.10	13135874	0.1818
NC_000024.10	13135972	0.0909
NC_000024.10	13136222	0.0909
NC_000024.10	13137169	0.0909
NC_000024.10	13144923	0.0909
NC_000024.10	13145087	0.0909
NC_000024.10	13146667	0.0909
NC_000024.10	13146902	0.0909
NC_000024.10	13147819	0.0909
NC_000024.10	13148659	0.0909
NC_000024.10	13149339	0.1818
NC_000024.10	13155971	0.0909
NC_000024.10	13160083	0.1818
NC_000024.10	13160415	0.0909
NC_000024.10	13166218	0.1818
NC_000024.10	13166860	0.1818
NC_000024.10	13166880	0.0909
NC_000024.10	13166890	0.0909
NC_000024.10	13166900	0.0909
NC_000024.10	13166915	0.2
NC_000024.10	13166940	0.0909
NC_000024.10	13167963	0.0909
NC_000024.10	13169234	0.0909
NC_000024.10	13169790	0.0909
NC_000024.10	13174561	0.1818
NC_000024.10	13177965	0.0909
NC_000024.10	13180402	0.1818
NC_000024.10	13181976	0.0909
NC_000024.10	13184043	0.0909
NC_000024.10	13184141	0.0909
NC_000024.10	13184224	0.1818
NC_000024.10	13184402	0.0909
NC_000024.10	13185794	0.0909
NC_000024.10	13187834	0.0833
NC_000024.10	13192752	0.0833
NC_000024.10	13194691	0.1667
NC_000024.10	13195117	0.0833
NC_000024.10	13195194	0.0833
NC_000024.10	13197308	0.0833
NC_000024.10	13197494	0.0833
NC_000024.10	13200125	0.0833
NC_000024.10	13202030	0.0833
NC_000024.10	13207527	0.0833
NC_000024.10	13208958	0.0833
NC_000024.10	13209446	0.2727
NC_000024.10	13209451	0.0833
NC_000024.10	13209994	0.0833
NC_000024.10	13211272	0.0833
NC_000024.10	13211575	0.25
NC_000024.10	13215380	0.0833
NC_000024.10	13216341	0.0833
NC_000024.10	13216696	0.1667
NC_000024.10	13216830	0.0833
NC_000024.10	13217466	0.0833
NC_000024.10	13218118	0.0833
NC_000024.10	13220585	0.0833
NC_000024.10	13223303	0.0833
NC_000024.10	13224193	0.0833
NC_000024.10	13226557	0.0833
NC_000024.10	13226740	0.0833
NC_000024.10	13227168	0.1667
NC_000024.10	13232835	0.0833
NC_000024.10	13233106	0.0833
NC_000024.10	13235132	0.0833
NC_000024.10	13237459	0.0833
NC_000024.10	13237949	0.0833
NC_000024.10	13242658	0.0833
NC_000024.10	13243020	0.1667
NC_000024.10	13244092	0.0833
NC_000024.10	13244814	0.0833
NC_000024.10	13244912	0.0833
NC_000024.10	13247834	0.0833
NC_000024.10	13254027	0.1667
NC_000024.10	13257824	0.1667
NC_000024.10	13264560	0.1667
NC_000024.10	13265542	0.0833
NC_000024.10	13266731	0.0833
NC_000024.10	13269907	0.0833
NC_000024.10	13270341	0.0833
NC_000024.10	13270444	0.0833
NC_000024.10	13271964	0.1667
NC_000024.10	13274790	0.0833
NC_000024.10	13279425	0.0833
NC_000024.10	13280053	0.0909
NC_000024.10	13282515	0.1667
NC_000024.10	13282762	0.0833
NC_000024.10	13295724	0.0833
NC_000024.10	13296302	0.0833
NC_000024.10	13297126	0.0833
NC_000024.10	13297394	0.0833
NC_000024.10	13300967	0.0833
NC_000024.10	13307659	0.1667
NC_000024.10	13309191	0.1667
NC_000024.10	13309362	0.0833
NC_000024.10	13309549	0.0833
NC_000024.10	13310148	0.0833
NC_000024.10	13311082	0.1667
NC_000024.10	13311264	0.0833
NC_000024.10	13311425	0.0833
NC_000024.10	13311710	0.0833
NC_000024.10	13312458	0.0833
NC_000024.10	13314368	0.0833
NC_000024.10	13317423	0.0833
NC_000024.10	13323000	0.0833
NC_000024.10	13323171	0.1667
NC_000024.10	13324926	0.0833
NC_000024.10	13325272	0.0833
NC_000024.10	13325684	0.0833
NC_000024.10	13326007	0.0833
NC_000024.10	13327690	0.0833
NC_000024.10	13328246	0.0833
NC_000024.10	13328425	0.0833
NC_000024.10	13331090	0.0833
NC_000024.10	13331573	0.0833
NC_000024.10	13333885	0.0833
NC_000024.10	13337857	0.1667
NC_000024.10	13338477	0.0833
NC_000024.10	13339267	0.0833
NC_000024.10	13344869	0.0833
NC_000024.10	13347625	0.0833
NC_000024.10	13349681	0.0833
NC_000024.10	13350392	0.1667
NC_000024.10	13351180	0.0833
NC_000024.10	13352318	0.25
NC_000024.10	13355944	0.0833
NC_000024.10	13357844	0.1667
NC_000024.10	13357904	0.0833
NC_000024.10	13360045	0.0833
NC_000024.10	13360706	0.0833
NC_000024.10	13365425	0.1667
NC_000024.10	13365720	0.0833
NC_000024.10	13365868	0.0833
NC_000024.10	13369054	0.1667
NC_000024.10	13374890	0.0833
NC_000024.10	13377434	0.1667
NC_000024.10	13377588	0.0833
NC_000024.10	13380024	0.0833
NC_000024.10	13380027	0.0833
NC_000024.10	13380028	0.0833
NC_000024.10	13380029	0.1667
NC_000024.10	13380057	0.1667
NC_000024.10	13380059	0.1667
NC_000024.10	13380061	0.1667
NC_000024.10	13380098	0.1667
NC_000024.10	13383438	0.0833
NC_000024.10	13384882	0.0833
NC_000024.10	13385964	0.0833
NC_000024.10	13387095	0.0833
NC_000024.10	13387348	0.0833
NC_000024.10	13387761	0.0833
NC_000024.10	13388035	0.0833
NC_000024.10	13392102	0.0833
NC_000024.10	13398016	0.0833
NC_000024.10	13399598	0.0833
NC_000024.10	13399771	0.0833
NC_000024.10	13402672	0.0833
NC_000024.10	13406055	0.0833
NC_000024.10	13406074	0.0833
NC_000024.10	13406603	0.0833
NC_000024.10	13413870	0.1667
NC_000024.10	13414871	0.1667
NC_000024.10	13417361	0.1667
NC_000024.10	13417573	0.0833
NC_000024.10	13418038	0.1667
NC_000024.10	13418818	0.1667
NC_000024.10	13420709	0.0833
NC_000024.10	13422647	0.0833
NC_000024.10	13424364	0.0833
NC_000024.10	13429246	0.0833
NC_000024.10	13430726	0.0833
NC_000024.10	13431995	0.0833
NC_000024.10	13433857	0.0833
NC_000024.10	13434724	0.0833
NC_000024.10	13441243	0.1667
NC_000024.10	13446615	0.0833
NC_000024.10	13446881	0.0833
NC_000024.10	13447029	0.0833
NC_000024.10	13448403	0.0833
NC_000024.10	13450336	0.0833
NC_000024.10	13457820	0.0833
NC_000024.10	13458086	0.0833
NC_000024.10	13459233	0.1667
NC_000024.10	13463463	0.1667
NC_000024.10	13464895	0.0833
NC_000024.10	13465841	0.0833
NC_000024.10	13466521	0.0833
NC_000024.10	13469384	0.1667
NC_000024.10	13470729	0.0833
NC_000024.10	13471570	0.0833
NC_000024.10	13475427	0.0833
NC_000024.10	13478794	0.0833
NC_000024.10	13479657	0.0833
NC_000024.10	13482058	0.0833
NC_000024.10	13487492	0.1667
NC_000024.10	13488175	0.0833
NC_000024.10	13488214	0.0833
NC_000024.10	13491731	0.0833
NC_000024.10	13494126	0.0833
NC_000024.10	13499921	0.0833
NC_000024.10	13502415	0.0833
NC_000024.10	13503045	0.0833
NC_000024.10	13503757	0.0833
NC_000024.10	13505116	0.0833
NC_000024.10	13505854	0.0833
NC_000024.10	13508728	0.0833
NC_000024.10	13509392	0.0833
NC_000024.10	13510437	0.0833
NC_000024.10	13510509	0.0833
NC_000024.10	13510730	0.0833
NC_000024.10	13511758	0.0833
NC_000024.10	13515057	0.0833
NC_000024.10	13516002	0.0833
NC_000024.10	13516841	0.1667
NC_000024.10	13517096	0.0833
NC_000024.10	13517746	0.0833
NC_000024.10	13522157	0.0833
NC_000024.10	13522572	0.0833
NC_000024.10	13525396	0.0833
NC_000024.10	13525673	0.1667
NC_000024.10	13526855	0.1667
NC_000024.10	13527158	0.0833
NC_000024.10	13527219	0.0833
NC_000024.10	13527573	0.0833
NC_000024.10	13528309	0.0833
NC_000024.10	13528420	0.0833
NC_000024.10	13529632	0.0833
NC_000024.10	13529667	0.0833
NC_000024.10	13529974	0.1667
NC_000024.10	13530056	0.0833
NC_000024.10	13533521	0.0833
NC_000024.10	13535655	0.0833
NC_000024.10	13535803	0.0833
NC_000024.10	13537362	0.1667
NC_000024.10	13539558	0.0833
NC_000024.10	13539779	0.0833
NC_000024.10	13543103	0.0833
NC_000024.10	13544635	0.0833
NC_000024.10	13544644	0.1667
NC_000024.10	13546249	0.0833
NC_000024.10	13546319	0.0833
NC_000024.10	13546416	0.0833
NC_000024.10	13550753	0.1667
NC_000024.10	13551114	0.1667
NC_000024.10	13554306	0.0833
NC_000024.10	13555355	0.1667
NC_000024.10	13557217	0.0833
NC_000024.10	13558809	0.0833
NC_000024.10	13559843	0.0833
NC_000024.10	13560195	0.0833
NC_000024.10	13562825	0.0833
NC_000024.10	13562998	0.1667
NC_000024.10	13563989	0.0833
NC_000024.10	13564298	0.0833
NC_000024.10	13565536	0.0833
NC_000024.10	13565640	0.1667
NC_000024.10	13568582	0.0833
NC_000024.10	13569871	0.0833
NC_000024.10	13569894	0.0833
NC_000024.10	13570813	0.0833
NC_000024.10	13571575	0.0909
NC_000024.10	13571698	0.0909
NC_000024.10	13582403	0.0909
NC_000024.10	13594866	0.0833
NC_000024.10	13598177	0.0833
NC_000024.10	13600212	0.0833
NC_000024.10	13600921	0.0833
NC_000024.10	13605333	0.0833
NC_000024.10	13606105	0.0833
NC_000024.10	13610613	0.0909
NC_000024.10	13611227	0.0909
NC_000024.10	13613803	0.0909
NC_000024.10	13614223	0.0909
NC_000024.10	13615012	0.1818
NC_000024.10	13617920	0.0909
NC_000024.10	13619112	0.0909
NC_000024.10	13619121	0.1818
NC_000024.10	13619131	0.0909
NC_000024.10	13619132	0.1818
NC_000024.10	13619134	0.0909
NC_000024.10	13619144	0.0909
NC_000024.10	13619154	0.0909
NC_000024.10	13619173	0.0909
NC_000024.10	13619186	0.0909
NC_000024.10	13619187	0.0909
NC_000024.10	13619188	0.0909
NC_000024.10	13619194	0.0909
NC_000024.10	13619202	0.0909
NC_000024.10	13619206	0.0909
NC_000024.10	13619209	0.0909
NC_000024.10	13619213	0.0909
NC_000024.10	13619221	0.0909
NC_000024.10	13619222	0.0909
NC_000024.10	13619227	0.0909
NC_000024.10	13619232	0.1818
NC_000024.10	13619240	0.1818
NC_000024.10	13619241	0.0909
NC_000024.10	13619245	0.0909
NC_000024.10	13619250	0.1818
NC_000024.10	13619257	0.1818
NC_000024.10	13619261	0.1818
NC_000024.10	13619265	0.0909
NC_000024.10	13619271	0.0909
NC_000024.10	13619287	0.1818
NC_000024.10	13619288	0.1818
NC_000024.10	13619297	0.0909
NC_000024.10	13619304	0.0909
NC_000024.10	13619308	0.0909
NC_000024.10	13619309	0.0909
NC_000024.10	13619311	0.0909
NC_000024.10	13619314	0.0909
NC_000024.10	13619336	0.0909
NC_000024.10	13619340	0.1818
NC_000024.10	13619361	0.0909
NC_000024.10	13619371	0.0909
NC_000024.10	13619375	0.0909
NC_000024.10	13619382	0.0909
NC_000024.10	13619383	0.1818
NC_000024.10	13619396	0.0909
NC_000024.10	13619398	0.0909
NC_000024.10	13619401	0.1818
NC_000024.10	13619414	0.0909
NC_000024.10	13619417	0.0909
NC_000024.10	13619418	0.1818
NC_000024.10	13619419	0.0909
NC_000024.10	13619422	0.0909
NC_000024.10	13619427	0.0909
NC_000024.10	13619440	0.0909
NC_000024.10	13619441	0.0909
NC_000024.10	13619448	0.0909
NC_000024.10	13619452	0.1818
NC_000024.10	13619456	0.0909
NC_000024.10	13619458	0.0909
NC_000024.10	13619468	0.1818
NC_000024.10	13619490	0.0909
NC_000024.10	13619493	0.0909
NC_000024.10	13619494	0.0909
NC_000024.10	13619503	0.1818
NC_000024.10	13619698	0.0909
NC_000024.10	13620789	0.1818
NC_000024.10	13620962	0.0909
NC_000024.10	13621777	0.0909
NC_000024.10	13622328	0.0909
NC_000024.10	13625521	0.0909
NC_000024.10	13632500	0.3333
NC_000024.10	13633784	0.0833
NC_000024.10	13634738	0.0833
NC_000024.10	13634838	0.0833
NC_000024.10	13637127	0.0833
NC_000024.10	13638113	0.0833
NC_000024.10	13638670	0.0833
NC_000024.10	13640178	0.0833
NC_000024.10	13640758	0.2727
NC_000024.10	13641317	0.1667
NC_000024.10	13642712	0.0833
NC_000024.10	13643333	0.0833
NC_000024.10	13645387	0.0833
NC_000024.10	13647083	0.0833
NC_000024.10	13648616	0.0909
NC_000024.10	13650959	0.0909
NC_000024.10	13652297	0.0909
NC_000024.10	13655355	0.0833
NC_000024.10	13656679	0.0833
NC_000024.10	13657291	0.0833
NC_000024.10	13659344	0.0833
NC_000024.10	13660940	0.1667
NC_000024.10	13662474	0.0833
NC_000024.10	13663929	0.1667
NC_000024.10	13671069	0.0833
NC_000024.10	13672938	0.0833
NC_000024.10	13673523	0.0833
NC_000024.10	13674362	0.0833
NC_000024.10	13674574	0.0833
NC_000024.10	13678811	0.0833
NC_000024.10	13679088	0.0833
NC_000024.10	13680651	0.0833
NC_000024.10	13682195	0.1667
NC_000024.10	13686170	0.0833
NC_000024.10	13687194	0.1667
NC_000024.10	13687288	0.0833
NC_000024.10	13687297	0.0833
NC_000024.10	13689706	0.1667
NC_000024.10	13691439	0.1667
NC_000024.10	13691654	0.0833
NC_000024.10	13691756	0.1667
NC_000024.10	13692713	0.0833
NC_000024.10	13694542	0.0833
NC_000024.10	13695167	0.0833
NC_000024.10	13696001	0.0833
NC_000024.10	13697446	0.0833
NC_000024.10	13697963	0.0833
NC_000024.10	13699082	0.1667
NC_000024.10	13703355	0.0833
NC_000024.10	13703408	0.0833
NC_000024.10	13703426	0.0833
NC_000024.10	13703447	0.0833
NC_000024.10	13703521	0.0833
NC_000024.10	13704159	0.0833
NC_000024.10	13709143	0.0833
NC_000024.10	13711871	0.0833
NC_000024.10	13712051	0.0833
NC_000024.10	13712831	0.0833
NC_000024.10	13713343	0.0833
NC_000024.10	13713736	0.0833
NC_000024.10	13722825	0.1818
NC_000024.10	13723395	0.0909
NC_000024.10	13723886	0.0909
NC_000024.10	13724899	0.0909
NC_000024.10	13728329	0.0833
NC_000024.10	13731902	0.0833
NC_000024.10	13733154	0.0833
NC_000024.10	13734417	0.0833
NC_000024.10	13735765	0.0833
NC_000024.10	13736430	0.0833
NC_000024.10	13739397	0.0833
NC_000024.10	13743586	0.1667
NC_000024.10	13743600	0.1667
NC_000024.10	13743601	0.1667
NC_000024.10	13743602	0.1667
NC_000024.10	13743619	0.0833
NC_000024.10	13744446	0.0833
NC_000024.10	13744856	0.1667
NC_000024.10	13746028	0.0833
NC_000024.10	13753051	0.1818
NC_000024.10	13754505	0.0909
NC_000024.10	13757842	0.0909
NC_000024.10	13758722	0.0909
NC_000024.10	13763136	0.0909
NC_000024.10	13765587	0.1818
NC_000024.10	13767510	0.1818
NC_000024.10	13768088	0.0909
NC_000024.10	13769130	0.0909
NC_000024.10	13772679	0.0909
NC_000024.10	13773171	0.0909
NC_000024.10	13773279	0.0909
NC_000024.10	13774739	0.0909
NC_000024.10	13776567	0.0909
NC_000024.10	13776632	0.0909
NC_000024.10	13778644	0.1667
NC_000024.10	13782364	0.0833
NC_000024.10	13784524	0.1667
NC_000024.10	13787422	0.0833
NC_000024.10	13788506	0.0833
NC_000024.10	13789938	0.0833
NC_000024.10	13790755	0.0833
NC_000024.10	13792288	0.25
NC_000024.10	13793214	0.0833
NC_000024.10	13797280	0.1667
NC_000024.10	13801198	0.0833
NC_000024.10	13802025	0.0833
NC_000024.10	13804954	0.0833
NC_000024.10	13808441	0.1667
NC_000024.10	13808707	0.0833
NC_000024.10	13812200	0.0833
NC_000024.10	13812201	0.0833
NC_000024.10	13815165	0.0833
NC_000024.10	13816592	0.0833
NC_000024.10	13818544	0.0833
NC_000024.10	13818950	0.0833
NC_000024.10	13819791	0.1667
NC_000024.10	13820447	0.1667
NC_000024.10	13823644	0.0833
NC_000024.10	13824860	0.0833
NC_000024.10	13827069	0.0833
NC_000024.10	13827445	0.0833
NC_000024.10	13828176	0.0833
NC_000024.10	13828210	0.0833
NC_000024.10	13828229	0.1667
NC_000024.10	13831374	0.0833
NC_000024.10	13833429	0.1667
NC_000024.10	13843552	0.0833
NC_000024.10	13843746	0.0833
NC_000024.10	13844082	0.0833
NC_000024.10	13845833	0.0833
NC_000024.10	13846199	0.0833
NC_000024.10	13847114	0.1667
NC_000024.10	13849320	0.1667
NC_000024.10	13849464	0.0833
NC_000024.10	13850205	0.0833
NC_000024.10	13851191	0.0833
NC_000024.10	13855638	0.0833
NC_000024.10	13859113	0.0833
NC_000024.10	13864142	0.0833
NC_000024.10	13864925	0.0833
NC_000024.10	13869311	0.1667
NC_000024.10	13869375	0.0833
NC_000024.10	13872728	0.0833
NC_000024.10	13876970	0.0833
NC_000024.10	13880732	0.1667
NC_000024.10	13883409	0.0833
NC_000024.10	13884520	0.0833
NC_000024.10	13886586	0.0833
NC_000024.10	13887020	0.0833
NC_000024.10	13887869	0.0833
NC_000024.10	13891299	0.0833
NC_000024.10	13891992	0.0833
NC_000024.10	13892016	0.0833
NC_000024.10	13893501	0.0833
NC_000024.10	13895677	0.0833
NC_000024.10	13895717	0.0833
NC_000024.10	13897040	0.0833
NC_000024.10	13903371	0.1
NC_000024.10	13904117	0.1
NC_000024.10	13904132	0.1
NC_000024.10	13904958	0.1
NC_000024.10	13905382	0.1
NC_000024.10	13905605	0.1
NC_000024.10	13906848	0.1
NC_000024.10	13908529	0.1
NC_000024.10	13908549	0.1
NC_000024.10	13908556	0.1
NC_000024.10	13908560	0.1
NC_000024.10	13908561	0.1
NC_000024.10	13908577	0.1
NC_000024.10	13908578	0.1
NC_000024.10	13908583	0.1
NC_000024.10	13908601	0.2
NC_000024.10	13909603	0.1
NC_000024.10	13910722	0.1
NC_000024.10	13910767	0.1
NC_000024.10	13910768	0.1
NC_000024.10	13913740	0.1
NC_000024.10	13913896	0.1
NC_000024.10	13914361	0.1
NC_000024.10	13914806	0.1
NC_000024.10	13914808	0.1
NC_000024.10	13914826	0.1
NC_000024.10	13915421	0.1
NC_000024.10	13915958	0.1
NC_000024.10	13922467	0.1
NC_000024.10	13922862	0.1
NC_000024.10	13923757	0.1
NC_000024.10	13924107	0.1
NC_000024.10	13924207	0.1
NC_000024.10	13924761	0.1
NC_000024.10	13926422	0.1
NC_000024.10	13927646	0.1
NC_000024.10	13928134	0.1
NC_000024.10	13928672	0.1
NC_000024.10	13931018	0.1
NC_000024.10	13933596	0.1
NC_000024.10	13934753	0.1
NC_000024.10	13938212	0.1
NC_000024.10	13938213	0.1
NC_000024.10	13939041	0.1
NC_000024.10	13939078	0.1
NC_000024.10	13939090	0.1
NC_000024.10	13939094	0.1
NC_000024.10	13939098	0.1
NC_000024.10	13939100	0.1
NC_000024.10	13939104	0.1
NC_000024.10	13939116	0.1
NC_000024.10	13947302	0.1
NC_000024.10	13952264	0.1
NC_000024.10	13952644	0.2
NC_000024.10	13954113	0.1
NC_000024.10	13955129	0.1
NC_000024.10	13955133	0.1
NC_000024.10	13955137	0.1
NC_000024.10	13957651	0.2
NC_000024.10	13958956	0.1
NC_000024.10	13960976	0.1
NC_000024.10	13961237	0.1
NC_000024.10	13962232	0.1
NC_000024.10	13963099	0.1
NC_000024.10	13965500	0.1
NC_000024.10	13965706	0.1
NC_000024.10	13965815	0.1
NC_000024.10	13967589	0.1
NC_000024.10	13969131	0.1
NC_000024.10	13970235	0.1
NC_000024.10	13971936	0.1
NC_000024.10	13972353	0.2
NC_000024.10	13973008	0.1
NC_000024.10	13974327	0.1
NC_000024.10	13975769	0.1
NC_000024.10	13983947	0.1
NC_000024.10	13984242	0.1
NC_000024.10	13984326	0.1
NC_000024.10	14020065	0.1818
NC_000024.10	14020428	0.3
NC_000024.10	14020606	0.1818
NC_000024.10	14058908	0.0833
NC_000024.10	14060311	0.0833
NC_000024.10	14061773	0.0833
NC_000024.10	14064788	0.0833
NC_000024.10	14064789	0.0833
NC_000024.10	14066162	0.0833
NC_000024.10	14067124	0.0833
NC_000024.10	14069267	0.0833
NC_000024.10	14072884	0.0833
NC_000024.10	14075068	0.0833
NC_000024.10	14078471	0.0833
NC_000024.10	14081208	0.0833
NC_000024.10	14081837	0.0833
NC_000024.10	14081849	0.0833
NC_000024.10	14086845	0.0833
NC_000024.10	14086857	0.1667
NC_000024.10	14088814	0.0833
NC_000024.10	14088881	0.0833
NC_000024.10	14089480	0.0833
NC_000024.10	14089492	0.0833
NC_000024.10	14091100	0.1667
NC_000024.10	14091474	0.0833
NC_000024.10	14091502	0.1667
NC_000024.10	14091667	0.0833
NC_000024.10	14093857	0.1667
NC_000024.10	14093915	0.0833
NC_000024.10	14094200	0.0833
NC_000024.10	14094434	0.0833
NC_000024.10	14095864	0.1667
NC_000024.10	14095954	0.1667
NC_000024.10	14096384	0.0833
NC_000024.10	14097532	0.0833
NC_000024.10	14100577	0.0833
NC_000024.10	14102995	0.0833
NC_000024.10	14105077	0.1667
NC_000024.10	14111301	0.0833
NC_000024.10	14114373	0.0833
NC_000024.10	14118382	0.0833
NC_000024.10	14127200	0.0833
NC_000024.10	14127479	0.0833
NC_000024.10	14127480	0.0833
NC_000024.10	14128181	0.0833
NC_000024.10	14128845	0.0833
NC_000024.10	14130436	0.0833
NC_000024.10	14130695	0.0833
NC_000024.10	14130708	0.0833
NC_000024.10	14131111	0.0833
NC_000024.10	14131236	0.0833
NC_000024.10	14132918	0.0909
NC_000024.10	14134179	0.1667
NC_000024.10	14137338	0.0833
NC_000024.10	14138638	0.0833
NC_000024.10	14138948	0.0833
NC_000024.10	14140790	0.0833
NC_000024.10	14141190	0.0833
NC_000024.10	14145230	0.0833
NC_000024.10	14149193	0.0833
NC_000024.10	14150510	0.0833
NC_000024.10	14151795	0.0833
NC_000024.10	14152394	0.1667
NC_000024.10	14153435	0.0833
NC_000024.10	14155008	0.0833
NC_000024.10	14158703	0.0833
NC_000024.10	14161187	0.1667
NC_000024.10	14161202	0.0833
NC_000024.10	14163527	0.0833
NC_000024.10	14164925	0.0833
NC_000024.10	14166670	0.0833
NC_000024.10	14168746	0.0833
NC_000024.10	14169926	0.0833
NC_000024.10	14171976	0.0833
NC_000024.10	14178848	0.0909
NC_000024.10	14179751	0.0909
NC_000024.10	14179873	0.0909
NC_000024.10	14180792	0.0909
NC_000024.10	14180986	0.0909
NC_000024.10	14181782	0.0909
NC_000024.10	14182158	0.1111
NC_000024.10	14183663	0.1667
NC_000024.10	14190463	0.0909
NC_000024.10	14190799	0.0909
NC_000024.10	14192124	0.1818
NC_000024.10	14195121	0.0909
NC_000024.10	14199709	0.1818
NC_000024.10	14200083	0.0909
NC_000024.10	14201905	0.0909
NC_000024.10	14202964	0.0909
NC_000024.10	14203231	0.0909
NC_000024.10	14203367	0.0909
NC_000024.10	14206583	0.0909
NC_000024.10	14212240	0.0909
NC_000024.10	14213333	0.0909
NC_000024.10	14213783	0.1818
NC_000024.10	14217213	0.0909
NC_000024.10	14217610	0.0909
NC_000024.10	14218118	0.0909
NC_000024.10	14220457	0.0909
NC_000024.10	14220658	0.0909
NC_000024.10	14220701	0.0909
NC_000024.10	14221082	0.0909
NC_000024.10	14223321	0.0909
NC_000024.10	14226657	0.0909
NC_000024.10	14228978	0.0909
NC_000024.10	14230244	0.0909
NC_000024.10	14232615	0.0909
NC_000024.10	14232648	0.0909
NC_000024.10	14232653	0.1818
NC_000024.10	14233660	0.0909
NC_000024.10	14234237	0.0909
NC_000024.10	14234491	0.0909
NC_000024.10	14234711	0.0909
NC_000024.10	14238547	0.0909
NC_000024.10	14247600	0.0909
NC_000024.10	14247694	0.1818
NC_000024.10	14251775	0.0909
NC_000024.10	14252227	0.1818
NC_000024.10	14252229	0.1818
NC_000024.10	14252231	0.3636
NC_000024.10	14252235	0.0909
NC_000024.10	14252312	0.0909
NC_000024.10	14252406	0.0909
NC_000024.10	14254470	0.0909
NC_000024.10	14256430	0.0909
NC_000024.10	14270935	0.0909
NC_000024.10	14272324	0.0909
NC_000024.10	14274924	0.0909
NC_000024.10	14275367	0.0909
NC_000024.10	14280231	0.0909
NC_000024.10	14280720	0.0909
NC_000024.10	14280976	0.0909
NC_000024.10	14283414	0.0909
NC_000024.10	14285373	0.0909
NC_000024.10	14285783	0.0909
NC_000024.10	14285921	0.0909
NC_000024.10	14289117	0.0909
NC_000024.10	14289459	0.1818
NC_000024.10	14290307	0.0909
NC_000024.10	14290471	0.0909
NC_000024.10	14291032	0.0909
NC_000024.10	14291747	0.2727
NC_000024.10	14293260	0.0909
NC_000024.10	14294655	0.0909
NC_000024.10	14296733	0.0909
NC_000024.10	14297279	0.0909
NC_000024.10	14298752	0.0909
NC_000024.10	14299737	0.0909
NC_000024.10	14302058	0.0909
NC_000024.10	14302171	0.0909
NC_000024.10	14305260	0.0909
NC_000024.10	14306017	0.0909
NC_000024.10	14306334	0.0909
NC_000024.10	14309759	0.0909
NC_000024.10	14312530	0.0909
NC_000024.10	14312655	0.0909
NC_000024.10	14313166	0.0909
NC_000024.10	14313939	0.0909
NC_000024.10	14315820	0.0909
NC_000024.10	14315837	0.1818
NC_000024.10	14316078	0.0909
NC_000024.10	14317156	0.1818
NC_000024.10	14317909	0.0909
NC_000024.10	14319077	0.0909
NC_000024.10	14320224	0.2727
NC_000024.10	14320302	0.0909
NC_000024.10	14325193	0.0909
NC_000024.10	14326653	0.0909
NC_000024.10	14327332	0.0909
NC_000024.10	14328794	0.0909
NC_000024.10	14330091	0.1111
NC_000024.10	14330314	0.0909
NC_000024.10	14333739	0.0909
NC_000024.10	14337375	0.1818
NC_000024.10	14338063	0.0909
NC_000024.10	14338279	0.0909
NC_000024.10	14341946	0.0909
NC_000024.10	14342875	0.0909
NC_000024.10	14342981	0.0909
NC_000024.10	14343940	0.0909
NC_000024.10	14349601	0.0909
NC_000024.10	14350458	0.0909
NC_000024.10	14352684	0.0909
NC_000024.10	14353303	0.0909
NC_000024.10	14353891	0.0909
NC_000024.10	14355231	0.1818
NC_000024.10	14356649	0.1667
NC_000024.10	14356905	0.0833
NC_000024.10	14359186	0.0833
NC_000024.10	14359886	0.0833
NC_000024.10	14361814	0.0833
NC_000024.10	14372139	0.0833
NC_000024.10	14372756	0.1667
NC_000024.10	14374459	0.0833
NC_000024.10	14374773	0.0833
NC_000024.10	14374832	0.0833
NC_000024.10	14378235	0.1667
NC_000024.10	14380150	0.0833
NC_000024.10	14380721	0.0833
NC_000024.10	14382510	0.0833
NC_000024.10	14382512	0.1667
NC_000024.10	14382514	0.25
NC_000024.10	14382518	0.0833
NC_000024.10	14382520	0.0833
NC_000024.10	14382718	0.0833
NC_000024.10	14388919	0.0833
NC_000024.10	14389341	0.0833
NC_000024.10	14390397	0.1667
NC_000024.10	14391775	0.0833
NC_000024.10	14394428	0.0833
NC_000024.10	14396275	0.0833
NC_000024.10	14398433	0.0833
NC_000024.10	14399368	0.1667
NC_000024.10	14399987	0.0833
NC_000024.10	14400713	0.0833
NC_000024.10	14402129	0.0833
NC_000024.10	14404670	0.0833
NC_000024.10	14406584	0.0833
NC_000024.10	14416134	0.0833
NC_000024.10	14416490	0.0833
NC_000024.10	14417395	0.0833
NC_000024.10	14419201	0.1667
NC_000024.10	14421366	0.1667
NC_000024.10	14421487	0.1667
NC_000024.10	14422144	0.0833
NC_000024.10	14424670	0.0833
NC_000024.10	14426215	0.1667
NC_000024.10	14426837	0.1667
NC_000024.10	14428923	0.0833
NC_000024.10	14430253	0.0833
NC_000024.10	14430584	0.0833
NC_000024.10	14430594	0.0833
NC_000024.10	14430982	0.0833
NC_000024.10	14432608	0.0833
NC_000024.10	14436843	0.0833
NC_000024.10	14437997	0.0833
NC_000024.10	14438820	0.0833
NC_000024.10	14438985	0.0833
NC_000024.10	14439280	0.0833
NC_000024.10	14444683	0.0833
NC_000024.10	14447004	0.0833
NC_000024.10	14448091	0.0833
NC_000024.10	14448209	0.0833
NC_000024.10	14448454	0.0833
NC_000024.10	14449510	0.0833
NC_000024.10	14453979	0.0833
NC_000024.10	14454313	0.0833
NC_000024.10	14455671	0.0833
NC_000024.10	14456316	0.0833
NC_000024.10	14456420	0.1667
NC_000024.10	14457252	0.0833
NC_000024.10	14458787	0.0833
NC_000024.10	14462609	0.0833
NC_000024.10	14462619	0.0833
NC_000024.10	14468397	0.0833
NC_000024.10	14471658	0.0833
NC_000024.10	14476409	0.0833
NC_000024.10	14478956	0.0833
NC_000024.10	14480219	0.0833
NC_000024.10	14482555	0.0833
NC_000024.10	14483011	0.0833
NC_000024.10	14483853	0.0833
NC_000024.10	14489158	0.0833
NC_000024.10	14489644	0.0833
NC_000024.10	14489752	0.1
NC_000024.10	14489754	0.0909
NC_000024.10	14489756	0.0833
NC_000024.10	14489758	0.1818
NC_000024.10	14489760	0.0833
NC_000024.10	14489762	0.0833
NC_000024.10	14489784	0.0833
NC_000024.10	14492517	0.0833
NC_000024.10	14493615	0.0833
NC_000024.10	14493747	0.0833
NC_000024.10	14496128	0.0833
NC_000024.10	14498371	0.0833
NC_000024.10	14509103	0.25
NC_000024.10	14509775	0.0833
NC_000024.10	14512303	0.1667
NC_000024.10	14512932	0.1667
NC_000024.10	14515844	0.0833
NC_000024.10	14515848	0.0833
NC_000024.10	14519797	0.0833
NC_000024.10	14524116	0.0833
NC_000024.10	14524142	0.0833
NC_000024.10	14529334	0.0833
NC_000024.10	14531394	0.0833
NC_000024.10	14532587	0.0833
NC_000024.10	14533322	0.0833
NC_000024.10	14535427	0.0833
NC_000024.10	14544805	0.0833
NC_000024.10	14545535	0.0833
NC_000024.10	14545700	0.0833
NC_000024.10	14548916	0.0833
NC_000024.10	14549227	0.0833
NC_000024.10	14549539	0.0833
NC_000024.10	14558447	0.0833
NC_000024.10	14561544	0.0833
NC_000024.10	14564882	0.1667
NC_000024.10	14567361	0.0833
NC_000024.10	14567445	0.0833
NC_000024.10	14567710	0.0833
NC_000024.10	14568721	0.0833
NC_000024.10	14570287	0.1667
NC_000024.10	14570970	0.1667
NC_000024.10	14571917	0.25
NC_000024.10	14572098	0.25
NC_000024.10	14572145	0.25
NC_000024.10	14572183	0.25
NC_000024.10	14572222	0.25
NC_000024.10	14572742	0.0833
NC_000024.10	14573859	0.0833
NC_000024.10	14574583	0.0833
NC_000024.10	14575085	0.0833
NC_000024.10	14576678	0.1667
NC_000024.10	14578433	0.0833
NC_000024.10	14578640	0.1667
NC_000024.10	14578900	0.0833
NC_000024.10	14580222	0.0833
NC_000024.10	14580235	0.0833
NC_000024.10	14580238	0.1818
NC_000024.10	14580532	0.0833
NC_000024.10	14580802	0.0833
NC_000024.10	14582518	0.0833
NC_000024.10	14586335	0.0833
NC_000024.10	14586601	0.0833
NC_000024.10	14587736	0.0833
NC_000024.10	14587955	0.0833
NC_000024.10	14588415	0.0833
NC_000024.10	14589202	0.0833
NC_000024.10	14589441	0.0833
NC_000024.10	14589738	0.0833
NC_000024.10	14590138	0.0833
NC_000024.10	14590159	0.25
NC_000024.10	14595751	0.0833
NC_000024.10	14596644	0.1667
NC_000024.10	14597898	0.0833
NC_000024.10	14598056	0.0833
NC_000024.10	14598397	0.1667
NC_000024.10	14598713	0.0833
NC_000024.10	14598715	0.0833
NC_000024.10	14600082	0.0833
NC_000024.10	14602805	0.0833
NC_000024.10	14603435	0.0833
NC_000024.10	14605990	0.0833
NC_000024.10	14608695	0.0833
NC_000024.10	14611391	0.1667
NC_000024.10	14611559	0.1667
NC_000024.10	14614401	0.0833
NC_000024.10	14619785	0.0833
NC_000024.10	14620593	0.0833
NC_000024.10	14621906	0.0833
NC_000024.10	14623197	0.0833
NC_000024.10	14624039	0.0833
NC_000024.10	14625512	0.0833
NC_000024.10	14631627	0.0833
NC_000024.10	14635562	0.1667
NC_000024.10	14635650	0.0833
NC_000024.10	14638975	0.0833
NC_000024.10	14639121	0.25
NC_000024.10	14639624	0.1667
NC_000024.10	14641743	0.1667
NC_000024.10	14644373	0.1667
NC_000024.10	14644567	0.0833
NC_000024.10	14646020	0.1667
NC_000024.10	14646973	0.1667
NC_000024.10	14647291	0.0833
NC_000024.10	14647500	0.0833
NC_000024.10	14649037	0.0833
NC_000024.10	14650571	0.0833
NC_000024.10	14651328	0.0833
NC_000024.10	14653536	0.25
NC_000024.10	14654587	0.0833
NC_000024.10	14655553	0.0833
NC_000024.10	14656955	0.0833
NC_000024.10	14656971	0.0833
NC_000024.10	14657049	0.0833
NC_000024.10	14657691	0.0833
NC_000024.10	14657970	0.0833
NC_000024.10	14658327	0.0833
NC_000024.10	14661912	0.0909
NC_000024.10	14662717	0.0909
NC_000024.10	14665131	0.0909
NC_000024.10	14667415	0.1818
NC_000024.10	14667582	0.0909
NC_000024.10	14667802	0.0909
NC_000024.10	14668768	0.0909
NC_000024.10	14668929	0.0909
NC_000024.10	14669921	0.0909
NC_000024.10	14671250	0.0909
NC_000024.10	14673016	0.0909
NC_000024.10	14673114	0.0909
NC_000024.10	14673182	0.0909
NC_000024.10	14679976	0.0909
NC_000024.10	14687628	0.0909
NC_000024.10	14696889	0.1818
NC_000024.10	14696979	0.0909
NC_000024.10	14697425	0.0909
NC_000024.10	14699426	0.0909
NC_000024.10	14702289	0.0833
NC_000024.10	14702972	0.0833
NC_000024.10	14703753	0.0833
NC_000024.10	14704430	0.1667
NC_000024.10	14704721	0.0833
NC_000024.10	14705555	0.0833
NC_000024.10	14705628	0.0833
NC_000024.10	14706801	0.0833
NC_000024.10	14706803	0.0833
NC_000024.10	14710131	0.1667
NC_000024.10	14711406	0.0833
NC_000024.10	14712390	0.1667
NC_000024.10	14712847	0.0833
NC_000024.10	14714076	0.0833
NC_000024.10	14715705	0.0833
NC_000024.10	14716635	0.0833
NC_000024.10	14719259	0.0833
NC_000024.10	14720620	0.0833
NC_000024.10	14721810	0.1667
NC_000024.10	14725746	0.0833
NC_000024.10	14726647	0.0833
NC_000024.10	14727761	0.0833
NC_000024.10	14730197	0.0833
NC_000024.10	14732236	0.0833
NC_000024.10	14733650	0.1667
NC_000024.10	14734559	0.0833
NC_000024.10	14735245	0.0833
NC_000024.10	14740526	0.0833
NC_000024.10	14741833	0.0833
NC_000024.10	14742921	0.0833
NC_000024.10	14744556	0.0833
NC_000024.10	14744950	0.0833
NC_000024.10	14744991	0.0833
NC_000024.10	14748898	0.1667
NC_000024.10	14748908	0.25
NC_000024.10	14751379	0.0833
NC_000024.10	14752038	0.0833
NC_000024.10	14752217	0.0833
NC_000024.10	14753877	0.0833
NC_000024.10	14754828	0.0833
NC_000024.10	14755739	0.0833
NC_000024.10	14755802	0.0833
NC_000024.10	14757150	0.0833
NC_000024.10	14758149	0.0833
NC_000024.10	14758180	0.0833
NC_000024.10	14759290	0.0833
NC_000024.10	14759929	0.0833
NC_000024.10	14762440	0.0833
NC_000024.10	14765210	0.0833
NC_000024.10	14768723	0.0833
NC_000024.10	14769262	0.0833
NC_000024.10	14773929	0.0833
NC_000024.10	14774581	0.0833
NC_000024.10	14775183	0.0833
NC_000024.10	14775904	0.1667
NC_000024.10	14779483	0.0833
NC_000024.10	14782805	0.0833
NC_000024.10	14784477	0.0833
NC_000024.10	14784794	0.0833
NC_000024.10	14785738	0.0833
NC_000024.10	14788367	0.0833
NC_000024.10	14794803	0.0833
NC_000024.10	14795208	0.0833
NC_000024.10	14797006	0.0833
NC_000024.10	14800208	0.0833
NC_000024.10	14800584	0.25
NC_000024.10	14800843	0.0833
NC_000024.10	14801562	0.0833
NC_000024.10	14801797	0.0833
NC_000024.10	14804542	0.1667
NC_000024.10	14807904	0.0833
NC_000024.10	14813279	0.0833
NC_000024.10	14815946	0.0833
NC_000024.10	14816865	0.0833
NC_000024.10	14817039	0.1667
NC_000024.10	14820301	0.0833
NC_000024.10	14821474	0.0833
NC_000024.10	14825181	0.0833
NC_000024.10	14826143	0.0833
NC_000024.10	14827936	0.0833
NC_000024.10	14828891	0.0833
NC_000024.10	14830531	0.1667
NC_000024.10	14830765	0.0833
NC_000024.10	14833993	0.0833
NC_000024.10	14835021	0.0833
NC_000024.10	14836954	0.1667
NC_000024.10	14839530	0.0833
NC_000024.10	14840257	0.0833
NC_000024.10	14847602	0.0833
NC_000024.10	14848003	0.0833
NC_000024.10	14848906	0.0833
NC_000024.10	14849153	0.0833
NC_000024.10	14852248	0.1667
NC_000024.10	14853016	0.0833
NC_000024.10	14854009	0.0833
NC_000024.10	14855506	0.0833
NC_000024.10	14856297	0.1667
NC_000024.10	14857673	0.0833
NC_000024.10	14857761	0.0833
NC_000024.10	14857819	0.0833
NC_000024.10	14862310	0.0833
NC_000024.10	14863422	0.1667
NC_000024.10	14863646	0.0833
NC_000024.10	14864146	0.0833
NC_000024.10	14864741	0.0833
NC_000024.10	14866119	0.0833
NC_000024.10	14866990	0.1667
NC_000024.10	14871479	0.0833
NC_000024.10	14872484	0.1667
NC_000024.10	14873570	0.0833
NC_000024.10	14876154	0.0833
NC_000024.10	14876155	0.0833
NC_000024.10	14876626	0.0833
NC_000024.10	14876827	0.1667
NC_000024.10	14878213	0.0833
NC_000024.10	14881103	0.1667
NC_000024.10	14881999	0.0833
NC_000024.10	14882386	0.0833
NC_000024.10	14882406	0.0833
NC_000024.10	14882793	0.0833
NC_000024.10	14882836	0.0833
NC_000024.10	14883679	0.0833
NC_000024.10	14887244	0.0833
NC_000024.10	14887474	0.1667
NC_000024.10	14887945	0.0833
NC_000024.10	14888158	0.0833
NC_000024.10	14889041	0.1667
NC_000024.10	14891881	0.0833
NC_000024.10	14894398	0.0833
NC_000024.10	14897892	0.0833
NC_000024.10	14898933	0.0833
NC_000024.10	14899059	0.0833
NC_000024.10	14899576	0.0833
NC_000024.10	14902349	0.0833
NC_000024.10	14902664	0.0833
NC_000024.10	14906357	0.0833
NC_000024.10	14907179	0.1667
NC_000024.10	14908230	0.0833
NC_000024.10	14910551	0.0833
NC_000024.10	14912898	0.0833
NC_000024.10	14916293	0.1818
NC_000024.10	14916480	0.1818
NC_000024.10	14917246	0.0909
NC_000024.10	14923043	0.0909
NC_000024.10	14923061	0.0909
NC_000024.10	14923288	0.0909
NC_000024.10	14923370	0.0909
NC_000024.10	14923524	0.0909
NC_000024.10	14923556	0.1818
NC_000024.10	14923592	0.0909
NC_000024.10	14923724	0.0909
NC_000024.10	14923769	0.0909
NC_000024.10	14923801	0.0909
NC_000024.10	14923805	0.0909
NC_000024.10	14923825	0.0909
NC_000024.10	14923830	0.0909
NC_000024.10	14923839	0.0909
NC_000024.10	14923854	0.0909
NC_000024.10	14923856	0.0909
NC_000024.10	14923873	0.0909
NC_000024.10	14923924	0.0909
NC_000024.10	14923928	0.0909
NC_000024.10	14923942	0.0909
NC_000024.10	14923965	0.0909
NC_000024.10	14923982	0.0909
NC_000024.10	14923983	0.0909
NC_000024.10	14923993	0.0909
NC_000024.10	14923998	0.0909
NC_000024.10	14924004	0.0909
NC_000024.10	14924005	0.0909
NC_000024.10	14924013	0.0909
NC_000024.10	14924042	0.0909
NC_000024.10	14924090	0.1818
NC_000024.10	14924098	0.0909
NC_000024.10	14924874	0.1818
NC_000024.10	14926099	0.0909
NC_000024.10	14926250	0.0909
NC_000024.10	14927152	0.0909
NC_000024.10	14927262	0.0909
NC_000024.10	14927316	0.0909
NC_000024.10	14927320	0.0909
NC_000024.10	14929678	0.0909
NC_000024.10	14933047	0.0909
NC_000024.10	14935803	0.0909
NC_000024.10	14936590	0.0909
NC_000024.10	14936751	0.1818
NC_000024.10	14937437	0.0909
NC_000024.10	14939831	0.0909
NC_000024.10	14942252	0.0909
NC_000024.10	14943012	0.0909
NC_000024.10	14943033	0.0909
NC_000024.10	14943035	0.1818
NC_000024.10	14943052	0.0909
NC_000024.10	14943056	0.1818
NC_000024.10	14943405	0.0909
NC_000024.10	14951870	0.2
NC_000024.10	14952808	0.0909
NC_000024.10	14953873	0.0909
NC_000024.10	14953928	0.0909
NC_000024.10	14954117	0.0909
NC_000024.10	14956939	0.0909
NC_000024.10	14959466	0.0909
NC_000024.10	14963936	0.1818
NC_000024.10	14965873	0.0909
NC_000024.10	14969370	0.0909
NC_000024.10	14969378	0.0909
NC_000024.10	14969392	0.0909
NC_000024.10	14969396	0.0909
NC_000024.10	14969408	0.3636
NC_000024.10	14969409	0.1818
NC_000024.10	14969410	0.0909
NC_000024.10	14969412	0.1818
NC_000024.10	14969416	0.0909
NC_000024.10	14969430	0.0909
NC_000024.10	14969432	0.1818
NC_000024.10	14971245	0.0909
NC_000024.10	14971833	0.1818
NC_000024.10	14972186	0.0909
NC_000024.10	14972760	0.1818
NC_000024.10	14973675	0.0909
NC_000024.10	14975157	0.2
NC_000024.10	14980619	0.1
NC_000024.10	14984878	0.1
NC_000024.10	14985432	0.1
NC_000024.10	14985789	0.1
NC_000024.10	14987187	0.1
NC_000024.10	14988726	0.1
NC_000024.10	14989293	0.1
NC_000024.10	14989679	0.1
NC_000024.10	14989724	0.1
NC_000024.10	14990587	0.1
NC_000024.10	14991822	0.1
NC_000024.10	14991824	0.1
NC_000024.10	14991956	0.1
NC_000024.10	14992553	0.1
NC_000024.10	14994428	0.1
NC_000024.10	14996654	0.1
NC_000024.10	14998459	0.1
NC_000024.10	14998734	0.1
NC_000024.10	15001020	0.1
NC_000024.10	15002554	0.1
NC_000024.10	15003275	0.1
NC_000024.10	15003418	0.1
NC_000024.10	15006990	0.1
NC_000024.10	15007721	0.1
NC_000024.10	15009152	0.1
NC_000024.10	15010372	0.0909
NC_000024.10	15011208	0.0909
NC_000024.10	15015119	0.0909
NC_000024.10	15015209	0.0909
NC_000024.10	15015694	0.0909
NC_000024.10	15016651	0.0909
NC_000024.10	15017258	0.0909
NC_000024.10	15018245	0.0909
NC_000024.10	15020744	0.0909
NC_000024.10	15021066	0.0909
NC_000024.10	15024044	0.0909
NC_000024.10	15026371	0.0909
NC_000024.10	15026469	0.0909
NC_000024.10	15028339	0.0909
NC_000024.10	15028871	0.0909
NC_000024.10	15030188	0.0909
NC_000024.10	15032011	0.1111
NC_000024.10	15032769	0.0909
NC_000024.10	15035279	0.0909
NC_000024.10	15036968	0.0909
NC_000024.10	15039514	0.0909
NC_000024.10	15040779	0.0909
NC_000024.10	15047477	0.0833
NC_000024.10	15051150	0.0909
NC_000024.10	15051794	0.0909
NC_000024.10	15053869	0.0909
NC_000024.10	15054901	0.0909
NC_000024.10	15062446	0.0833
NC_000024.10	15063893	0.0833
NC_000024.10	15064839	0.0833
NC_000024.10	15064917	0.0833
NC_000024.10	15066218	0.0833
NC_000024.10	15066518	0.0833
NC_000024.10	15066565	0.0833
NC_000024.10	15067280	0.0833
NC_000024.10	15067855	0.0833
NC_000024.10	15075032	0.1
NC_000024.10	15075770	0.2
NC_000024.10	15078202	0.1
NC_000024.10	15080358	0.1818
NC_000024.10	15080427	0.0909
NC_000024.10	15080712	0.0909
NC_000024.10	15080989	0.0909
NC_000024.10	15081419	0.0909
NC_000024.10	15081435	0.0909
NC_000024.10	15081520	0.0909
NC_000024.10	15084868	0.1818
NC_000024.10	15084869	0.2727
NC_000024.10	15086581	0.1
NC_000024.10	15089611	0.0909
NC_000024.10	15089941	0.0909
NC_000024.10	15091006	0.0909
NC_000024.10	15091245	0.0909
NC_000024.10	15091460	0.0909
NC_000024.10	15097499	0.0909
NC_000024.10	15097840	0.0909
NC_000024.10	15097964	0.0909
NC_000024.10	15097965	0.0909
NC_000024.10	15099984	0.0909
NC_000024.10	15101261	0.0909
NC_000024.10	15104561	0.1818
NC_000024.10	15105772	0.0909
NC_000024.10	15106092	0.0909
NC_000024.10	15106415	0.0909
NC_000024.10	15106420	0.1818
NC_000024.10	15108503	0.0909
NC_000024.10	15109146	0.1
NC_000024.10	15111190	0.1
NC_000024.10	15112555	0.1
NC_000024.10	15113833	0.1
NC_000024.10	15114328	0.0909
NC_000024.10	15114349	0.0909
NC_000024.10	15114824	0.1818
NC_000024.10	15114899	0.0909
NC_000024.10	15114999	0.0909
NC_000024.10	15117833	0.0909
NC_000024.10	15118705	0.0909
NC_000024.10	15119756	0.0909
NC_000024.10	15121800	0.0909
NC_000024.10	15122997	0.0909
NC_000024.10	15125290	0.0909
NC_000024.10	15126178	0.1818
NC_000024.10	15126918	0.0909
NC_000024.10	15128727	0.1818
NC_000024.10	15131623	0.0909
NC_000024.10	15132649	0.0909
NC_000024.10	15132759	0.0909
NC_000024.10	15133307	0.0909
NC_000024.10	15134295	0.1818
NC_000024.10	15136706	0.0909
NC_000024.10	15137461	0.0909
NC_000024.10	15143591	0.0909
NC_000024.10	15144138	0.0909
NC_000024.10	15145100	0.1818
NC_000024.10	15145448	0.0909
NC_000024.10	15147563	0.1
NC_000024.10	15149133	0.1
NC_000024.10	15149316	0.1
NC_000024.10	15150957	0.1
NC_000024.10	15151191	0.2
NC_000024.10	15151785	0.1
NC_000024.10	15152755	0.1
NC_000024.10	15154394	0.1
NC_000024.10	15154726	0.1
NC_000024.10	15154745	0.1
NC_000024.10	15155071	0.1
NC_000024.10	15156386	0.1
NC_000024.10	15157652	0.1
NC_000024.10	15158894	0.1
NC_000024.10	15158905	0.1
NC_000024.10	15159077	0.2
NC_000024.10	15160158	0.1
NC_000024.10	15160746	0.1
NC_000024.10	15163131	0.2
NC_000024.10	15168872	0.1
NC_000024.10	15169378	0.5
NC_000024.10	15172201	0.1
NC_000024.10	15174126	0.1
NC_000024.10	15175514	0.1
NC_000024.10	15176033	0.1
NC_000024.10	15176585	0.1
NC_000024.10	15176589	0.1
NC_000024.10	15177304	0.1
NC_000024.10	15179471	0.0909
NC_000024.10	15180474	0.0909
NC_000024.10	15180623	0.0909
NC_000024.10	15181888	0.0909
NC_000024.10	15183034	0.0909
NC_000024.10	15184395	0.0909
NC_000024.10	15186559	0.0909
NC_000024.10	15188041	0.1
NC_000024.10	15188736	0.1818
NC_000024.10	15188848	0.0909
NC_000024.10	15188862	0.0909
NC_000024.10	15188894	0.1818
NC_000024.10	15189853	0.1818
NC_000024.10	15189954	0.0909
NC_000024.10	15192603	0.0909
NC_000024.10	15193080	0.1818
NC_000024.10	15195221	0.1
NC_000024.10	15198086	0.1
NC_000024.10	15198259	0.2
NC_000024.10	15198966	0.1
NC_000024.10	15200095	0.1818
NC_000024.10	15202802	0.0909
NC_000024.10	15203810	0.0909
NC_000024.10	15208004	0.0909
NC_000024.10	15208069	0.1818
NC_000024.10	15208091	0.0909
NC_000024.10	15210255	0.2727
NC_000024.10	15212271	0.0909
NC_000024.10	15213679	0.1818
NC_000024.10	15213872	0.0909
NC_000024.10	15215849	0.1818
NC_000024.10	15216545	0.0909
NC_000024.10	15218850	0.0909
NC_000024.10	15226585	0.2727
NC_000024.10	15227431	0.1818
NC_000024.10	15229315	0.0909
NC_000024.10	15230688	0.0909
NC_000024.10	15233552	0.0909
NC_000024.10	15235979	0.0909
NC_000024.10	15238737	0.0909
NC_000024.10	15241267	0.0909
NC_000024.10	15242186	0.2
NC_000024.10	15243780	0.1818
NC_000024.10	15251530	0.0909
NC_000024.10	15251908	0.0909
NC_000024.10	15254369	0.0909
NC_000024.10	15254377	0.0909
NC_000024.10	15255497	0.0909
NC_000024.10	15256726	0.0909
NC_000024.10	15258465	0.0909
NC_000024.10	15260023	0.1818
NC_000024.10	15260441	0.0909
NC_000024.10	15262549	0.0909
NC_000024.10	15263840	0.0909
NC_000024.10	15265144	0.0909
NC_000024.10	15265864	0.0909
NC_000024.10	15267988	0.1818
NC_000024.10	15269189	0.0909
NC_000024.10	15272939	0.0909
NC_000024.10	15273058	0.0909
NC_000024.10	15275416	0.1818
NC_000024.10	15276677	0.0909
NC_000024.10	15276698	0.0909
NC_000024.10	15277173	0.0909
NC_000024.10	15282091	0.1818
NC_000024.10	15282231	0.0909
NC_000024.10	15286718	0.1818
NC_000024.10	15288439	0.2727
NC_000024.10	15288830	0.0909
NC_000024.10	15289523	0.0909
NC_000024.10	15290423	0.0909
NC_000024.10	15291856	0.0909
NC_000024.10	15293929	0.0909
NC_000024.10	15295470	0.0909
NC_000024.10	15295768	0.0909
NC_000024.10	15296689	0.0909
NC_000024.10	15296742	0.0909
NC_000024.10	15299312	0.0909
NC_000024.10	15299994	0.0909
NC_000024.10	15300318	0.0909
NC_000024.10	15301605	0.0909
NC_000024.10	15301620	0.0909
NC_000024.10	15301825	0.0909
NC_000024.10	15304332	0.0909
NC_000024.10	15306078	0.0909
NC_000024.10	15308137	0.0909
NC_000024.10	15308345	0.0909
NC_000024.10	15309332	0.1818
NC_000024.10	15317080	0.0909
NC_000024.10	15317635	0.0909
NC_000024.10	15319507	0.0909
NC_000024.10	15319907	0.0909
NC_000024.10	15320520	0.0909
NC_000024.10	15323679	0.0909
NC_000024.10	15323735	0.0909
NC_000024.10	15323897	0.0909
NC_000024.10	15328584	0.0909
NC_000024.10	15329335	0.0909
NC_000024.10	15329793	0.0909
NC_000024.10	15330106	0.0909
NC_000024.10	15332109	0.0909
NC_000024.10	15334287	0.0909
NC_000024.10	15337405	0.0909
NC_000024.10	15338079	0.0909
NC_000024.10	15339247	0.0909
NC_000024.10	15341308	0.0909
NC_000024.10	15341468	0.1818
NC_000024.10	15341481	0.0909
NC_000024.10	15343167	0.0909
NC_000024.10	15343598	0.0909
NC_000024.10	15344754	0.0909
NC_000024.10	15345130	0.0909
NC_000024.10	15346854	0.0909
NC_000024.10	15346977	0.0909
NC_000024.10	15350710	0.0909
NC_000024.10	15351367	0.0909
NC_000024.10	15352317	0.1818
NC_000024.10	15352319	0.0909
NC_000024.10	15352906	0.0909
NC_000024.10	15359327	0.0909
NC_000024.10	15359740	0.1818
NC_000024.10	15359940	0.0909
NC_000024.10	15360544	0.1818
NC_000024.10	15361783	0.0909
NC_000024.10	15362242	0.0909
NC_000024.10	15363065	0.0909
NC_000024.10	15366328	0.0909
NC_000024.10	15370023	0.0909
NC_000024.10	15371850	0.0909
NC_000024.10	15373657	0.0909
NC_000024.10	15377115	0.0909
NC_000024.10	15379663	0.0909
NC_000024.10	15379782	0.0909
NC_000024.10	15380401	0.0909
NC_000024.10	15381633	0.0909
NC_000024.10	15383165	0.1818
NC_000024.10	15383344	0.0909
NC_000024.10	15385641	0.0909
NC_000024.10	15386948	0.0909
NC_000024.10	15389521	0.1818
NC_000024.10	15390737	0.0909
NC_000024.10	15392851	0.0909
NC_000024.10	15393742	0.0909
NC_000024.10	15394158	0.0909
NC_000024.10	15394987	0.0909
NC_000024.10	15396262	0.0909
NC_000024.10	15397296	0.0909
NC_000024.10	15398493	0.0909
NC_000024.10	15399653	0.0909
NC_000024.10	15399949	0.0909
NC_000024.10	15402820	0.1818
NC_000024.10	15403147	0.1818
NC_000024.10	15403721	0.0909
NC_000024.10	15404214	0.0909
NC_000024.10	15405707	0.1818
NC_000024.10	15406683	0.0909
NC_000024.10	15406850	0.0909
NC_000024.10	15407843	0.0909
NC_000024.10	15407954	0.0909
NC_000024.10	15408718	0.0909
NC_000024.10	15409289	0.0909
NC_000024.10	15410468	0.0909
NC_000024.10	15410495	0.0909
NC_000024.10	15411648	0.0909
NC_000024.10	15413198	0.0909
NC_000024.10	15415474	0.1818
NC_000024.10	15415558	0.0909
NC_000024.10	15419741	0.0909
NC_000024.10	15421375	0.0909
NC_000024.10	15422496	0.0909
NC_000024.10	15422509	0.2727
NC_000024.10	15423260	0.0909
NC_000024.10	15424952	0.0909
NC_000024.10	15428849	0.0909
NC_000024.10	15428979	0.0909
NC_000024.10	15430353	0.0909
NC_000024.10	15430618	0.0909
NC_000024.10	15434098	0.0909
NC_000024.10	15437642	0.0909
NC_000024.10	15437643	0.0909
NC_000024.10	15437940	0.0909
NC_000024.10	15438567	0.0909
NC_000024.10	15439236	0.0909
NC_000024.10	15439575	0.0909
NC_000024.10	15455516	0.0909
NC_000024.10	15456932	0.1
NC_000024.10	15457649	0.1
NC_000024.10	15458266	0.1
NC_000024.10	15459932	0.1
NC_000024.10	15461111	0.2
NC_000024.10	15469304	0.1
NC_000024.10	15470068	0.1
NC_000024.10	15470819	0.1
NC_000024.10	15471036	0.1
NC_000024.10	15475532	0.1
NC_000024.10	15476870	0.1
NC_000024.10	15477418	0.1
NC_000024.10	15477515	0.1
NC_000024.10	15479739	0.1
NC_000024.10	15480610	0.1
NC_000024.10	15485278	0.1
NC_000024.10	15486256	0.1
NC_000024.10	15487222	0.1
NC_000024.10	15491114	0.1
NC_000024.10	15498751	0.1
NC_000024.10	15500796	0.2
NC_000024.10	15501694	0.1
NC_000024.10	15502752	0.1
NC_000024.10	15508096	0.1
NC_000024.10	15508777	0.1
NC_000024.10	15510875	0.2
NC_000024.10	15510876	0.2
NC_000024.10	15510975	0.1
NC_000024.10	15511233	0.1
NC_000024.10	15511880	0.1
NC_000024.10	15513440	0.1
NC_000024.10	15515090	0.1
NC_000024.10	15515604	0.1
NC_000024.10	15515643	0.1
NC_000024.10	15516276	0.1
NC_000024.10	15516784	0.1
NC_000024.10	15517832	0.1
NC_000024.10	15518120	0.1
NC_000024.10	15519023	0.1
NC_000024.10	15519670	0.1
NC_000024.10	15520591	0.1
NC_000024.10	15527385	0.1
NC_000024.10	15527949	0.1
NC_000024.10	15531085	0.1
NC_000024.10	15531704	0.2
NC_000024.10	15531727	0.1
NC_000024.10	15533427	0.1
NC_000024.10	15533455	0.1
NC_000024.10	15536472	0.1
NC_000024.10	15537544	0.1
NC_000024.10	15538837	0.1
NC_000024.10	15542212	0.1
NC_000024.10	15543761	0.1
NC_000024.10	15543957	0.1
NC_000024.10	15545004	0.1
NC_000024.10	15547952	0.1
NC_000024.10	15551238	0.1
NC_000024.10	15551710	0.1
NC_000024.10	15553595	0.1
NC_000024.10	15553969	0.1
NC_000024.10	15557248	0.1
NC_000024.10	15558166	0.1
NC_000024.10	15558299	0.1
NC_000024.10	15558313	0.1
NC_000024.10	15563105	0.1
NC_000024.10	15564353	0.1
NC_000024.10	15564965	0.1
NC_000024.10	15565443	0.1
NC_000024.10	15566377	0.1
NC_000024.10	15567126	0.1
NC_000024.10	15569476	0.1818
NC_000024.10	15570252	0.0909
NC_000024.10	15572026	0.0909
NC_000024.10	15572837	0.0909
NC_000024.10	15575006	0.0909
NC_000024.10	15575668	0.0909
NC_000024.10	15577365	0.0909
NC_000024.10	15579349	0.0909
NC_000024.10	15579397	0.0909
NC_000024.10	15580354	0.0909
NC_000024.10	15580952	0.0909
NC_000024.10	15581095	0.0909
NC_000024.10	15581954	0.1
NC_000024.10	15585967	0.0909
NC_000024.10	15586936	0.0909
NC_000024.10	15587513	0.1818
NC_000024.10	15590821	0.0909
NC_000024.10	15591402	0.1818
NC_000024.10	15594107	0.0909
NC_000024.10	15596948	0.0909
NC_000024.10	15596997	0.0909
NC_000024.10	15599044	0.1818
NC_000024.10	15600328	0.0909
NC_000024.10	15604343	0.1818
NC_000024.10	15606552	0.1818
NC_000024.10	15607460	0.0909
NC_000024.10	15609252	0.0909
NC_000024.10	15610027	0.0909
NC_000024.10	15611523	0.0909
NC_000024.10	15613463	0.1818
NC_000024.10	15614222	0.0909
NC_000024.10	15614594	0.0909
NC_000024.10	15614726	0.0909
NC_000024.10	15615038	0.0909
NC_000024.10	15616450	0.0909
NC_000024.10	15616847	0.0909
NC_000024.10	15620159	0.0909
NC_000024.10	15620481	0.0909
NC_000024.10	15620707	0.0909
NC_000024.10	15621667	0.0909
NC_000024.10	15621745	0.0909
NC_000024.10	15622197	0.0909
NC_000024.10	15624442	0.0909
NC_000024.10	15625433	0.0909
NC_000024.10	15630251	0.0909
NC_000024.10	15634189	0.0909
NC_000024.10	15635318	0.1818
NC_000024.10	15636283	0.0909
NC_000024.10	15637584	0.0909
NC_000024.10	15638577	0.0909
NC_000024.10	15638592	0.0909
NC_000024.10	15639677	0.0909
NC_000024.10	15640602	0.0909
NC_000024.10	15641770	0.0909
NC_000024.10	15641900	0.0909
NC_000024.10	15642012	0.0909
NC_000024.10	15646138	0.1818
NC_000024.10	15646326	0.0909
NC_000024.10	15646548	0.0909
NC_000024.10	15648079	0.0909
NC_000024.10	15648680	0.0909
NC_000024.10	15648861	0.0909
NC_000024.10	15650013	0.0909
NC_000024.10	15650788	0.0909
NC_000024.10	15652355	0.0909
NC_000024.10	15653365	0.1818
NC_000024.10	15656096	0.2727
NC_000024.10	15658499	0.1818
NC_000024.10	15662028	0.0909
NC_000024.10	15662342	0.0909
NC_000024.10	15664705	0.0909
NC_000024.10	15664776	0.0909
NC_000024.10	15668827	0.0909
NC_000024.10	15669807	0.0909
NC_000024.10	15672445	0.0909
NC_000024.10	15674456	0.0909
NC_000024.10	15676622	0.0909
NC_000024.10	15677151	0.0909
NC_000024.10	15677202	0.0909
NC_000024.10	15678263	0.0909
NC_000024.10	15681578	0.0909
NC_000024.10	15682034	0.0909
NC_000024.10	15682354	0.1818
NC_000024.10	15682356	0.1818
NC_000024.10	15682357	0.0909
NC_000024.10	15682374	0.1818
NC_000024.10	15682376	0.0909
NC_000024.10	15682378	0.0909
NC_000024.10	15682833	0.0909
NC_000024.10	15682867	0.0909
NC_000024.10	15684213	0.0909
NC_000024.10	15688988	0.0909
NC_000024.10	15691141	0.0909
NC_000024.10	15691697	0.0909
NC_000024.10	15692115	0.0909
NC_000024.10	15693363	0.0909
NC_000024.10	15694015	0.0909
NC_000024.10	15696952	0.0909
NC_000024.10	15698170	0.0909
NC_000024.10	15698467	0.0909
NC_000024.10	15699144	0.0909
NC_000024.10	15699723	0.0909
NC_000024.10	15701234	0.0909
NC_000024.10	15702207	0.0909
NC_000024.10	15703664	0.0909
NC_000024.10	15704128	0.0909
NC_000024.10	15705231	0.0909
NC_000024.10	15706874	0.0909
NC_000024.10	15708089	0.0833
NC_000024.10	15708634	0.0833
NC_000024.10	15708882	0.0833
NC_000024.10	15718231	0.0833
NC_000024.10	15718235	0.1667
NC_000024.10	15719327	0.0909
NC_000024.10	15719915	0.0833
NC_000024.10	15720296	0.1667
NC_000024.10	15720777	0.1667
NC_000024.10	15721514	0.0833
NC_000024.10	15722891	0.0909
NC_000024.10	15723215	0.0909
NC_000024.10	15723396	0.0909
NC_000024.10	15723859	0.0909
NC_000024.10	15723871	0.0909
NC_000024.10	15724014	0.0909
NC_000024.10	15724488	0.0909
NC_000024.10	15724590	0.1818
NC_000024.10	15724596	0.0909
NC_000024.10	15724598	0.0909
NC_000024.10	15724743	0.0909
NC_000024.10	15726821	0.0909
NC_000024.10	15727891	0.0909
NC_000024.10	15728004	0.0909
NC_000024.10	15728514	0.0833
NC_000024.10	15728969	0.0833
NC_000024.10	15732699	0.0833
NC_000024.10	15734874	0.1667
NC_000024.10	15737068	0.0833
NC_000024.10	15738300	0.25
NC_000024.10	15738470	0.0833
NC_000024.10	15739072	0.0833
NC_000024.10	15739982	0.0833
NC_000024.10	15740108	0.0833
NC_000024.10	15741498	0.0909
NC_000024.10	15742671	0.0909
NC_000024.10	15743387	0.0909
NC_000024.10	15743525	0.0909
NC_000024.10	15744702	0.0909
NC_000024.10	15745609	0.0833
NC_000024.10	15745837	0.0833
NC_000024.10	15746348	0.0833
NC_000024.10	15749196	0.0833
NC_000024.10	15749594	0.0833
NC_000024.10	15750095	0.25
NC_000024.10	15750315	0.0833
NC_000024.10	15752820	0.0833
NC_000024.10	15753067	0.25
NC_000024.10	15753180	0.0833
NC_000024.10	15754589	0.0833
NC_000024.10	15755911	0.0909
NC_000024.10	15758711	0.0909
NC_000024.10	15759823	0.0909
NC_000024.10	15760198	0.0909
NC_000024.10	15760822	0.0909
NC_000024.10	15762116	0.0909
NC_000024.10	15764201	0.0909
NC_000024.10	15764628	0.0909
NC_000024.10	15767602	0.0909
NC_000024.10	15768776	0.0909
NC_000024.10	15769917	0.0909
NC_000024.10	15771013	0.125
NC_000024.10	15773673	0.0833
NC_000024.10	15774599	0.0833
NC_000024.10	15776250	0.0833
NC_000024.10	15780628	0.0833
NC_000024.10	15781271	0.0833
NC_000024.10	15782376	0.0833
NC_000024.10	15782695	0.25
NC_000024.10	15783422	0.0833
NC_000024.10	15785663	0.0833
NC_000024.10	15787217	0.0833
NC_000024.10	15787925	0.0833
NC_000024.10	15788301	0.0833
NC_000024.10	15789535	0.0833
NC_000024.10	15792020	0.0833
NC_000024.10	15793213	0.0833
NC_000024.10	15795251	0.0833
NC_000024.10	15797380	0.0833
NC_000024.10	15797625	0.0833
NC_000024.10	15798001	0.0833
NC_000024.10	15803796	0.0833
NC_000024.10	15805629	0.0833
NC_000024.10	15806019	0.1667
NC_000024.10	15806718	0.0833
NC_000024.10	15806831	0.25
NC_000024.10	15807235	0.0833
NC_000024.10	15807249	0.0833
NC_000024.10	15808115	0.0833
NC_000024.10	15808606	0.0833
NC_000024.10	15808993	0.1667
NC_000024.10	15809918	0.0833
NC_000024.10	15812745	0.0833
NC_000024.10	15813498	0.1667
NC_000024.10	15817212	0.0833
NC_000024.10	15818297	0.0833
NC_000024.10	15819526	0.0833
NC_000024.10	15819964	0.0833
NC_000024.10	15828630	0.0833
NC_000024.10	15828908	0.0833
NC_000024.10	15831818	0.1667
NC_000024.10	15833433	0.1667
NC_000024.10	15835534	0.0833
NC_000024.10	15835662	0.0833
NC_000024.10	15835792	0.1667
NC_000024.10	15837056	0.0833
NC_000024.10	15837700	0.0833
NC_000024.10	15842947	0.25
NC_000024.10	15843986	0.0833
NC_000024.10	15846023	0.0833
NC_000024.10	15846890	0.0833
NC_000024.10	15847544	0.0833
NC_000024.10	15847925	0.25
NC_000024.10	15849632	0.0833
NC_000024.10	15850231	0.0833
NC_000024.10	15852177	0.0833
NC_000024.10	15855024	0.0833
NC_000024.10	15860734	0.0833
NC_000024.10	15863275	0.0833
NC_000024.10	15864047	0.0833
NC_000024.10	15864831	0.0833
NC_000024.10	15868204	0.1667
NC_000024.10	15868834	0.0833
NC_000024.10	15869373	0.1667
NC_000024.10	15869937	0.0833
NC_000024.10	15873375	0.0833
NC_000024.10	15885262	0.0909
NC_000024.10	15886150	0.1818
NC_000024.10	15886657	0.0909
NC_000024.10	15887962	0.2727
NC_000024.10	15888360	0.1818
NC_000024.10	15888370	0.1429
NC_000024.10	15888991	0.0909
NC_000024.10	15889021	0.1818
NC_000024.10	15890018	0.1818
NC_000024.10	15893246	0.0909
NC_000024.10	15894145	0.0909
NC_000024.10	15894956	0.2
NC_000024.10	15895244	0.1
NC_000024.10	15905272	0.1667
NC_000024.10	15906190	0.0833
NC_000024.10	15907108	0.0833
NC_000024.10	15908211	0.0833
NC_000024.10	15910728	0.1667
NC_000024.10	15910979	0.0833
NC_000024.10	15912095	0.0833
NC_000024.10	15913350	0.0833
NC_000024.10	15916225	0.0833
NC_000024.10	15916324	0.0833
NC_000024.10	15918858	0.0833
NC_000024.10	15921211	0.0833
NC_000024.10	15921514	0.1667
NC_000024.10	15922825	0.0833
NC_000024.10	15924248	0.0833
NC_000024.10	15928820	0.2727
NC_000024.10	15928943	0.0909
NC_000024.10	15929618	0.0909
NC_000024.10	15929897	0.1818
NC_000024.10	15930764	0.0909
NC_000024.10	15932547	0.0909
NC_000024.10	15933721	0.0909
NC_000024.10	15935691	0.0909
NC_000024.10	15937130	0.0909
NC_000024.10	15939409	0.0909
NC_000024.10	15940439	0.0909
NC_000024.10	15941987	0.0909
NC_000024.10	15942626	0.0909
NC_000024.10	15944400	0.0909
NC_000024.10	15945062	0.0909
NC_000024.10	15945079	0.0909
NC_000024.10	15946184	0.0909
NC_000024.10	15946612	0.1818
NC_000024.10	15947500	0.0909
NC_000024.10	15947808	0.1818
NC_000024.10	15948990	0.0909
NC_000024.10	15949287	0.1818
NC_000024.10	15949714	0.1818
NC_000024.10	15951922	0.0909
NC_000024.10	15951973	0.0909
NC_000024.10	15952114	0.0909
NC_000024.10	15952389	0.0909
NC_000024.10	15952742	0.0909
NC_000024.10	15953294	0.0909
NC_000024.10	15953552	0.0909
NC_000024.10	15954558	0.0909
NC_000024.10	15955208	0.0909
NC_000024.10	15955576	0.1818
NC_000024.10	15955580	0.1818
NC_000024.10	15955588	0.0909
NC_000024.10	15955592	0.1818
NC_000024.10	15956620	0.0909
NC_000024.10	15957235	0.1818
NC_000024.10	15958975	0.0909
NC_000024.10	15959963	0.0909
NC_000024.10	15961981	0.0909
NC_000024.10	15962059	0.0909
NC_000024.10	15962173	0.0909
NC_000024.10	15964486	0.0909
NC_000024.10	15965442	0.0909
NC_000024.10	15965703	0.0909
NC_000024.10	15967662	0.0833
NC_000024.10	15967948	0.0833
NC_000024.10	15969215	0.0833
NC_000024.10	15969555	0.0833
NC_000024.10	15970921	0.0833
NC_000024.10	15974120	0.0833
NC_000024.10	15975125	0.0833
NC_000024.10	15976719	0.0833
NC_000024.10	15977634	0.0833
NC_000024.10	15977760	0.1667
NC_000024.10	15981093	0.1667
NC_000024.10	15981262	0.0833
NC_000024.10	15983503	0.0833
NC_000024.10	15984376	0.0833
NC_000024.10	15985371	0.0833
NC_000024.10	15985639	0.0833
NC_000024.10	15991221	0.0833
NC_000024.10	15994626	0.1667
NC_000024.10	15994877	0.0833
NC_000024.10	15995117	0.0833
NC_000024.10	15998400	0.1667
NC_000024.10	15998482	0.0833
NC_000024.10	15999074	0.0833
NC_000024.10	16000658	0.0833
NC_000024.10	16001422	0.0833
NC_000024.10	16002093	0.0833
NC_000024.10	16004083	0.0833
NC_000024.10	16006134	0.0833
NC_000024.10	16006434	0.0833
NC_000024.10	16006778	0.0833
NC_000024.10	16007351	0.0833
NC_000024.10	16009283	0.0833
NC_000024.10	16009720	0.0833
NC_000024.10	16011013	0.0833
NC_000024.10	16013818	0.0833
NC_000024.10	16016116	0.0833
NC_000024.10	16016694	0.0833
NC_000024.10	16020352	0.0833
NC_000024.10	16020818	0.0833
NC_000024.10	16021270	0.1667
NC_000024.10	16021798	0.25
NC_000024.10	16023142	0.0833
NC_000024.10	16023214	0.0833
NC_000024.10	16026421	0.0833
NC_000024.10	16027866	0.0833
NC_000024.10	16028161	0.0833
NC_000024.10	16028351	0.0833
NC_000024.10	16032143	0.1667
NC_000024.10	16037714	0.1667
NC_000024.10	16037718	0.1667
NC_000024.10	16038686	0.0833
NC_000024.10	16038947	0.0833
NC_000024.10	16039029	0.0833
NC_000024.10	16040513	0.1667
NC_000024.10	16041276	0.0833
NC_000024.10	16041658	0.0833
NC_000024.10	16041742	0.0833
NC_000024.10	16043668	0.0833
NC_000024.10	16043874	0.0833
NC_000024.10	16044876	0.1667
NC_000024.10	16045231	0.0833
NC_000024.10	16045247	0.0833
NC_000024.10	16046274	0.0833
NC_000024.10	16048298	0.0833
NC_000024.10	16050392	0.1667
NC_000024.10	16050859	0.0833
NC_000024.10	16050955	0.0833
NC_000024.10	16052583	0.0833
NC_000024.10	16056036	0.1667
NC_000024.10	16058173	0.0833
NC_000024.10	16058884	0.0833
NC_000024.10	16061314	0.1667
NC_000024.10	16064245	0.0833
NC_000024.10	16065129	0.1667
NC_000024.10	16066211	0.1667
NC_000024.10	16066296	0.0833
NC_000024.10	16067163	0.0833
NC_000024.10	16067344	0.1667
NC_000024.10	16068049	0.0833
NC_000024.10	16068414	0.0833
NC_000024.10	16069923	0.0833
NC_000024.10	16070161	0.0833
NC_000024.10	16074716	0.0833
NC_000024.10	16075665	0.0833
NC_000024.10	16076110	0.0833
NC_000024.10	16078721	0.0833
NC_000024.10	16080136	0.0833
NC_000024.10	16081325	0.1667
NC_000024.10	16081914	0.0833
NC_000024.10	16082215	0.0909
NC_000024.10	16083324	0.0833
NC_000024.10	16084381	0.1667
NC_000024.10	16089040	0.0833
NC_000024.10	16091685	0.0833
NC_000024.10	16094307	0.0833
NC_000024.10	16095403	0.0833
NC_000024.10	16097285	0.0833
NC_000024.10	16098250	0.0833
NC_000024.10	16100123	0.0833
NC_000024.10	16104951	0.0833
NC_000024.10	16105113	0.0833
NC_000024.10	16107442	0.0833
NC_000024.10	16108573	0.0833
NC_000024.10	16109609	0.0833
NC_000024.10	16109737	0.0833
NC_000024.10	16109738	0.1667
NC_000024.10	16110743	0.1667
NC_000024.10	16112246	0.0833
NC_000024.10	16114044	0.1667
NC_000024.10	16115021	0.1667
NC_000024.10	16118735	0.0833
NC_000024.10	16120071	0.0833
NC_000024.10	16129680	0.0833
NC_000024.10	16130861	0.1667
NC_000024.10	16130952	0.0833
NC_000024.10	16131751	0.0833
NC_000024.10	16133531	0.0833
NC_000024.10	16133939	0.0833
NC_000024.10	16138029	0.0833
NC_000024.10	16139106	0.0833
NC_000024.10	16143134	0.0833
NC_000024.10	16145604	0.0833
NC_000024.10	16147897	0.0833
NC_000024.10	16149752	0.0833
NC_000024.10	16150937	0.0833
NC_000024.10	16154413	0.0833
NC_000024.10	16157295	0.0833
NC_000024.10	16157795	0.0833
NC_000024.10	16158282	0.0833
NC_000024.10	16159145	0.0909
NC_000024.10	16270177	0.0833
NC_000024.10	16270717	0.0833
NC_000024.10	16271149	0.0833
NC_000024.10	16272952	0.0833
NC_000024.10	16272958	0.0833
NC_000024.10	16274489	0.0833
NC_000024.10	16274883	0.0833
NC_000024.10	16275266	0.0833
NC_000024.10	16275392	0.0833
NC_000024.10	16275614	0.1667
NC_000024.10	16276446	0.0833
NC_000024.10	16276782	0.0833
NC_000024.10	16276944	0.0833
NC_000024.10	16277798	0.0833
NC_000024.10	16279443	0.0833
NC_000024.10	16281940	0.1667
NC_000024.10	16282442	0.0833
NC_000024.10	16282502	0.0833
NC_000024.10	16283898	0.1667
NC_000024.10	16284727	0.0833
NC_000024.10	16284835	0.0833
NC_000024.10	16286294	0.0833
NC_000024.10	16286308	0.1667
NC_000024.10	16286399	0.0833
NC_000024.10	16290146	0.0833
NC_000024.10	16290524	0.0833
NC_000024.10	16293812	0.0833
NC_000024.10	16293859	0.0833
NC_000024.10	16293964	0.0833
NC_000024.10	16295677	0.0833
NC_000024.10	16296688	0.0833
NC_000024.10	16297214	0.0833
NC_000024.10	16298816	0.0833
NC_000024.10	16299926	0.0833
NC_000024.10	16303291	0.0833
NC_000024.10	16303495	0.0833
NC_000024.10	16310753	0.0833
NC_000024.10	16310781	0.0833
NC_000024.10	16313165	0.0833
NC_000024.10	16314199	0.0833
NC_000024.10	16314868	0.0833
NC_000024.10	16426417	0.0909
NC_000024.10	16428524	0.1
NC_000024.10	16428632	0.1
NC_000024.10	16430454	0.1
NC_000024.10	16430763	0.1
NC_000024.10	16431111	0.1
NC_000024.10	16432522	0.1
NC_000024.10	16434776	0.0909
NC_000024.10	16435461	0.0909
NC_000024.10	16437236	0.0909
NC_000024.10	16437261	0.1818
NC_000024.10	16437316	0.1818
NC_000024.10	16440042	0.0909
NC_000024.10	16440581	0.0909
NC_000024.10	16444684	0.0909
NC_000024.10	16449162	0.0909
NC_000024.10	16453454	0.0909
NC_000024.10	16454241	0.0909
NC_000024.10	16455247	0.0909
NC_000024.10	16460452	0.0909
NC_000024.10	16461184	0.0909
NC_000024.10	16461363	0.0909
NC_000024.10	16464661	0.0909
NC_000024.10	16466596	0.0909
NC_000024.10	16469089	0.0909
NC_000024.10	16469948	0.0909
NC_000024.10	16472308	0.0909
NC_000024.10	16473527	0.0909
NC_000024.10	16473539	0.0909
NC_000024.10	16477641	0.1818
NC_000024.10	16477817	0.0909
NC_000024.10	16477823	0.2727
NC_000024.10	16480147	0.1818
NC_000024.10	16480393	0.0909
NC_000024.10	16480965	0.1818
NC_000024.10	16483564	0.0909
NC_000024.10	16484257	0.0909
NC_000024.10	16484967	0.1818
NC_000024.10	16487335	0.1818
NC_000024.10	16488495	0.0909
NC_000024.10	16489394	0.1818
NC_000024.10	16490210	0.0909
NC_000024.10	16491011	0.1818
NC_000024.10	16494585	0.0909
NC_000024.10	16495507	0.0909
NC_000024.10	16495793	0.0909
NC_000024.10	16499062	0.0909
NC_000024.10	16500881	0.0909
NC_000024.10	16500883	0.0909
NC_000024.10	16501011	0.0909
NC_000024.10	16501873	0.1818
NC_000024.10	16502214	0.0909
NC_000024.10	16504587	0.0909
NC_000024.10	16504594	0.0909
NC_000024.10	16505456	0.0909
NC_000024.10	16506410	0.0909
NC_000024.10	16510446	0.1818
NC_000024.10	16514399	0.0909
NC_000024.10	16516437	0.0909
NC_000024.10	16521936	0.1818
NC_000024.10	16524274	0.0909
NC_000024.10	16525517	0.0909
NC_000024.10	16530021	0.0909
NC_000024.10	16531666	0.0909
NC_000024.10	16535438	0.0909
NC_000024.10	16537990	0.0909
NC_000024.10	16540553	0.0909
NC_000024.10	16544792	0.0909
NC_000024.10	16547933	0.0909
NC_000024.10	16549322	0.0909
NC_000024.10	16550794	0.0909
NC_000024.10	16551813	0.0909
NC_000024.10	16551826	0.0909
NC_000024.10	16554230	0.0909
NC_000024.10	16555635	0.0909
NC_000024.10	16560866	0.1818
NC_000024.10	16571220	0.0909
NC_000024.10	16572268	0.0909
NC_000024.10	16576588	0.0909
NC_000024.10	16576641	0.0909
NC_000024.10	16577297	0.0909
NC_000024.10	16581409	0.0909
NC_000024.10	16581829	0.1818
NC_000024.10	16581830	0.0909
NC_000024.10	16581831	0.0909
NC_000024.10	16582100	0.0909
NC_000024.10	16582620	0.0909
NC_000024.10	16583563	0.0909
NC_000024.10	16584722	0.0909
NC_000024.10	16586694	0.0909
NC_000024.10	16586945	0.1818
NC_000024.10	16586951	0.0909
NC_000024.10	16587370	0.0909
NC_000024.10	16590779	0.0909
NC_000024.10	16591081	0.0909
NC_000024.10	16591515	0.0909
NC_000024.10	16594990	0.0909
NC_000024.10	16598445	0.0909
NC_000024.10	16600260	0.0909
NC_000024.10	16603195	0.0909
NC_000024.10	16607318	0.1818
NC_000024.10	16613268	0.0909
NC_000024.10	16613938	0.0909
NC_000024.10	16614788	0.0909
NC_000024.10	16616187	0.0909
NC_000024.10	16616738	0.1818
NC_000024.10	16617067	0.1818
NC_000024.10	16617392	0.0909
NC_000024.10	16626949	0.0909
NC_000024.10	16629632	0.0909
NC_000024.10	16630322	0.1818
NC_000024.10	16631412	0.0909
NC_000024.10	16631591	0.1818
NC_000024.10	16639538	0.0909
NC_000024.10	16642176	0.0909
NC_000024.10	16644305	0.0909
NC_000024.10	16647227	0.0909
NC_000024.10	16647828	0.0909
NC_000024.10	16647953	0.0909
NC_000024.10	16649875	0.0909
NC_000024.10	16652008	0.0909
NC_000024.10	16652782	0.0909
NC_000024.10	16653769	0.0909
NC_000024.10	16657743	0.0909
NC_000024.10	16664749	0.0909
NC_000024.10	16675245	0.0909
NC_000024.10	16675471	0.0909
NC_000024.10	16676447	0.0909
NC_000024.10	16678823	0.0909
NC_000024.10	16678825	0.0909
NC_000024.10	16684565	0.0909
NC_000024.10	16685316	0.0909
NC_000024.10	16685493	0.0909
NC_000024.10	16687904	0.0909
NC_000024.10	16688072	0.0909
NC_000024.10	16692023	0.0909
NC_000024.10	16692168	0.0909
NC_000024.10	16693068	0.1818
NC_000024.10	16694147	0.1818
NC_000024.10	16694272	0.0909
NC_000024.10	16702450	0.0909
NC_000024.10	16702699	0.0909
NC_000024.10	16702911	0.0909
NC_000024.10	16706932	0.0909
NC_000024.10	16708204	0.1818
NC_000024.10	16711492	0.0909
NC_000024.10	16716308	0.0909
NC_000024.10	16719405	0.0909
NC_000024.10	16719700	0.0909
NC_000024.10	16720863	0.0909
NC_000024.10	16720936	0.0909
NC_000024.10	16721294	0.0909
NC_000024.10	16721332	0.0909
NC_000024.10	16722654	0.1818
NC_000024.10	16725991	0.0909
NC_000024.10	16726615	0.0909
NC_000024.10	16727277	0.0909
NC_000024.10	16731260	0.1818
NC_000024.10	16731492	0.1818
NC_000024.10	16731684	0.0909
NC_000024.10	16735378	0.0909
NC_000024.10	16736275	0.0909
NC_000024.10	16736713	0.0909
NC_000024.10	16743629	0.0909
NC_000024.10	16743863	0.0909
NC_000024.10	16748657	0.0909
NC_000024.10	16750253	0.0909
NC_000024.10	16752328	0.0909
NC_000024.10	16754116	0.0909
NC_000024.10	16756601	0.0909
NC_000024.10	16760202	0.0909
NC_000024.10	16760317	0.0909
NC_000024.10	16760320	0.0909
NC_000024.10	16760327	0.0909
NC_000024.10	16760331	0.0909
NC_000024.10	16760335	0.0909
NC_000024.10	16760339	0.0909
NC_000024.10	16760344	0.0909
NC_000024.10	16760355	0.0909
NC_000024.10	16760359	0.0909
NC_000024.10	16760363	0.0909
NC_000024.10	16760368	0.0909
NC_000024.10	16763793	0.0909
NC_000024.10	16764215	0.0909
NC_000024.10	16764621	0.0909
NC_000024.10	16765303	0.0909
NC_000024.10	16765787	0.0909
NC_000024.10	16766993	0.0909
NC_000024.10	16768303	0.0909
NC_000024.10	16768694	0.1818
NC_000024.10	16771885	0.0909
NC_000024.10	16773195	0.0909
NC_000024.10	16775018	0.0909
NC_000024.10	16776056	0.0909
NC_000024.10	16778183	0.0909
NC_000024.10	16778669	0.0909
NC_000024.10	16778751	0.0909
NC_000024.10	16778755	0.0909
NC_000024.10	16779067	0.0909
NC_000024.10	16779087	0.0909
NC_000024.10	16780067	0.0909
NC_000024.10	16780406	0.0909
NC_000024.10	16782156	0.0909
NC_000024.10	16782271	0.0909
NC_000024.10	16782947	0.0909
NC_000024.10	16788645	0.0909
NC_000024.10	16791953	0.0909
NC_000024.10	16792958	0.1818
NC_000024.10	16793310	0.0909
NC_000024.10	16796047	0.0909
NC_000024.10	16796232	0.1
NC_000024.10	16797042	0.1
NC_000024.10	16797285	0.1
NC_000024.10	16802299	0.1
NC_000024.10	16804868	0.0909
NC_000024.10	16805426	0.0909
NC_000024.10	16805973	0.0909
NC_000024.10	16807315	0.0909
NC_000024.10	16810112	0.0909
NC_000024.10	16813058	0.1818
NC_000024.10	16813434	0.1818
NC_000024.10	16813438	0.0909
NC_000024.10	16813442	0.0909
NC_000024.10	16817399	0.0909
NC_000024.10	16820946	0.0909
NC_000024.10	16821907	0.0909
NC_000024.10	16822741	0.1818
NC_000024.10	16824021	0.0909
NC_000024.10	16828232	0.0909
NC_000024.10	16828322	0.0909
NC_000024.10	16828661	0.1818
NC_000024.10	16829849	0.0909
NC_000024.10	16830691	0.0909
NC_000024.10	16837108	0.1818
NC_000024.10	16839052	0.0909
NC_000024.10	16839218	0.2727
NC_000024.10	16839786	0.0909
NC_000024.10	16840344	0.0909
NC_000024.10	16840345	0.1818
NC_000024.10	16841182	0.0909
NC_000024.10	16842415	0.0909
NC_000024.10	16842790	0.0909
NC_000024.10	16843906	0.0909
NC_000024.10	16845837	0.0909
NC_000024.10	16846369	0.0909
NC_000024.10	16846549	0.0909
NC_000024.10	16847313	0.0909
NC_000024.10	16849631	0.0909
NC_000024.10	16849994	0.0909
NC_000024.10	16850124	0.1818
NC_000024.10	16851255	0.0909
NC_000024.10	16851617	0.0909
NC_000024.10	16852599	0.1818
NC_000024.10	16853357	0.0909
NC_000024.10	16855010	0.0909
NC_000024.10	16855042	0.0909
NC_000024.10	16855828	0.0909
NC_000024.10	16855999	0.1818
NC_000024.10	16856405	0.1818
NC_000024.10	16856771	0.0909
NC_000024.10	16859395	0.1818
NC_000024.10	16861304	0.0909
NC_000024.10	16862315	0.1818
NC_000024.10	16863723	0.1818
NC_000024.10	16865001	0.0909
NC_000024.10	16867955	0.0909
NC_000024.10	16869402	0.0909
NC_000024.10	16869690	0.0909
NC_000024.10	16870734	0.0909
NC_000024.10	16875051	0.0909
NC_000024.10	16875881	0.1818
NC_000024.10	16878366	0.0909
NC_000024.10	16880382	0.0909
NC_000024.10	16881076	0.0909
NC_000024.10	16883210	0.0909
NC_000024.10	16885113	0.0909
NC_000024.10	16886701	0.0909
NC_000024.10	16889232	0.1818
NC_000024.10	16889237	0.1818
NC_000024.10	16889620	0.0909
NC_000024.10	16890670	0.0909
NC_000024.10	16892094	0.0909
NC_000024.10	16892127	0.0909
NC_000024.10	16892300	0.0909
NC_000024.10	16894997	0.0909
NC_000024.10	16896752	0.0833
NC_000024.10	16900535	0.0833
NC_000024.10	16901593	0.0833
NC_000024.10	16901597	0.0833
NC_000024.10	16901704	0.0833
NC_000024.10	16901720	0.0833
NC_000024.10	16902119	0.0833
NC_000024.10	16903488	0.0833
NC_000024.10	16904362	0.1667
NC_000024.10	16904529	0.0833
NC_000024.10	16904634	0.25
NC_000024.10	16904697	0.0833
NC_000024.10	16907114	0.1667
NC_000024.10	16907217	0.0833
NC_000024.10	16907528	0.25
NC_000024.10	16908370	0.0833
NC_000024.10	16910301	0.0833
NC_000024.10	16910370	0.0833
NC_000024.10	16912133	0.0833
NC_000024.10	16912839	0.0833
NC_000024.10	16912984	0.0833
NC_000024.10	16913770	0.0833
NC_000024.10	16913951	0.0833
NC_000024.10	16915288	0.25
NC_000024.10	16916485	0.0833
NC_000024.10	16917586	0.0833
NC_000024.10	16917613	0.0833
NC_000024.10	16917890	0.1667
NC_000024.10	16917958	0.0833
NC_000024.10	16919119	0.0833
NC_000024.10	16921579	0.25
NC_000024.10	16927870	0.0833
NC_000024.10	16932934	0.0833
NC_000024.10	16935974	0.0833
NC_000024.10	16936512	0.1667
NC_000024.10	16936514	0.0833
NC_000024.10	16936845	0.1667
NC_000024.10	16938420	0.0833
NC_000024.10	16938597	0.0833
NC_000024.10	16942170	0.0833
NC_000024.10	16942623	0.0833
NC_000024.10	16942722	0.1667
NC_000024.10	16943762	0.0833
NC_000024.10	16946496	0.0833
NC_000024.10	16947021	0.0833
NC_000024.10	16947320	0.1667
NC_000024.10	16948001	0.0833
NC_000024.10	16951089	0.1667
NC_000024.10	16953565	0.0833
NC_000024.10	16955527	0.0833
NC_000024.10	16958029	0.0833
NC_000024.10	16960203	0.0833
NC_000024.10	16960460	0.0833
NC_000024.10	16961142	0.0833
NC_000024.10	16961208	0.0833
NC_000024.10	16962074	0.1667
NC_000024.10	16963644	0.0833
NC_000024.10	16965514	0.0833
NC_000024.10	16966155	0.0833
NC_000024.10	16969637	0.0833
NC_000024.10	16969883	0.0833
NC_000024.10	16971432	0.0833
NC_000024.10	16972000	0.0833
NC_000024.10	16972088	0.0833
NC_000024.10	16972507	0.0833
NC_000024.10	16973514	0.0833
NC_000024.10	16976025	0.0833
NC_000024.10	16976689	0.0833
NC_000024.10	16978757	0.1667
NC_000024.10	16979697	0.0833
NC_000024.10	16979786	0.0833
NC_000024.10	16980195	0.0833
NC_000024.10	16983985	0.1667
NC_000024.10	16984077	0.0833
NC_000024.10	16985775	0.0833
NC_000024.10	16987415	0.0833
NC_000024.10	16987967	0.0833
NC_000024.10	16989208	0.0833
NC_000024.10	16990504	0.0833
NC_000024.10	16990946	0.0833
NC_000024.10	16991521	0.0833
NC_000024.10	16991746	0.0833
NC_000024.10	16992010	0.0833
NC_000024.10	16992014	0.0833
NC_000024.10	16992018	0.0833
NC_000024.10	16993286	0.0833
NC_000024.10	16996310	0.0833
NC_000024.10	16997453	0.1667
NC_000024.10	16998720	0.1667
NC_000024.10	16999036	0.0833
NC_000024.10	17000688	0.1667
NC_000024.10	17002799	0.0833
NC_000024.10	17002955	0.0833
NC_000024.10	17005797	0.0833
NC_000024.10	17006301	0.1667
NC_000024.10	17008663	0.0833
NC_000024.10	17009418	0.0833
NC_000024.10	17009926	0.0833
NC_000024.10	17010058	0.0833
NC_000024.10	17010059	0.0833
NC_000024.10	17015765	0.1667
NC_000024.10	17015767	0.0833
NC_000024.10	17015787	0.0833
NC_000024.10	17015789	0.1667
NC_000024.10	17016878	0.1667
NC_000024.10	17017056	0.0833
NC_000024.10	17017453	0.0833
NC_000024.10	17020592	0.0833
NC_000024.10	17021010	0.0833
NC_000024.10	17026473	0.3
NC_000024.10	17026475	0.1818
NC_000024.10	17027087	0.1818
NC_000024.10	17028152	0.0909
NC_000024.10	17028799	0.1818
NC_000024.10	17030970	0.0909
NC_000024.10	17034855	0.0909
NC_000024.10	17034997	0.0909
NC_000024.10	17036794	0.0909
NC_000024.10	17037673	0.0909
NC_000024.10	17037712	0.0909
NC_000024.10	17038647	0.0909
NC_000024.10	17039994	0.0909
NC_000024.10	17040191	0.0909
NC_000024.10	17040488	0.0909
NC_000024.10	17042025	0.0909
NC_000024.10	17042591	0.0909
NC_000024.10	17043747	0.0909
NC_000024.10	17047503	0.0909
NC_000024.10	17048868	0.0909
NC_000024.10	17054028	0.1818
NC_000024.10	17055792	0.0909
NC_000024.10	17056847	0.0909
NC_000024.10	17057096	0.0909
NC_000024.10	17057603	0.0909
NC_000024.10	17058574	0.1
NC_000024.10	17062166	0.0909
NC_000024.10	17065123	0.0909
NC_000024.10	17065124	0.0909
NC_000024.10	17065442	0.0909
NC_000024.10	17065731	0.0909
NC_000024.10	17066261	0.0909
NC_000024.10	17068570	0.0909
NC_000024.10	17070828	0.1818
NC_000024.10	17070973	0.0909
NC_000024.10	17071465	0.0909
NC_000024.10	17071952	0.0909
NC_000024.10	17079422	0.0909
NC_000024.10	17081147	0.1818
NC_000024.10	17082185	0.0909
NC_000024.10	17085992	0.0909
NC_000024.10	17090203	0.0909
NC_000024.10	17093934	0.0909
NC_000024.10	17095901	0.0909
NC_000024.10	17095963	0.0909
NC_000024.10	17098082	0.0909
NC_000024.10	17100022	0.0909
NC_000024.10	17100399	0.0909
NC_000024.10	17100585	0.0909
NC_000024.10	17106157	0.0909
NC_000024.10	17106788	0.0909
NC_000024.10	17107841	0.0909
NC_000024.10	17108564	0.0909
NC_000024.10	17113022	0.0909
NC_000024.10	17115420	0.0909
NC_000024.10	17117015	0.1818
NC_000024.10	17117264	0.0909
NC_000024.10	17121442	0.0909
NC_000024.10	17122110	0.0909
NC_000024.10	17122113	0.0909
NC_000024.10	17123149	0.1818
NC_000024.10	17123751	0.0909
NC_000024.10	17124819	0.0909
NC_000024.10	17125213	0.1818
NC_000024.10	17125682	0.0909
NC_000024.10	17126421	0.0909
NC_000024.10	17129621	0.0909
NC_000024.10	17130210	0.0909
NC_000024.10	17131855	0.0833
NC_000024.10	17132997	0.1667
NC_000024.10	17133200	0.0833
NC_000024.10	17133322	0.0833
NC_000024.10	17133593	0.0833
NC_000024.10	17134396	0.0833
NC_000024.10	17134658	0.1667
NC_000024.10	17135467	0.0833
NC_000024.10	17137685	0.0833
NC_000024.10	17138462	0.0833
NC_000024.10	17139519	0.0833
NC_000024.10	17140245	0.0833
NC_000024.10	17140320	0.0833
NC_000024.10	17141364	0.0833
NC_000024.10	17141730	0.0833
NC_000024.10	17145505	0.0833
NC_000024.10	17147010	0.1667
NC_000024.10	17148775	0.0833
NC_000024.10	17148938	0.0833
NC_000024.10	17149336	0.0833
NC_000024.10	17152136	0.0833
NC_000024.10	17154091	0.0833
NC_000024.10	17154300	0.0833
NC_000024.10	17156318	0.0909
NC_000024.10	17157426	0.0833
NC_000024.10	17157974	0.0833
NC_000024.10	17158018	0.0833
NC_000024.10	17159207	0.0833
NC_000024.10	17159520	0.0833
NC_000024.10	17161201	0.0833
NC_000024.10	17162402	0.0833
NC_000024.10	17165866	0.0833
NC_000024.10	17167885	0.0833
NC_000024.10	17171213	0.0833
NC_000024.10	17172139	0.0833
NC_000024.10	17172219	0.0833
NC_000024.10	17174100	0.0833
NC_000024.10	17174108	0.0833
NC_000024.10	17174139	0.0833
NC_000024.10	17174525	0.0833
NC_000024.10	17177540	0.1667
NC_000024.10	17182691	0.0833
NC_000024.10	17183176	0.0833
NC_000024.10	17186258	0.0833
NC_000024.10	17186526	0.0833
NC_000024.10	17188576	0.0833
NC_000024.10	17189801	0.0833
NC_000024.10	17190314	0.1667
NC_000024.10	17190723	0.0833
NC_000024.10	17190798	0.0833
NC_000024.10	17191444	0.0833
NC_000024.10	17194575	0.1667
NC_000024.10	17194650	0.0833
NC_000024.10	17198189	0.0833
NC_000024.10	17201299	0.0833
NC_000024.10	17202231	0.0833
NC_000024.10	17204509	0.0833
NC_000024.10	17205202	0.0833
NC_000024.10	17206627	0.1667
NC_000024.10	17211093	0.1667
NC_000024.10	17211280	0.0833
NC_000024.10	17211646	0.0833
NC_000024.10	17212744	0.0833
NC_000024.10	17213285	0.0833
NC_000024.10	17213341	0.0833
NC_000024.10	17214025	0.0833
NC_000024.10	17214276	0.0833
NC_000024.10	17215027	0.0833
NC_000024.10	17215628	0.1667
NC_000024.10	17218523	0.0833
NC_000024.10	17220627	0.0833
NC_000024.10	17221941	0.1667
NC_000024.10	17222434	0.0833
NC_000024.10	17225379	0.0833
NC_000024.10	17226407	0.0833
NC_000024.10	17228905	0.0833
NC_000024.10	17229712	0.0833
NC_000024.10	17237735	0.0833
NC_000024.10	17237831	0.0833
NC_000024.10	17241811	0.0833
NC_000024.10	17242699	0.0833
NC_000024.10	17243168	0.0833
NC_000024.10	17243595	0.0833
NC_000024.10	17244082	0.0833
NC_000024.10	17245113	0.0833
NC_000024.10	17246085	0.0833
NC_000024.10	17248792	0.0833
NC_000024.10	17249088	0.0833
NC_000024.10	17249627	0.0833
NC_000024.10	17249822	0.1667
NC_000024.10	17251853	0.0833
NC_000024.10	17256012	0.0833
NC_000024.10	17259036	0.0833
NC_000024.10	17260506	0.1667
NC_000024.10	17260648	0.0833
NC_000024.10	17263778	0.1667
NC_000024.10	17263994	0.0833
NC_000024.10	17265528	0.0833
NC_000024.10	17265532	0.0833
NC_000024.10	17265559	0.4167
NC_000024.10	17266066	0.0833
NC_000024.10	17266096	0.0833
NC_000024.10	17267233	0.0833
NC_000024.10	17267962	0.0833
NC_000024.10	17268606	0.1667
NC_000024.10	17272527	0.0833
NC_000024.10	17273632	0.1667
NC_000024.10	17276593	0.1667
NC_000024.10	17277500	0.0833
NC_000024.10	17278910	0.0833
NC_000024.10	17279740	0.0833
NC_000024.10	17279746	0.0833
NC_000024.10	17280042	0.0833
NC_000024.10	17280923	0.0833
NC_000024.10	17281280	0.0833
NC_000024.10	17287668	0.0833
NC_000024.10	17288109	0.0833
NC_000024.10	17290590	0.0833
NC_000024.10	17292423	0.1667
NC_000024.10	17293076	0.0833
NC_000024.10	17293157	0.0833
NC_000024.10	17294560	0.0833
NC_000024.10	17294880	0.0833
NC_000024.10	17295847	0.0833
NC_000024.10	17296200	0.0833
NC_000024.10	17299874	0.0833
NC_000024.10	17302594	0.1667
NC_000024.10	17302856	0.0833
NC_000024.10	17303055	0.0833
NC_000024.10	17303114	0.0833
NC_000024.10	17303405	0.0833
NC_000024.10	17304120	0.0833
NC_000024.10	17305708	0.0833
NC_000024.10	17306689	0.25
NC_000024.10	17309508	0.0833
NC_000024.10	17310651	0.0833
NC_000024.10	17312403	0.1667
NC_000024.10	17315214	0.0833
NC_000024.10	17316273	0.0833
NC_000024.10	17316997	0.0833
NC_000024.10	17317597	0.0833
NC_000024.10	17319728	0.0833
NC_000024.10	17321584	0.0833
NC_000024.10	17322608	0.0833
NC_000024.10	17324796	0.2727
NC_000024.10	17324850	0.0833
NC_000024.10	17324854	0.0833
NC_000024.10	17324858	0.0833
NC_000024.10	17324866	0.0833
NC_000024.10	17327572	0.0833
NC_000024.10	17331159	0.0833
NC_000024.10	17333038	0.0833
NC_000024.10	17333372	0.1667
NC_000024.10	17334093	0.0833
NC_000024.10	17335573	0.0833
NC_000024.10	17336931	0.0833
NC_000024.10	17339516	0.0833
NC_000024.10	17343085	0.1667
NC_000024.10	17345563	0.0833
NC_000024.10	17345846	0.0833
NC_000024.10	17346530	0.0833
NC_000024.10	17347218	0.0833
NC_000024.10	17347594	0.0833
NC_000024.10	17348182	0.0833
NC_000024.10	17349719	0.1667
NC_000024.10	17351114	0.0833
NC_000024.10	17351768	0.0833
NC_000024.10	17352949	0.0833
NC_000024.10	17355950	0.0833
NC_000024.10	17357997	0.3333
NC_000024.10	17357998	0.1667
NC_000024.10	17358006	0.1667
NC_000024.10	17363195	0.0833
NC_000024.10	17367099	0.0833
NC_000024.10	17367452	0.0833
NC_000024.10	17367848	0.0833
NC_000024.10	17369988	0.1667
NC_000024.10	17370747	0.0833
NC_000024.10	17375185	0.0833
NC_000024.10	17377992	0.0833
NC_000024.10	17383707	0.0833
NC_000024.10	17386242	0.0833
NC_000024.10	17387498	0.0833
NC_000024.10	17387909	0.0833
NC_000024.10	17388227	0.0833
NC_000024.10	17389106	0.1
NC_000024.10	17391201	0.2
NC_000024.10	17391820	0.1
NC_000024.10	17392421	0.1
NC_000024.10	17394612	0.1
NC_000024.10	17401190	0.1
NC_000024.10	17403400	0.1
NC_000024.10	17405992	0.2
NC_000024.10	17407950	0.1
NC_000024.10	17408393	0.1
NC_000024.10	17409052	0.1
NC_000024.10	17409923	0.1
NC_000024.10	17410224	0.1
NC_000024.10	17410273	0.1
NC_000024.10	17413242	0.1
NC_000024.10	17413541	0.2
NC_000024.10	17417780	0.1
NC_000024.10	17419610	0.1
NC_000024.10	17422944	0.1
NC_000024.10	17424530	0.1
NC_000024.10	17426111	0.1
NC_000024.10	17428946	0.1
NC_000024.10	17431587	0.1
NC_000024.10	17432025	0.1
NC_000024.10	17432924	0.1
NC_000024.10	17434621	0.2
NC_000024.10	17435485	0.1
NC_000024.10	17436106	0.1
NC_000024.10	17437883	0.1
NC_000024.10	17438348	0.1
NC_000024.10	17439022	0.1
NC_000024.10	17439460	0.1
NC_000024.10	17439584	0.1
NC_000024.10	17440835	0.1
NC_000024.10	17442131	0.1
NC_000024.10	17444069	0.1
NC_000024.10	17445854	0.1
NC_000024.10	17446339	0.1
NC_000024.10	17446566	0.1
NC_000024.10	17447429	0.1
NC_000024.10	17448124	0.1
NC_000024.10	17448179	0.1
NC_000024.10	17449867	0.1
NC_000024.10	17450076	0.1
NC_000024.10	17450186	0.1
NC_000024.10	17450193	0.2
NC_000024.10	17450204	0.1
NC_000024.10	17450216	0.2
NC_000024.10	17450284	0.2
NC_000024.10	17450337	0.1
NC_000024.10	17450660	0.2
NC_000024.10	17452147	0.1
NC_000024.10	17453461	0.1
NC_000024.10	17453910	0.1
NC_000024.10	17951262	0.0909
NC_000024.10	17953132	0.1818
NC_000024.10	17953855	0.0909
NC_000024.10	18640994	0.0833
NC_000024.10	18641516	0.0833
NC_000024.10	18642269	0.0833
NC_000024.10	18642740	0.0833
NC_000024.10	18642997	0.0833
NC_000024.10	18642999	0.25
NC_000024.10	18644050	0.0833
NC_000024.10	18647623	0.1667
NC_000024.10	18648657	0.0833
NC_000024.10	18648738	0.0833
NC_000024.10	18650425	0.25
NC_000024.10	18651394	0.0833
NC_000024.10	18651764	0.0833
NC_000024.10	18653568	0.1
NC_000024.10	18653570	0.1
NC_000024.10	18653572	0.1
NC_000024.10	18653705	0.1
NC_000024.10	18655343	0.1
NC_000024.10	18658740	0.2
NC_000024.10	18660821	0.1
NC_000024.10	18663186	0.1
NC_000024.10	18663443	0.1
NC_000024.10	18664541	0.2
NC_000024.10	18665572	0.1
NC_000024.10	18666824	0.1111
NC_000024.10	18667055	0.1111
NC_000024.10	18667306	0.1111
NC_000024.10	18669258	0.1111
NC_000024.10	18673575	0.1111
NC_000024.10	18674178	0.1111
NC_000024.10	18678603	0.1111
NC_000024.10	18678788	0.1111
NC_000024.10	18871420	0.1111
NC_000024.10	18873419	0.0909
NC_000024.10	18881560	0.0833
NC_000024.10	18884233	0.0833
NC_000024.10	18884474	0.0833
NC_000024.10	18886899	0.0833
NC_000024.10	18887431	0.0833
NC_000024.10	18891257	0.0833
NC_000024.10	18892066	0.0833
NC_000024.10	18893935	0.1667
NC_000024.10	18894090	0.0833
NC_000024.10	18895404	0.0833
NC_000024.10	18896574	0.0833
NC_000024.10	18897082	0.0833
NC_000024.10	18899781	0.1667
NC_000024.10	18903156	0.0833
NC_000024.10	18904980	0.0833
NC_000024.10	18906020	0.1667
NC_000024.10	18906599	0.0833
NC_000024.10	18907495	0.0833
NC_000024.10	18914935	0.0833
NC_000024.10	18914941	0.0833
NC_000024.10	18916049	0.0833
NC_000024.10	18918821	0.0833
NC_000024.10	18921534	0.0833
NC_000024.10	18922445	0.0833
NC_000024.10	18922447	0.0833
NC_000024.10	18922555	0.1667
NC_000024.10	18923416	0.1667
NC_000024.10	18925144	0.0833
NC_000024.10	18925993	0.1667
NC_000024.10	18926568	0.0833
NC_000024.10	18930309	0.0833
NC_000024.10	18930390	0.1667
NC_000024.10	18931751	0.0833
NC_000024.10	18933292	0.0833
NC_000024.10	18933736	0.0833
NC_000024.10	18934688	0.0833
NC_000024.10	18935137	0.0833
NC_000024.10	18939137	0.0833
NC_000024.10	18942237	0.0833
NC_000024.10	18944158	0.0833
NC_000024.10	18947817	0.0833
NC_000024.10	18948268	0.0833
NC_000024.10	18950996	0.1667
NC_000024.10	18951020	0.1667
NC_000024.10	18952050	0.0833
NC_000024.10	18954431	0.0833
NC_000024.10	18955017	0.0833
NC_000024.10	18955156	0.0833
NC_000024.10	18958036	0.1667
NC_000024.10	18958081	0.0833
NC_000024.10	18958984	0.0833
NC_000024.10	18959769	0.0833
NC_000024.10	18960185	0.0833
NC_000024.10	18961078	0.1667
NC_000024.10	18961081	0.0833
NC_000024.10	18966034	0.0833
NC_000024.10	18968510	0.0833
NC_000024.10	18969701	0.1667
NC_000024.10	18969874	0.0833
NC_000024.10	18970163	0.0833
NC_000024.10	18971095	0.1667
NC_000024.10	18973131	0.1667
NC_000024.10	18974914	0.0833
NC_000024.10	18975033	0.0833
NC_000024.10	18979202	0.0833
NC_000024.10	18980557	0.0833
NC_000024.10	18982597	0.1667
NC_000024.10	18983532	0.0833
NC_000024.10	18985450	0.1667
NC_000024.10	18987848	0.0833
NC_000024.10	18988446	0.0833
NC_000024.10	18989302	0.1667
NC_000024.10	18995279	0.1667
NC_000024.10	18999637	0.0833
NC_000024.10	18999875	0.0833
NC_000024.10	19001899	0.1667
NC_000024.10	19004489	0.0833
NC_000024.10	19010440	0.0833
NC_000024.10	19012183	0.0833
NC_000024.10	19013945	0.0833
NC_000024.10	19014071	0.0833
NC_000024.10	19014072	0.0833
NC_000024.10	19015170	0.1667
NC_000024.10	19015206	0.0833
NC_000024.10	19015328	0.0833
NC_000024.10	19015333	0.0833
NC_000024.10	19015334	0.0833
NC_000024.10	19021685	0.0833
NC_000024.10	19021764	0.0833
NC_000024.10	19024158	0.0833
NC_000024.10	19024377	0.0833
NC_000024.10	19024672	0.0833
NC_000024.10	19025486	0.1667
NC_000024.10	19027711	0.0833
NC_000024.10	19028684	0.0833
NC_000024.10	19028841	0.0833
NC_000024.10	19031020	0.0833
NC_000024.10	19031637	0.0833
NC_000024.10	19035006	0.0833
NC_000024.10	19035165	0.0833
NC_000024.10	19036407	0.1667
NC_000024.10	19040797	0.0833
NC_000024.10	19041246	0.0833
NC_000024.10	19045981	0.0833
NC_000024.10	19049511	0.0833
NC_000024.10	19050132	0.0833
NC_000024.10	19051515	0.1667
NC_000024.10	19053003	0.0833
NC_000024.10	19055108	0.0833
NC_000024.10	19055876	0.0833
NC_000024.10	19056520	0.0833
NC_000024.10	19057452	0.1667
NC_000024.10	19060480	0.0833
NC_000024.10	19061357	0.0833
NC_000024.10	19062969	0.0833
NC_000024.10	19065537	0.0833
NC_000024.10	19067870	0.0833
NC_000024.10	19069137	0.0833
NC_000024.10	19069395	0.0833
NC_000024.10	19071075	0.0833
NC_000024.10	19071768	0.0833
NC_000024.10	19076320	0.1667
NC_000024.10	19077175	0.0833
NC_000024.10	19082551	0.0833
NC_000024.10	19083550	0.0833
NC_000024.10	19085737	0.0833
NC_000024.10	19086219	0.1667
NC_000024.10	19087076	0.1667
NC_000024.10	19087808	0.1667
NC_000024.10	19088673	0.1667
NC_000024.10	19089098	0.0833
NC_000024.10	19090163	0.0833
NC_000024.10	19090830	0.0833
NC_000024.10	19091688	0.1667
NC_000024.10	19093570	0.0833
NC_000024.10	19094001	0.0833
NC_000024.10	19094333	0.0833
NC_000024.10	19097008	0.1667
NC_000024.10	19097683	0.1667
NC_000024.10	19098541	0.0833
NC_000024.10	19099146	0.1667
NC_000024.10	19099851	0.0833
NC_000024.10	19101539	0.0833
NC_000024.10	19103440	0.0833
NC_000024.10	19104593	0.1667
NC_000024.10	19105220	0.25
NC_000024.10	19105790	0.1667
NC_000024.10	19106228	0.0833
NC_000024.10	19107736	0.0833
NC_000024.10	19108675	0.0833
NC_000024.10	19108744	0.1667
NC_000024.10	19110304	0.0833
NC_000024.10	19111171	0.0833
NC_000024.10	19111207	0.0833
NC_000024.10	19111755	0.0833
NC_000024.10	19112092	0.0833
NC_000024.10	19113308	0.0833
NC_000024.10	19113974	0.0833
NC_000024.10	19115525	0.1667
NC_000024.10	19117670	0.0833
NC_000024.10	19117821	0.0833
NC_000024.10	19118060	0.0833
NC_000024.10	19119217	0.0833
NC_000024.10	19119463	0.1667
NC_000024.10	19119720	0.0833
NC_000024.10	19119829	0.0833
NC_000024.10	19120888	0.0833
NC_000024.10	19122988	0.0833
NC_000024.10	19123308	0.1667
NC_000024.10	19123996	0.0833
NC_000024.10	19127266	0.0833
NC_000024.10	19129389	0.0833
NC_000024.10	19129829	0.0833
NC_000024.10	19129831	0.0833
NC_000024.10	19130441	0.0833
NC_000024.10	19130632	0.0833
NC_000024.10	19132081	0.0833
NC_000024.10	19132217	0.0833
NC_000024.10	19135504	0.0833
NC_000024.10	19139478	0.0833
NC_000024.10	19142843	0.0833
NC_000024.10	19144429	0.0833
NC_000024.10	19146012	0.0833
NC_000024.10	19148764	0.0833
NC_000024.10	19149255	0.0833
NC_000024.10	19149784	0.0833
NC_000024.10	19152818	0.0833
NC_000024.10	19153756	0.0833
NC_000024.10	19153860	0.0833
NC_000024.10	19154585	0.0833
NC_000024.10	19155310	0.0833
NC_000024.10	19156294	0.0833
NC_000024.10	19158130	0.0833
NC_000024.10	19159282	0.0833
NC_000024.10	19161400	0.1667
NC_000024.10	19163903	0.25
NC_000024.10	19164809	0.0833
NC_000024.10	19167477	0.1667
NC_000024.10	19169741	0.0833
NC_000024.10	19173680	0.0833
NC_000024.10	19173724	0.0833
NC_000024.10	19176419	0.0833
NC_000024.10	19177196	0.0833
NC_000024.10	19178045	0.1667
NC_000024.10	19179458	0.0833
NC_000024.10	19181673	0.0833
NC_000024.10	19181743	0.0833
NC_000024.10	19181759	0.0833
NC_000024.10	19182622	0.0833
NC_000024.10	19182702	0.0833
NC_000024.10	19182902	0.1667
NC_000024.10	19184891	0.1667
NC_000024.10	19185088	0.0833
NC_000024.10	19185089	0.0833
NC_000024.10	19185096	0.0833
NC_000024.10	19186733	0.0833
NC_000024.10	19187233	0.0833
NC_000024.10	19188059	0.0833
NC_000024.10	19190796	0.0833
NC_000024.10	19191054	0.0833
NC_000024.10	19191469	0.0833
NC_000024.10	19192079	0.1667
NC_000024.10	19194119	0.0833
NC_000024.10	19196311	0.0833
NC_000024.10	19197161	0.0833
NC_000024.10	19198479	0.0833
NC_000024.10	19199350	0.0833
NC_000024.10	19199355	0.0833
NC_000024.10	19203190	0.0833
NC_000024.10	19203775	0.1667
NC_000024.10	19205782	0.0833
NC_000024.10	19206326	0.25
NC_000024.10	19206331	0.1667
NC_000024.10	19208376	0.0833
NC_000024.10	19209025	0.0833
NC_000024.10	19213369	0.0833
NC_000024.10	19213743	0.1667
NC_000024.10	19214224	0.0909
NC_000024.10	19215153	0.0909
NC_000024.10	19216687	0.1818
NC_000024.10	19220127	0.0833
NC_000024.10	19222712	0.0833
NC_000024.10	19223267	0.0833
NC_000024.10	19223838	0.1667
NC_000024.10	19225289	0.0833
NC_000024.10	19226557	0.0833
NC_000024.10	19227354	0.0833
NC_000024.10	19227406	0.0833
NC_000024.10	19227781	0.0833
NC_000024.10	19228428	0.0833
NC_000024.10	19229354	0.1667
NC_000024.10	19229590	0.0833
NC_000024.10	19229765	0.0833
NC_000024.10	19229965	0.0833
NC_000024.10	19233064	0.0909
NC_000024.10	19233764	0.0909
NC_000024.10	19235074	0.0909
NC_000024.10	19235300	0.0909
NC_000024.10	19235571	0.0909
NC_000024.10	19235989	0.0909
NC_000024.10	19236698	0.1667
NC_000024.10	19237841	0.1667
NC_000024.10	19238046	0.0833
NC_000024.10	19240143	0.0833
NC_000024.10	19240575	0.0833
NC_000024.10	19243885	0.0833
NC_000024.10	19246160	0.0833
NC_000024.10	19249001	0.0833
NC_000024.10	19250934	0.0833
NC_000024.10	19251089	0.1667
NC_000024.10	19251749	0.1667
NC_000024.10	19252452	0.0833
NC_000024.10	19253054	0.0833
NC_000024.10	19261734	0.0833
NC_000024.10	19262586	0.1667
NC_000024.10	19263259	0.0833
NC_000024.10	19263489	0.0833
NC_000024.10	19265023	0.0833
NC_000024.10	19265713	0.0833
NC_000024.10	19265781	0.1667
NC_000024.10	19268102	0.1667
NC_000024.10	19272498	0.0833
NC_000024.10	19278261	0.0833
NC_000024.10	19279050	0.0833
NC_000024.10	19285071	0.0833
NC_000024.10	19286050	0.0833
NC_000024.10	19286998	0.0833
NC_000024.10	19287300	0.0833
NC_000024.10	19290092	0.1818
NC_000024.10	19290100	0.0909
NC_000024.10	19290315	0.0909
NC_000024.10	19290448	0.0909
NC_000024.10	19291665	0.0909
NC_000024.10	19292257	0.0833
NC_000024.10	19296849	0.0833
NC_000024.10	19297545	0.0833
NC_000024.10	19297969	0.1667
NC_000024.10	19297989	0.0833
NC_000024.10	19298517	0.0833
NC_000024.10	19301440	0.0833
NC_000024.10	19302341	0.0833
NC_000024.10	19304571	0.0833
NC_000024.10	19304711	0.0833
NC_000024.10	19304943	0.0833
NC_000024.10	19305231	0.0833
NC_000024.10	19306705	0.0833
NC_000024.10	19307150	0.0833
NC_000024.10	19307530	0.1667
NC_000024.10	19308661	0.0833
NC_000024.10	19309843	0.0833
NC_000024.10	19310415	0.0833
NC_000024.10	19312084	0.0833
NC_000024.10	19313820	0.0833
NC_000024.10	19314384	0.0833
NC_000024.10	19314587	0.0833
NC_000024.10	19315334	0.0833
NC_000024.10	19315346	0.1667
NC_000024.10	19315352	0.1667
NC_000024.10	19316820	0.0833
NC_000024.10	19317333	0.0833
NC_000024.10	19319543	0.0833
NC_000024.10	19320081	0.0833
NC_000024.10	19320597	0.1667
NC_000024.10	19321294	0.0833
NC_000024.10	19324704	0.0833
NC_000024.10	19325893	0.0833
NC_000024.10	19326723	0.0833
NC_000024.10	19328305	0.0833
NC_000024.10	19328366	0.0833
NC_000024.10	19329229	0.0833
NC_000024.10	19330907	0.0833
NC_000024.10	19332238	0.0833
NC_000024.10	19332321	0.0833
NC_000024.10	19333830	0.0833
NC_000024.10	19333881	0.0833
NC_000024.10	19334090	0.0833
NC_000024.10	19334356	0.0833
NC_000024.10	19337302	0.0833
NC_000024.10	19338061	0.0833
NC_000024.10	19342133	0.0833
NC_000024.10	19342563	0.0833
NC_000024.10	19348510	0.0833
NC_000024.10	19348751	0.0833
NC_000024.10	19349257	0.0833
NC_000024.10	19349750	0.0833
NC_000024.10	19350533	0.0833
NC_000024.10	19355135	0.0833
NC_000024.10	19356835	0.0833
NC_000024.10	19357130	0.0833
NC_000024.10	19357447	0.0833
NC_000024.10	19357929	0.0833
NC_000024.10	19360549	0.1667
NC_000024.10	19362273	0.1667
NC_000024.10	19365393	0.0833
NC_000024.10	19365670	0.0833
NC_000024.10	19366627	0.0833
NC_000024.10	19370503	0.0833
NC_000024.10	19370949	0.0833
NC_000024.10	19371519	0.0833
NC_000024.10	19372069	0.0833
NC_000024.10	19372983	0.0833
NC_000024.10	19373166	0.0833
NC_000024.10	19375605	0.0833
NC_000024.10	19375634	0.1667
NC_000024.10	19376306	0.1667
NC_000024.10	19377738	0.0833
NC_000024.10	19379101	0.0833
NC_000024.10	19379102	0.0833
NC_000024.10	19379142	0.1667
NC_000024.10	19380328	0.0833
NC_000024.10	19381982	0.0833
NC_000024.10	19384104	0.0833
NC_000024.10	19388451	0.0909
NC_000024.10	19389766	0.0909
NC_000024.10	19389786	0.0909
NC_000024.10	19389806	0.0909
NC_000024.10	19389807	0.0909
NC_000024.10	19389826	0.1818
NC_000024.10	19389881	0.0909
NC_000024.10	19389937	0.0909
NC_000024.10	19389939	0.2727
NC_000024.10	19389957	0.0909
NC_000024.10	19389999	0.0909
NC_000024.10	19390031	0.1818
NC_000024.10	19390562	0.0909
NC_000024.10	19391624	0.0909
NC_000024.10	19392063	0.0909
NC_000024.10	19392073	0.0909
NC_000024.10	19393152	0.0833
NC_000024.10	19394651	0.0833
NC_000024.10	19394991	0.0833
NC_000024.10	19399819	0.0833
NC_000024.10	19400229	0.1667
NC_000024.10	19400904	0.0833
NC_000024.10	19402008	0.1667
NC_000024.10	19402768	0.0833
NC_000024.10	19404076	0.1667
NC_000024.10	19404156	0.0833
NC_000024.10	19405785	0.0833
NC_000024.10	19405800	0.0833
NC_000024.10	19406046	0.0833
NC_000024.10	19406701	0.0833
NC_000024.10	19408346	0.0833
NC_000024.10	19408717	0.1667
NC_000024.10	19409250	0.0833
NC_000024.10	19410009	0.0833
NC_000024.10	19411291	0.0833
NC_000024.10	19411954	0.1667
NC_000024.10	19412972	0.0833
NC_000024.10	19414165	0.0833
NC_000024.10	19414816	0.0833
NC_000024.10	19415223	0.0833
NC_000024.10	19415880	0.0833
NC_000024.10	19417225	0.0833
NC_000024.10	19417512	0.1667
NC_000024.10	19418776	0.0833
NC_000024.10	19420252	0.0833
NC_000024.10	19420465	0.0833
NC_000024.10	19420611	0.0833
NC_000024.10	19421145	0.0833
NC_000024.10	19422596	0.0833
NC_000024.10	19422909	0.0833
NC_000024.10	19423524	0.0833
NC_000024.10	19423628	0.1667
NC_000024.10	19426038	0.0833
NC_000024.10	19430261	0.0833
NC_000024.10	19436011	0.1667
NC_000024.10	19436943	0.0833
NC_000024.10	19438779	0.0833
NC_000024.10	19447931	0.0833
NC_000024.10	19448945	0.0833
NC_000024.10	19450732	0.1667
NC_000024.10	19454304	0.1667
NC_000024.10	19454636	0.0833
NC_000024.10	19454807	0.0833
NC_000024.10	19455907	0.0833
NC_000024.10	19456127	0.1667
NC_000024.10	19456697	0.0833
NC_000024.10	19456970	0.0833
NC_000024.10	19459678	0.0833
NC_000024.10	19460210	0.0833
NC_000024.10	19460495	0.0833
NC_000024.10	19462685	0.1667
NC_000024.10	19462748	0.1667
NC_000024.10	19465991	0.0909
NC_000024.10	19466843	0.0909
NC_000024.10	19471565	0.0833
NC_000024.10	19475116	0.0833
NC_000024.10	19475873	0.1667
NC_000024.10	19477182	0.0833
NC_000024.10	19477709	0.0833
NC_000024.10	19481254	0.0833
NC_000024.10	19482619	0.0833
NC_000024.10	19484310	0.0833
NC_000024.10	19484691	0.0833
NC_000024.10	19487062	0.0833
NC_000024.10	19488254	0.0833
NC_000024.10	19488255	0.0833
NC_000024.10	19488495	0.0833
NC_000024.10	19489783	0.25
NC_000024.10	19490398	0.0833
NC_000024.10	19493640	0.0833
NC_000024.10	19496745	0.0833
NC_000024.10	19500549	0.0833
NC_000024.10	19503553	0.0833
NC_000024.10	19504296	0.0833
NC_000024.10	19507772	0.1667
NC_000024.10	19509024	0.0833
NC_000024.10	19510810	0.0833
NC_000024.10	19512339	0.0833
NC_000024.10	19512492	0.1667
NC_000024.10	19516730	0.0833
NC_000024.10	19518654	0.0833
NC_000024.10	19521848	0.0833
NC_000024.10	19526099	0.1667
NC_000024.10	19526115	0.0833
NC_000024.10	19526291	0.0833
NC_000024.10	19528405	0.0833
NC_000024.10	19529684	0.0833
NC_000024.10	19532399	0.0833
NC_000024.10	19536538	0.1667
NC_000024.10	19536617	0.0833
NC_000024.10	19536765	0.0833
NC_000024.10	19537640	0.0833
NC_000024.10	19538381	0.1667
NC_000024.10	19544740	0.0833
NC_000024.10	19545429	0.0833
NC_000024.10	19553440	0.0833
NC_000024.10	19555322	0.1667
NC_000024.10	19558629	0.0833
NC_000024.10	19562423	0.0833
NC_000024.10	19562666	0.0833
NC_000024.10	19570778	0.0833
NC_000024.10	19572353	0.0833
NC_000024.10	19573304	0.0833
NC_000024.10	19576382	0.1667
NC_000024.10	19577868	0.0833
NC_000024.10	19578830	0.0833
NC_000024.10	19579817	0.0833
NC_000024.10	19579857	0.0833
NC_000024.10	19579869	0.0833
NC_000024.10	19582646	0.1667
NC_000024.10	19583223	0.0833
NC_000024.10	19585221	0.0833
NC_000024.10	19588815	0.0833
NC_000024.10	19591254	0.0833
NC_000024.10	19596984	0.0833
NC_000024.10	19600061	0.0833
NC_000024.10	19600498	0.0833
NC_000024.10	19602700	0.0833
NC_000024.10	19606073	0.0833
NC_000024.10	19606518	0.0833
NC_000024.10	19610948	0.0833
NC_000024.10	19613155	0.1667
NC_000024.10	19613374	0.0833
NC_000024.10	19613516	0.1667
NC_000024.10	19614049	0.0833
NC_000024.10	19614975	0.0833
NC_000024.10	19615154	0.0833
NC_000024.10	19615332	0.0833
NC_000024.10	19617112	0.0833
NC_000024.10	19617799	0.1667
NC_000024.10	19619615	0.0833
NC_000024.10	19620425	0.0833
NC_000024.10	19622461	0.0833
NC_000024.10	19624930	0.0833
NC_000024.10	19625110	0.0833
NC_000024.10	19625237	0.0833
NC_000024.10	19626037	0.0833
NC_000024.10	19626145	0.0833
NC_000024.10	19629483	0.1667
NC_000024.10	19629485	0.1667
NC_000024.10	19629952	0.0833
NC_000024.10	19630239	0.0833
NC_000024.10	19630272	0.0833
NC_000024.10	19631868	0.0833
NC_000024.10	19635444	0.0833
NC_000024.10	19635868	0.0833
NC_000024.10	19636100	0.0833
NC_000024.10	19636299	0.0833
NC_000024.10	19637361	0.0833
NC_000024.10	19637867	0.0833
NC_000024.10	19641174	0.0833
NC_000024.10	19641353	0.25
NC_000024.10	19641927	0.0833
NC_000024.10	19642011	0.0833
NC_000024.10	19643827	0.0833
NC_000024.10	19644506	0.0833
NC_000024.10	19645495	0.0833
NC_000024.10	19645973	0.1818
NC_000024.10	19647149	0.0833
NC_000024.10	19648238	0.0833
NC_000024.10	19649390	0.1667
NC_000024.10	19651154	0.1667
NC_000024.10	19652264	0.0833
NC_000024.10	19653359	0.0833
NC_000024.10	19654568	0.1667
NC_000024.10	19659675	0.0833
NC_000024.10	19660995	0.0833
NC_000024.10	19661240	0.0833
NC_000024.10	19661666	0.0833
NC_000024.10	19664991	0.0833
NC_000024.10	19667596	0.0833
NC_000024.10	19668114	0.0833
NC_000024.10	19670779	0.0833
NC_000024.10	19678083	0.0833
NC_000024.10	19678084	0.0833
NC_000024.10	19678231	0.0833
NC_000024.10	19679546	0.0833
NC_000024.10	19681255	0.0833
NC_000024.10	19687511	0.0833
NC_000024.10	19688514	0.1667
NC_000024.10	19689004	0.1667
NC_000024.10	19691177	0.0833
NC_000024.10	19691892	0.0909
NC_000024.10	19691893	0.2
NC_000024.10	19691894	0.0833
NC_000024.10	19697731	0.0833
NC_000024.10	19699637	0.0833
NC_000024.10	19700307	0.1667
NC_000024.10	19701257	0.0833
NC_000024.10	19701731	0.0833
NC_000024.10	19703567	0.0833
NC_000024.10	19704605	0.0833
NC_000024.10	19704954	0.0833
NC_000024.10	19706170	0.1667
NC_000024.10	19712423	0.0833
NC_000024.10	19712910	0.0833
NC_000024.10	19713652	0.0833
NC_000024.10	19721696	0.0833
NC_000024.10	19722440	0.0833
NC_000024.10	19722467	0.0833
NC_000024.10	19724952	0.0833
NC_000024.10	19725062	0.0833
NC_000024.10	19725826	0.0833
NC_000024.10	19726748	0.0833
NC_000024.10	19729814	0.0833
NC_000024.10	19730047	0.0833
NC_000024.10	19730069	0.0833
NC_000024.10	19734163	0.0833
NC_000024.10	19734662	0.0833
NC_000024.10	19736017	0.0833
NC_000024.10	19737967	0.1667
NC_000024.10	19741967	0.0833
NC_000024.10	19742577	0.0833
NC_000024.10	19744541	0.0833
NC_000024.10	19747515	0.0833
NC_000024.10	19747643	0.0833
NC_000024.10	19752002	0.1667
NC_000024.10	19752404	0.0833
NC_000024.10	19753773	0.0833
NC_000024.10	19755427	0.0833
NC_000024.10	19756275	0.0833
NC_000024.10	19760521	0.0833
NC_000024.10	19761950	0.0833
NC_000024.10	19765501	0.0833
NC_000024.10	19766037	0.0833
NC_000024.10	19766038	0.1667
NC_000024.10	19767066	0.0833
NC_000024.10	19767097	0.0833
NC_000024.10	19768373	0.0833
NC_000024.10	19773863	0.0833
NC_000024.10	19774971	0.0833
NC_000024.10	19775687	0.0833
NC_000024.10	19776272	0.0833
NC_000024.10	19780669	0.0833
NC_000024.10	19781239	0.0833
NC_000024.10	19781610	0.1667
NC_000024.10	19782712	0.0833
NC_000024.10	19784321	0.0833
NC_000024.10	19784522	0.1667
NC_000024.10	19785578	0.0833
NC_000024.10	19786103	0.0833
NC_000024.10	19788218	0.1667
NC_000024.10	19788429	0.0833
NC_000024.10	19789794	0.1667
NC_000024.10	19796797	0.0833
NC_000024.10	19798362	0.0833
NC_000024.10	19798550	0.0833
NC_000024.10	19803588	0.0833
NC_000024.10	19804921	0.0833
NC_000024.10	19805004	0.0833
NC_000024.10	19806695	0.0833
NC_000024.10	19806701	0.0833
NC_000024.10	19808171	0.25
NC_000024.10	19811040	0.0833
NC_000024.10	19812232	0.0833
NC_000024.10	19812304	0.0833
NC_000024.10	19812478	0.0833
NC_000024.10	19813476	0.0833
NC_000024.10	19813654	0.0833
NC_000024.10	19815683	0.0833
NC_000024.10	19815828	0.0833
NC_000024.10	19821586	0.0833
NC_000024.10	19821812	0.0833
NC_000024.10	19822379	0.1667
NC_000024.10	19824630	0.1667
NC_000024.10	19824812	0.0833
NC_000024.10	19825542	0.0833
NC_000024.10	19826715	0.0833
NC_000024.10	19829266	0.0833
NC_000024.10	19830790	0.0833
NC_000024.10	19832375	0.0833
NC_000024.10	19833361	0.0833
NC_000024.10	19839213	0.0833
NC_000024.10	19839808	0.0833
NC_000024.10	19840830	0.0833
NC_000024.10	19843941	0.0909
NC_000024.10	19844790	0.0909
NC_000024.10	19846103	0.0909
NC_000024.10	19847983	0.0909
NC_000024.10	19850044	0.0909
NC_000024.10	19850771	0.0909
NC_000024.10	19852846	0.0909
NC_000024.10	19853151	0.1818
NC_000024.10	19853290	0.0909
NC_000024.10	19856873	0.0909
NC_000024.10	19858066	0.0909
NC_000024.10	19860351	0.0909
NC_000024.10	19861177	0.0909
NC_000024.10	19861347	0.0909
NC_000024.10	19861646	0.0909
NC_000024.10	19862661	0.1818
NC_000024.10	19863005	0.0909
NC_000024.10	19863572	0.0909
NC_000024.10	19865961	0.0833
NC_000024.10	19866482	0.1667
NC_000024.10	19871271	0.1667
NC_000024.10	19871272	0.0833
NC_000024.10	19875006	0.0833
NC_000024.10	19881101	0.0833
NC_000024.10	19885331	0.0833
NC_000024.10	19893360	0.0833
NC_000024.10	19893456	0.1667
NC_000024.10	19896707	0.0833
NC_000024.10	19900690	0.0833
NC_000024.10	19900841	0.0833
NC_000024.10	19900960	0.0833
NC_000024.10	19904392	0.1667
NC_000024.10	19904575	0.0833
NC_000024.10	19905158	0.0833
NC_000024.10	19907156	0.0833
NC_000024.10	19911725	0.0833
NC_000024.10	19914909	0.0833
NC_000024.10	19915039	0.0833
NC_000024.10	19917392	0.1667
NC_000024.10	19920455	0.0833
NC_000024.10	19921059	0.0833
NC_000024.10	19921774	0.0833
NC_000024.10	19922714	0.0833
NC_000024.10	19924464	0.0833
NC_000024.10	19924775	0.1667
NC_000024.10	19925358	0.0833
NC_000024.10	19925805	0.0833
NC_000024.10	19926336	0.0833
NC_000024.10	19927289	0.0833
NC_000024.10	19927372	0.0833
NC_000024.10	19931504	0.0833
NC_000024.10	19935945	0.1667
NC_000024.10	19936788	0.0833
NC_000024.10	19938844	0.0833
NC_000024.10	19941900	0.1667
NC_000024.10	19942761	0.1667
NC_000024.10	19945829	0.0833
NC_000024.10	19946215	0.1667
NC_000024.10	19948200	0.1667
NC_000024.10	19949846	0.0833
NC_000024.10	19951952	0.0833
NC_000024.10	19952650	0.1667
NC_000024.10	19955747	0.0833
NC_000024.10	19963252	0.1667
NC_000024.10	19967328	0.0833
NC_000024.10	19968599	0.0833
NC_000024.10	19974356	0.1667
NC_000024.10	19975146	0.0833
NC_000024.10	19975354	0.0833
NC_000024.10	19976487	0.0833
NC_000024.10	19976768	0.0833
NC_000024.10	19978600	0.0833
NC_000024.10	19981148	0.0833
NC_000024.10	19982169	0.0833
NC_000024.10	19983035	0.0833
NC_000024.10	19984938	0.1667
NC_000024.10	19985940	0.1667
NC_000024.10	19988918	0.25
NC_000024.10	19989405	0.0833
NC_000024.10	19990003	0.0833
NC_000024.10	19990095	0.0833
NC_000024.10	19990629	0.0833
NC_000024.10	19992535	0.0833
NC_000024.10	19993364	0.0833
NC_000024.10	19994362	0.0833
NC_000024.10	19994612	0.0833
NC_000024.10	19994966	0.0833
NC_000024.10	19995743	0.0833
NC_000024.10	19996375	0.0833
NC_000024.10	19997321	0.0833
NC_000024.10	19998272	0.0833
NC_000024.10	19998940	0.1667
NC_000024.10	19999616	0.0833
NC_000024.10	19999897	0.0833
NC_000024.10	20000005	0.0833
NC_000024.10	20001129	0.0833
NC_000024.10	20006582	0.0833
NC_000024.10	20006636	0.0833
NC_000024.10	20006712	0.1667
NC_000024.10	20008714	0.0833
NC_000024.10	20012667	0.0833
NC_000024.10	20013502	0.0833
NC_000024.10	20014113	0.0833
NC_000024.10	20014967	0.1667
NC_000024.10	20014973	0.0833
NC_000024.10	20015600	0.0833
NC_000024.10	20016118	0.0833
NC_000024.10	20016931	0.1667
NC_000024.10	20018750	0.0833
NC_000024.10	20019845	0.0833
NC_000024.10	20020676	0.0833
NC_000024.10	20021199	0.0833
NC_000024.10	20022701	0.0833
NC_000024.10	20023793	0.0833
NC_000024.10	20025740	0.0833
NC_000024.10	20026242	0.0833
NC_000024.10	20026796	0.0833
NC_000024.10	20029357	0.0833
NC_000024.10	20030202	0.0833
NC_000024.10	20031413	0.0833
NC_000024.10	20032095	0.0833
NC_000024.10	20032657	0.0833
NC_000024.10	20033812	0.0833
NC_000024.10	20034403	0.1667
NC_000024.10	20034615	0.0833
NC_000024.10	20034741	0.0833
NC_000024.10	20035994	0.0833
NC_000024.10	20037421	0.0833
NC_000024.10	20039485	0.1667
NC_000024.10	20040578	0.1667
NC_000024.10	20041244	0.0833
NC_000024.10	20041351	0.0833
NC_000024.10	20041579	0.0909
NC_000024.10	20041670	0.1
NC_000024.10	20042273	0.0909
NC_000024.10	20042816	0.0909
NC_000024.10	20043466	0.0909
NC_000024.10	20046522	0.0909
NC_000024.10	20046713	0.0909
NC_000024.10	20048619	0.125
NC_000024.10	20050849	0.0833
NC_000024.10	20051249	0.0833
NC_000024.10	20052335	0.0833
NC_000024.10	20053384	0.0833
NC_000024.10	20053478	0.0833
NC_000024.10	20053952	0.0833
NC_000024.10	20054269	0.0833
NC_000024.10	20351231	0.0833
NC_000024.10	20352035	0.0833
NC_000024.10	20352127	0.0833
NC_000024.10	20352192	0.1667
NC_000024.10	20354941	0.0833
NC_000024.10	20355527	0.25
NC_000024.10	20358337	0.0833
NC_000024.10	20358620	0.0833
NC_000024.10	20359418	0.0833
NC_000024.10	20359621	0.0833
NC_000024.10	20359752	0.1667
NC_000024.10	20359826	0.1667
NC_000024.10	20362572	0.0833
NC_000024.10	20362890	0.0833
NC_000024.10	20363739	0.0833
NC_000024.10	20363824	0.0833
NC_000024.10	20364766	0.0833
NC_000024.10	20366716	0.0833
NC_000024.10	20367552	0.0833
NC_000024.10	20367589	0.0833
NC_000024.10	20369374	0.0833
NC_000024.10	20370121	0.0833
NC_000024.10	20370169	0.1667
NC_000024.10	20371849	0.0833
NC_000024.10	20372146	0.1667
NC_000024.10	20372345	0.0833
NC_000024.10	20372898	0.0833
NC_000024.10	20373329	0.1667
NC_000024.10	20373649	0.0833
NC_000024.10	20373809	0.0833
NC_000024.10	20374578	0.0833
NC_000024.10	20375297	0.0833
NC_000024.10	20376913	0.0833
NC_000024.10	20378115	0.0833
NC_000024.10	20378626	0.0833
NC_000024.10	20378654	0.1667
NC_000024.10	20378685	0.1667
NC_000024.10	20379234	0.1667
NC_000024.10	20380173	0.0833
NC_000024.10	20380364	0.1667
NC_000024.10	20380416	0.1667
NC_000024.10	20380613	0.0833
NC_000024.10	20381307	0.0833
NC_000024.10	20381726	0.0833
NC_000024.10	20382217	0.1667
NC_000024.10	20382637	0.0833
NC_000024.10	20383513	0.1667
NC_000024.10	20384450	0.0833
NC_000024.10	20385359	0.0833
NC_000024.10	20386033	0.0833
NC_000024.10	20387106	0.0833
NC_000024.10	20387680	0.0833
NC_000024.10	20389283	0.0833
NC_000024.10	20390054	0.0833
NC_000024.10	20390168	0.0833
NC_000024.10	20392090	0.0833
NC_000024.10	20395924	0.0833
NC_000024.10	20397714	0.0833
NC_000024.10	20400935	0.1667
NC_000024.10	20402140	0.0833
NC_000024.10	20402923	0.0833
NC_000024.10	20403736	0.0833
NC_000024.10	20405459	0.1667
NC_000024.10	20405762	0.0833
NC_000024.10	20406065	0.0833
NC_000024.10	20407985	0.1667
NC_000024.10	20409335	0.0833
NC_000024.10	20410061	0.0833
NC_000024.10	20412489	0.1667
NC_000024.10	20413254	0.0833
NC_000024.10	20413653	0.0833
NC_000024.10	20413902	0.0833
NC_000024.10	20414644	0.0833
NC_000024.10	20416458	0.0833
NC_000024.10	20417565	0.0833
NC_000024.10	20418063	0.0833
NC_000024.10	20419495	0.0833
NC_000024.10	20420985	0.0833
NC_000024.10	20424620	0.0833
NC_000024.10	20426080	0.0833
NC_000024.10	20426368	0.1667
NC_000024.10	20427177	0.0833
NC_000024.10	20428959	0.0909
NC_000024.10	20429524	0.0909
NC_000024.10	20431225	0.0909
NC_000024.10	20431623	0.0909
NC_000024.10	20432289	0.0833
NC_000024.10	20432413	0.1667
NC_000024.10	20432865	0.0833
NC_000024.10	20433324	0.0833
NC_000024.10	20434359	0.0833
NC_000024.10	20436029	0.1667
NC_000024.10	20436377	0.0833
NC_000024.10	20442323	0.1667
NC_000024.10	20442849	0.0833
NC_000024.10	20443689	0.0833
NC_000024.10	20445061	0.0833
NC_000024.10	20445321	0.0833
NC_000024.10	20447900	0.1667
NC_000024.10	20448403	0.0833
NC_000024.10	20449723	0.0833
NC_000024.10	20452163	0.0833
NC_000024.10	20463025	0.0833
NC_000024.10	20463472	0.0833
NC_000024.10	20463846	0.0833
NC_000024.10	20464615	0.0833
NC_000024.10	20465599	0.0833
NC_000024.10	20469684	0.0833
NC_000024.10	20472620	0.0833
NC_000024.10	20477916	0.0833
NC_000024.10	20480715	0.0833
NC_000024.10	20483116	0.0833
NC_000024.10	20484797	0.0833
NC_000024.10	20484842	0.0833
NC_000024.10	20486444	0.0833
NC_000024.10	20491401	0.1667
NC_000024.10	20493987	0.0833
NC_000024.10	20498916	0.0833
NC_000024.10	20502881	0.0833
NC_000024.10	20503118	0.0833
NC_000024.10	20503376	0.0833
NC_000024.10	20504388	0.0833
NC_000024.10	20504479	0.0833
NC_000024.10	20505932	0.1667
NC_000024.10	20509574	0.0833
NC_000024.10	20509720	0.0833
NC_000024.10	20510328	0.0833
NC_000024.10	20510668	0.0833
NC_000024.10	20512017	0.0833
NC_000024.10	20520019	0.25
NC_000024.10	20525646	0.0833
NC_000024.10	20526817	0.0833
NC_000024.10	20526845	0.0833
NC_000024.10	20528158	0.1667
NC_000024.10	20528330	0.0833
NC_000024.10	20531716	0.0833
NC_000024.10	20535090	0.1667
NC_000024.10	20536979	0.0833
NC_000024.10	20538543	0.0833
NC_000024.10	20543758	0.0833
NC_000024.10	20544479	0.0833
NC_000024.10	20544808	0.0833
NC_000024.10	20545949	0.0833
NC_000024.10	20547138	0.0833
NC_000024.10	20552363	0.0833
NC_000024.10	20558026	0.0833
NC_000024.10	20559636	0.0833
NC_000024.10	20560906	0.0833
NC_000024.10	20564605	0.0833
NC_000024.10	20564866	0.0833
NC_000024.10	20566003	0.1667
NC_000024.10	20566739	0.0833
NC_000024.10	20568050	0.0833
NC_000024.10	20568669	0.0833
NC_000024.10	20568891	0.0833
NC_000024.10	20571398	0.0833
NC_000024.10	20571874	0.0833
NC_000024.10	20580521	0.0833
NC_000024.10	20580642	0.1667
NC_000024.10	20580780	0.0833
NC_000024.10	20581815	0.0833
NC_000024.10	20583059	0.0833
NC_000024.10	20586620	0.0833
NC_000024.10	20589089	0.1667
NC_000024.10	20590111	0.1667
NC_000024.10	20600322	0.0833
NC_000024.10	20604500	0.0833
NC_000024.10	20606740	0.0833
NC_000024.10	20607678	0.1667
NC_000024.10	20612264	0.0833
NC_000024.10	20613276	0.0833
NC_000024.10	20618392	0.1667
NC_000024.10	20620056	0.0833
NC_000024.10	20622783	0.0833
NC_000024.10	20624382	0.0833
NC_000024.10	20626949	0.0833
NC_000024.10	20627753	0.0833
NC_000024.10	20627815	0.0833
NC_000024.10	20628524	0.0833
NC_000024.10	20628715	0.25
NC_000024.10	20631010	0.0833
NC_000024.10	20631584	0.0833
NC_000024.10	20633946	0.0833
NC_000024.10	20636525	0.0833
NC_000024.10	20636878	0.0833
NC_000024.10	20640839	0.0833
NC_000024.10	20640929	0.0833
NC_000024.10	20640937	0.0833
NC_000024.10	20642110	0.0833
NC_000024.10	20643514	0.0833
NC_000024.10	20643655	0.0833
NC_000024.10	20647854	0.0833
NC_000024.10	20651809	0.0833
NC_000024.10	20653638	0.1667
NC_000024.10	20653639	0.25
NC_000024.10	20654336	0.1667
NC_000024.10	20654337	0.1667
NC_000024.10	20654356	0.1667
NC_000024.10	20654366	0.0833
NC_000024.10	20654398	0.0833
NC_000024.10	20654403	0.0833
NC_000024.10	20655954	0.1667
NC_000024.10	20659416	0.0833
NC_000024.10	20660532	0.1667
NC_000024.10	20661488	0.0833
NC_000024.10	20662375	0.0833
NC_000024.10	20662987	0.0833
NC_000024.10	20664561	0.0833
NC_000024.10	20666844	0.1667
NC_000024.10	20667490	0.1667
NC_000024.10	20672331	0.0833
NC_000024.10	20673351	0.0833
NC_000024.10	20675349	0.25
NC_000024.10	20684407	0.0833
NC_000024.10	20685892	0.0833
NC_000024.10	20686023	0.0833
NC_000024.10	20688354	0.0833
NC_000024.10	20691233	0.0833
NC_000024.10	20697861	0.0833
NC_000024.10	20699617	0.0833
NC_000024.10	20701898	0.0833
NC_000024.10	20704843	0.0833
NC_000024.10	20705027	0.0833
NC_000024.10	20708894	0.1667
NC_000024.10	20710229	0.1667
NC_000024.10	20710910	0.0833
NC_000024.10	20717163	0.0833
NC_000024.10	20719620	0.0833
NC_000024.10	20720075	0.0833
NC_000024.10	20722436	0.1667
NC_000024.10	20723068	0.0833
NC_000024.10	20724827	0.0833
NC_000024.10	20726433	0.0833
NC_000024.10	20728853	0.1667
NC_000024.10	20731948	0.0833
NC_000024.10	20736330	0.0833
NC_000024.10	20737093	0.0833
NC_000024.10	20741730	0.0833
NC_000024.10	20747402	0.0833
NC_000024.10	20747732	0.0833
NC_000024.10	20753093	0.0833
NC_000024.10	20753823	0.0833
NC_000024.10	20755345	0.0833
NC_000024.10	20756691	0.0833
NC_000024.10	20758081	0.0833
NC_000024.10	20758768	0.0833
NC_000024.10	20759882	0.1667
NC_000024.10	20761209	0.0833
NC_000024.10	20762486	0.0833
NC_000024.10	20762854	0.0833
NC_000024.10	20766180	0.0833
NC_000024.10	20768355	0.0833
NC_000024.10	20769545	0.0833
NC_000024.10	20769616	0.0833
NC_000024.10	20775494	0.0833
NC_000024.10	20777105	0.0833
NC_000024.10	20778638	0.0833
NC_000024.10	20779604	0.0833
NC_000024.10	20787712	0.1667
NC_000024.10	20788222	0.25
NC_000024.10	20790571	0.0833
NC_000024.10	20793138	0.0833
NC_000024.10	20795250	0.1667
NC_000024.10	20800268	0.0833
NC_000024.10	20800417	0.0833
NC_000024.10	20800914	0.0833
NC_000024.10	20804092	0.0833
NC_000024.10	20806258	0.0833
NC_000024.10	20806287	0.0833
NC_000024.10	20807094	0.0833
NC_000024.10	20808315	0.0833
NC_000024.10	20810057	0.0833
NC_000024.10	20812266	0.0833
NC_000024.10	20812624	0.1667
NC_000024.10	20812897	0.0833
NC_000024.10	20816460	0.0833
NC_000024.10	20816827	0.0833
NC_000024.10	20818344	0.0833
NC_000024.10	20819349	0.0833
NC_000024.10	20819933	0.0833
NC_000024.10	20819934	0.0833
NC_000024.10	20820436	0.0833
NC_000024.10	20822448	0.0833
NC_000024.10	20823498	0.0833
NC_000024.10	20824008	0.0833
NC_000024.10	20824010	0.1667
NC_000024.10	20825161	0.25
NC_000024.10	20825329	0.0833
NC_000024.10	20826341	0.1667
NC_000024.10	20826735	0.25
NC_000024.10	20827155	0.0909
NC_000024.10	20827212	0.1818
NC_000024.10	20827832	0.0833
NC_000024.10	20827856	0.0833
NC_000024.10	20828397	0.0833
NC_000024.10	20829178	0.1667
NC_000024.10	20831415	0.0909
NC_000024.10	20831586	0.0909
NC_000024.10	20837606	0.0909
NC_000024.10	20837996	0.0909
NC_000024.10	20838012	0.0909
NC_000024.10	20838952	0.0909
NC_000024.10	20839492	0.0909
NC_000024.10	20841893	0.1818
NC_000024.10	20842339	0.0909
NC_000024.10	20843195	0.0909
NC_000024.10	20843284	0.0909
NC_000024.10	20844332	0.1
NC_000024.10	20844527	0.1
NC_000024.10	20846602	0.0909
NC_000024.10	20848105	0.0909
NC_000024.10	20848585	0.0909
NC_000024.10	20849490	0.0909
NC_000024.10	20849633	0.0909
NC_000024.10	20851911	0.0909
NC_000024.10	20854880	0.0909
NC_000024.10	20856239	0.1818
NC_000024.10	20856975	0.0909
NC_000024.10	20858199	0.0909
NC_000024.10	20859843	0.0909
NC_000024.10	20860569	0.0909
NC_000024.10	20862088	0.0909
NC_000024.10	20863479	0.0909
NC_000024.10	20868518	0.1
NC_000024.10	20868831	0.1
NC_000024.10	20869656	0.1
NC_000024.10	20869955	0.1
NC_000024.10	20870134	0.1
NC_000024.10	20871569	0.1
NC_000024.10	20871642	0.1
NC_000024.10	20872656	0.1
NC_000024.10	20874144	0.1
NC_000024.10	20874402	0.1
NC_000024.10	20875476	0.1
NC_000024.10	20875963	0.1
NC_000024.10	20876185	0.1
NC_000024.10	20876285	0.1
NC_000024.10	20877013	0.1
NC_000024.10	20877016	0.1
NC_000024.10	20877266	0.1
NC_000024.10	20877897	0.1
NC_000024.10	20878761	0.1
NC_000024.10	20879906	0.1
NC_000024.10	20882057	0.1
NC_000024.10	20882090	0.1
NC_000024.10	20883596	0.1
NC_000024.10	20883957	0.1
NC_000024.10	20884409	0.1
NC_000024.10	20886260	0.1
NC_000024.10	20887125	0.1
NC_000024.10	20888862	0.1
NC_000024.10	20890632	0.1
NC_000024.10	20893039	0.1
NC_000024.10	20895181	0.1
NC_000024.10	20895561	0.1
NC_000024.10	20896476	0.1
NC_000024.10	20897705	0.1
NC_000024.10	20898601	0.1
NC_000024.10	20904426	0.1
NC_000024.10	20905145	0.1
NC_000024.10	20905884	0.1
NC_000024.10	20907150	0.1
NC_000024.10	20908648	0.2
NC_000024.10	20908966	0.1
NC_000024.10	20908979	0.1
NC_000024.10	20909240	0.1
NC_000024.10	20909296	0.1
NC_000024.10	20915438	0.0909
NC_000024.10	20915695	0.0909
NC_000024.10	20915988	0.0909
NC_000024.10	20916232	0.0909
NC_000024.10	20917438	0.0909
NC_000024.10	20917703	0.0909
NC_000024.10	20919867	0.0909
NC_000024.10	20919920	0.1818
NC_000024.10	20920191	0.0909
NC_000024.10	20922309	0.0909
NC_000024.10	20923365	0.0909
NC_000024.10	20923447	0.1818
NC_000024.10	20923475	0.1818
NC_000024.10	20924579	0.0909
NC_000024.10	20924989	0.0909
NC_000024.10	20925483	0.0909
NC_000024.10	20925517	0.0909
NC_000024.10	20926036	0.0909
NC_000024.10	20927299	0.0909
NC_000024.10	20928031	0.0909
NC_000024.10	20928518	0.0909
NC_000024.10	20931044	0.0909
NC_000024.10	20931799	0.0833
NC_000024.10	20933620	0.0833
NC_000024.10	20935949	0.0833
NC_000024.10	20936142	0.0833
NC_000024.10	20936285	0.0833
NC_000024.10	20937202	0.0833
NC_000024.10	20937938	0.0833
NC_000024.10	20938047	0.1667
NC_000024.10	20939081	0.1667
NC_000024.10	20939521	0.0833
NC_000024.10	20939705	0.0833
NC_000024.10	20940584	0.1667
NC_000024.10	20943062	0.0833
NC_000024.10	20943700	0.0833
NC_000024.10	20944263	0.0909
NC_000024.10	20944326	0.0909
NC_000024.10	20946092	0.1818
NC_000024.10	20946283	0.0909
NC_000024.10	20947210	0.0909
NC_000024.10	20947657	0.0909
NC_000024.10	20948717	0.0909
NC_000024.10	20949391	0.0909
NC_000024.10	20950858	0.0833
NC_000024.10	20951409	0.0833
NC_000024.10	20953767	0.0833
NC_000024.10	20953941	0.0833
NC_000024.10	20955080	0.0833
NC_000024.10	20955268	0.0833
NC_000024.10	20955681	0.0833
NC_000024.10	20957605	0.0833
NC_000024.10	20958578	0.0833
NC_000024.10	20958833	0.0833
NC_000024.10	20959401	0.1667
NC_000024.10	20961223	0.0833
NC_000024.10	20962244	0.0833
NC_000024.10	20962661	0.0833
NC_000024.10	20963744	0.0833
NC_000024.10	20963887	0.0833
NC_000024.10	20964086	0.0833
NC_000024.10	20964200	0.1667
NC_000024.10	20965555	0.0833
NC_000024.10	20965692	0.0833
NC_000024.10	20966600	0.1667
NC_000024.10	20969699	0.0833
NC_000024.10	20969741	0.0833
NC_000024.10	20972568	0.0833
NC_000024.10	20973598	0.0833
NC_000024.10	20975783	0.0833
NC_000024.10	20976767	0.0833
NC_000024.10	20977731	0.1667
NC_000024.10	20977732	0.0833
NC_000024.10	20980453	0.0833
NC_000024.10	20981691	0.1667
NC_000024.10	20984022	0.0833
NC_000024.10	20985962	0.1667
NC_000024.10	20986509	0.0833
NC_000024.10	20987043	0.0833
NC_000024.10	20990007	0.0833
NC_000024.10	20991745	0.0833
NC_000024.10	20992323	0.0833
NC_000024.10	20993686	0.1667
NC_000024.10	20996378	0.0833
NC_000024.10	20997044	0.0833
NC_000024.10	20997227	0.0833
NC_000024.10	20997754	0.0833
NC_000024.10	20999138	0.0833
NC_000024.10	21000364	0.0833
NC_000024.10	21001837	0.0833
NC_000024.10	21002028	0.0833
NC_000024.10	21002052	0.0833
NC_000024.10	21002258	0.0833
NC_000024.10	21004759	0.0833
NC_000024.10	21005142	0.0833
NC_000024.10	21006551	0.1818
NC_000024.10	21007480	0.1
NC_000024.10	21007824	0.1
NC_000024.10	21008862	0.1
NC_000024.10	21009415	0.1
NC_000024.10	21009434	0.1
NC_000024.10	21009648	0.1
NC_000024.10	21009819	0.1
NC_000024.10	21011617	0.1
NC_000024.10	21011637	0.1
NC_000024.10	21011796	0.1
NC_000024.10	21012486	0.3636
NC_000024.10	21013105	0.0909
NC_000024.10	21013371	0.1818
NC_000024.10	21015015	0.0909
NC_000024.10	21015982	0.0909
NC_000024.10	21017585	0.0909
NC_000024.10	21064095	0.0909
NC_000024.10	21065596	0.0909
NC_000024.10	21065631	0.1818
NC_000024.10	21065640	0.1818
NC_000024.10	21065643	0.0909
NC_000024.10	21065701	0.1818
NC_000024.10	21065703	0.0909
NC_000024.10	21065711	0.0909
NC_000024.10	21065712	0.1818
NC_000024.10	21065725	0.1818
NC_000024.10	21065735	0.0909
NC_000024.10	21065750	0.1818
NC_000024.10	21065753	0.1818
NC_000024.10	21065875	0.0909
NC_000024.10	21065883	0.1818
NC_000024.10	21065886	0.1818
NC_000024.10	21065889	0.1818
NC_000024.10	21065915	0.1818
NC_000024.10	21065920	0.0909
NC_000024.10	21065991	0.1818
NC_000024.10	21065997	0.0909
NC_000024.10	21066245	0.1818
NC_000024.10	21066736	0.0909
NC_000024.10	21067729	0.0909
NC_000024.10	21068086	0.0909
NC_000024.10	21068520	0.1818
NC_000024.10	21069295	0.0909
NC_000024.10	21071289	0.0909
NC_000024.10	21071386	0.0909
NC_000024.10	21072822	0.0909
NC_000024.10	21072966	0.0909
NC_000024.10	21073487	0.0909
NC_000024.10	21074869	0.0909
NC_000024.10	21075607	0.0909
NC_000024.10	21076603	0.0909
NC_000024.10	21076957	0.0909
NC_000024.10	21077099	0.0909
NC_000024.10	21078642	0.0909
NC_000024.10	21079946	0.0909
NC_000024.10	21082163	0.0909
NC_000024.10	21086161	0.0909
NC_000024.10	21087492	0.0909
NC_000024.10	21089508	0.0909
NC_000024.10	21090313	0.0909
NC_000024.10	21094188	0.1818
NC_000024.10	21095989	0.0909
NC_000024.10	21096274	0.0909
NC_000024.10	21096885	0.0909
NC_000024.10	21102323	0.1
NC_000024.10	21103942	0.1
NC_000024.10	21106774	0.0909
NC_000024.10	21107037	0.0909
NC_000024.10	21108841	0.0909
NC_000024.10	21110027	0.0909
NC_000024.10	21110565	0.0909
NC_000024.10	21117436	0.0909
NC_000024.10	21117538	0.0909
NC_000024.10	21118937	0.0909
NC_000024.10	21120042	0.1818
NC_000024.10	21122702	0.0909
NC_000024.10	21126326	0.0909
NC_000024.10	21126926	0.0909
NC_000024.10	21126968	0.1818
NC_000024.10	21128201	0.0909
NC_000024.10	21131710	0.0909
NC_000024.10	21131712	0.2727
NC_000024.10	21132361	0.1818
NC_000024.10	21132900	0.0909
NC_000024.10	21133062	0.0909
NC_000024.10	21133549	0.1818
NC_000024.10	21136089	0.0909
NC_000024.10	21136759	0.1818
NC_000024.10	21136927	0.0909
NC_000024.10	21140503	0.0909
NC_000024.10	21143085	0.0909
NC_000024.10	21145035	0.0909
NC_000024.10	21147230	0.0909
NC_000024.10	21147297	0.1818
NC_000024.10	21148529	0.0909
NC_000024.10	21149318	0.2727
NC_000024.10	21149326	0.1818
NC_000024.10	21149338	0.0909
NC_000024.10	21149379	0.0909
NC_000024.10	21152184	0.0909
NC_000024.10	21154075	0.1818
NC_000024.10	21154114	0.0909
NC_000024.10	21155828	0.0909
NC_000024.10	21156528	0.0909
NC_000024.10	21157002	0.0909
NC_000024.10	21158372	0.0909
NC_000024.10	21159961	0.0909
NC_000024.10	21165965	0.1818
NC_000024.10	21166545	0.1818
NC_000024.10	21170136	0.1818
NC_000024.10	21171560	0.0909
NC_000024.10	21173313	0.0909
NC_000024.10	21173360	0.0909
NC_000024.10	21174107	0.0909
NC_000024.10	21178220	0.0909
NC_000024.10	21180871	0.0909
NC_000024.10	21181563	0.0909
NC_000024.10	21183413	0.0909
NC_000024.10	21186085	0.0909
NC_000024.10	21186371	0.0909
NC_000024.10	21186725	0.0909
NC_000024.10	21187442	0.0833
NC_000024.10	21188802	0.0833
NC_000024.10	21189525	0.0833
NC_000024.10	21192015	0.0909
NC_000024.10	21195262	0.0909
NC_000024.10	21196296	0.0909
NC_000024.10	21196589	0.0909
NC_000024.10	21197413	0.2727
NC_000024.10	21205119	0.0909
NC_000024.10	21206990	0.0909
NC_000024.10	21207247	0.1818
NC_000024.10	21208450	0.0909
NC_000024.10	21208451	0.0909
NC_000024.10	21208516	0.0909
NC_000024.10	21209428	0.0909
NC_000024.10	21209993	0.0909
NC_000024.10	21214679	0.0909
NC_000024.10	21216288	0.0909
NC_000024.10	21223883	0.0909
NC_000024.10	21224073	0.0909
NC_000024.10	21226944	0.0909
NC_000024.10	21236723	0.1
NC_000024.10	21242825	0.1
NC_000024.10	21243390	0.1
NC_000024.10	21243997	0.1
NC_000024.10	21245560	0.1
NC_000024.10	21247849	0.1
NC_000024.10	21249525	0.1
NC_000024.10	21250028	0.1
NC_000024.10	21250157	0.1
NC_000024.10	21252608	0.1
NC_000024.10	21253430	0.1
NC_000024.10	21253454	0.1
NC_000024.10	21253456	0.1
NC_000024.10	21253458	0.1
NC_000024.10	21253460	0.1
NC_000024.10	21253987	0.1
NC_000024.10	21258279	0.1
NC_000024.10	21263423	0.1
NC_000024.10	21263498	0.2
NC_000024.10	21268399	0.1
NC_000024.10	21268420	0.1
NC_000024.10	21278502	0.1
NC_000024.10	21278929	0.1
NC_000024.10	21280345	0.1
NC_000024.10	21280762	0.2
NC_000024.10	21281727	0.1
NC_000024.10	21282085	0.1
NC_000024.10	21284635	0.1
NC_000024.10	21285040	0.1
NC_000024.10	21286440	0.1
NC_000024.10	21290441	0.1
NC_000024.10	21293186	0.1
NC_000024.10	21293670	0.1
NC_000024.10	21295796	0.1
NC_000024.10	21296939	0.1
NC_000024.10	21297488	0.1
NC_000024.10	21298561	0.1
NC_000024.10	21299487	0.1
NC_000024.10	21301397	0.1
NC_000024.10	21302311	0.1
NC_000024.10	21303459	0.1
NC_000024.10	21304403	0.1
NC_000024.10	21304582	0.1
NC_000024.10	21308349	0.1
NC_000024.10	21312462	0.2
NC_000024.10	21313967	0.1
NC_000024.10	21314129	0.1
NC_000024.10	21317649	0.0909
NC_000024.10	21318450	0.1818
NC_000024.10	21320653	0.0909
NC_000024.10	21323250	0.0909
NC_000024.10	21325978	0.1
NC_000024.10	21326938	0.0909
NC_000024.10	21326979	0.0909
NC_000024.10	21328231	0.0909
NC_000024.10	21332108	0.0909
NC_000024.10	21334064	0.0909
NC_000024.10	21338140	0.0909
NC_000024.10	21340094	0.1818
NC_000024.10	21344721	0.0909
NC_000024.10	21345592	0.0909
NC_000024.10	21347750	0.0909
NC_000024.10	21348981	0.0909
NC_000024.10	21351768	0.0909
NC_000024.10	21351950	0.0909
NC_000024.10	21352516	0.0909
NC_000024.10	21354448	0.0909
NC_000024.10	21361520	0.0909
NC_000024.10	21363421	0.0909
NC_000024.10	21365995	0.0909
NC_000024.10	21370058	0.0909
NC_000024.10	21376669	0.0909
NC_000024.10	21378045	0.0909
NC_000024.10	21378102	0.1818
NC_000024.10	21379771	0.0909
NC_000024.10	21383015	0.0909
NC_000024.10	21384876	0.0909
NC_000024.10	21385559	0.0909
NC_000024.10	21389117	0.0909
NC_000024.10	21389533	0.0909
NC_000024.10	21389574	0.0909
NC_000024.10	21391120	0.0909
NC_000024.10	21392720	0.0909
NC_000024.10	21392825	0.0909
NC_000024.10	21392845	0.0909
NC_000024.10	21392847	0.0909
NC_000024.10	21392875	0.2727
NC_000024.10	21392879	0.0909
NC_000024.10	21392887	0.1818
NC_000024.10	21392888	0.0909
NC_000024.10	21392891	0.0909
NC_000024.10	21393196	0.0909
NC_000024.10	21396016	0.0909
NC_000024.10	21396374	0.0909
NC_000024.10	21396905	0.0833
NC_000024.10	21397176	0.0833
NC_000024.10	21398404	0.0833
NC_000024.10	21398930	0.0833
NC_000024.10	21399783	0.0833
NC_000024.10	21403228	0.1667
NC_000024.10	21403475	0.0833
NC_000024.10	21403499	0.25
NC_000024.10	21403527	0.1667
NC_000024.10	21403534	0.1667
NC_000024.10	21403535	0.0833
NC_000024.10	21403538	0.0833
NC_000024.10	21403542	0.0833
NC_000024.10	21403909	0.0833
NC_000024.10	21404404	0.0833
NC_000024.10	21406044	0.0833
NC_000024.10	21407343	0.0833
NC_000024.10	21409955	0.0833
NC_000024.10	21410220	0.1667
NC_000024.10	21410609	0.1667
NC_000024.10	21421745	0.0833
NC_000024.10	21427423	0.0833
NC_000024.10	21428893	0.0833
NC_000024.10	21428894	0.0833
NC_000024.10	21433131	0.0909
NC_000024.10	21434376	0.0909
NC_000024.10	21435717	0.0909
NC_000024.10	21436249	0.0909
NC_000024.10	21438814	0.0909
NC_000024.10	21439270	0.0909
NC_000024.10	21441699	0.0909
NC_000024.10	21445774	0.1818
NC_000024.10	21445845	0.1818
NC_000024.10	21447555	0.1667
NC_000024.10	21451673	0.0833
NC_000024.10	21451676	0.1667
NC_000024.10	21451680	0.0833
NC_000024.10	21451682	0.1667
NC_000024.10	21451683	0.1667
NC_000024.10	21451686	0.0833
NC_000024.10	21451687	0.0833
NC_000024.10	21451688	0.0833
NC_000024.10	21451689	0.0833
NC_000024.10	21451690	0.1667
NC_000024.10	21451691	0.0833
NC_000024.10	21451693	0.0833
NC_000024.10	21451694	0.0833
NC_000024.10	21451695	0.0833
NC_000024.10	21451696	0.0833
NC_000024.10	21451702	0.1667
NC_000024.10	21451703	0.0833
NC_000024.10	21451707	0.0833
NC_000024.10	21451708	0.0833
NC_000024.10	21451709	0.0833
NC_000024.10	21451711	0.0833
NC_000024.10	21452714	0.0909
NC_000024.10	21453605	0.0909
NC_000024.10	21455120	0.0833
NC_000024.10	21456940	0.1667
NC_000024.10	21461376	0.1667
NC_000024.10	21465403	0.0833
NC_000024.10	21467122	0.0833
NC_000024.10	21471486	0.0833
NC_000024.10	21473170	0.0833
NC_000024.10	21477139	0.25
NC_000024.10	21477338	0.25
NC_000024.10	21477643	0.0833
NC_000024.10	21480423	0.0833
NC_000024.10	21480489	0.0833
NC_000024.10	21486811	0.0833
NC_000024.10	21490264	0.0833
NC_000024.10	21492453	0.1667
NC_000024.10	21492581	0.0833
NC_000024.10	21492761	0.0833
NC_000024.10	21492765	0.0833
NC_000024.10	21493696	0.25
NC_000024.10	21493927	0.25
NC_000024.10	21494505	0.0833
NC_000024.10	21494605	0.1667
NC_000024.10	21494793	0.0833
NC_000024.10	21494805	0.0833
NC_000024.10	21494968	0.1667
NC_000024.10	21495822	0.3333
NC_000024.10	21496472	0.4167
NC_000024.10	21496498	0.0833
NC_000024.10	21499163	0.0833
NC_000024.10	21500458	0.25
NC_000024.10	21500881	0.0833
NC_000024.10	21501535	0.1667
NC_000024.10	21501889	0.1667
NC_000024.10	21501915	0.0833
NC_000024.10	21501983	0.4167
NC_000024.10	21502382	0.0833
NC_000024.10	21503634	0.0833
NC_000024.10	21504032	0.0833
NC_000024.10	21504518	0.1667
NC_000024.10	21567387	0.1667
NC_000024.10	21567469	0.1667
NC_000024.10	21567517	0.0833
NC_000024.10	21567607	0.1667
NC_000024.10	21567623	0.1667
NC_000024.10	21567660	0.0833
NC_000024.10	21567790	0.0833
NC_000024.10	21567887	0.1667
NC_000024.10	21567990	0.0833
NC_000024.10	21568065	0.0833
NC_000024.10	21568454	0.0833
NC_000024.10	21569997	0.1667
NC_000024.10	21574078	0.0833
NC_000024.10	21574117	0.1667
NC_000024.10	21574729	0.0833
NC_000024.10	21579057	0.1667
NC_000024.10	21579255	0.0833
NC_000024.10	21579798	0.0833
NC_000024.10	21581734	0.0833
NC_000024.10	21582744	0.0833
NC_000024.10	21583204	0.0833
NC_000024.10	21585209	0.0833
NC_000024.10	21585223	0.0833
NC_000024.10	21588137	0.0833
NC_000024.10	21589452	0.0833
NC_000024.10	21589457	0.1667
NC_000024.10	21589488	0.0833
NC_000024.10	21589805	0.0833
NC_000024.10	21592090	0.0833
NC_000024.10	21593246	0.0833
NC_000024.10	21593362	0.1667
NC_000024.10	21595579	0.0833
NC_000024.10	21598580	0.1667
NC_000024.10	21599532	0.0833
NC_000024.10	21599722	0.0833
NC_000024.10	21599786	0.3333
NC_000024.10	21602252	0.0833
NC_000024.10	21603139	0.0833
NC_000024.10	21603670	0.0833
NC_000024.10	21607487	0.0833
NC_000024.10	21609094	0.0833
NC_000024.10	21609261	0.0833
NC_000024.10	21610092	0.1667
NC_000024.10	21612218	0.1667
NC_000024.10	21612504	0.0833
NC_000024.10	21614556	0.1
NC_000024.10	21619618	0.2
NC_000024.10	21623364	0.1
NC_000024.10	21623528	0.1
NC_000024.10	21624028	0.1
NC_000024.10	21626547	0.1
NC_000024.10	21626712	0.1
NC_000024.10	21627334	0.1
NC_000024.10	21627470	0.1
NC_000024.10	21628575	0.1
NC_000024.10	21628872	0.2
NC_000024.10	21635093	0.1
NC_000024.10	21638306	0.1
NC_000024.10	21639435	0.1
NC_000024.10	21639917	0.2
NC_000024.10	21640887	0.1
NC_000024.10	21643824	0.1
NC_000024.10	21743622	0.1111
NC_000024.10	22209981	0.1111
NC_000024.10	22211806	0.1111
NC_000024.10	22212010	0.1111
NC_000024.10	22212104	0.1111
NC_000024.10	22213376	0.1111
NC_000024.10	22213784	0.1111
NC_000024.10	22218743	0.1111
NC_000024.10	22218752	0.1111
NC_000024.10	22218934	0.1111
NC_000024.10	22220043	0.1111
NC_000024.10	22225537	0.1111
NC_000024.10	22226204	0.1111
NC_000024.10	22228572	0.1111
NC_000024.10	22229271	0.1111
NC_000024.10	22229308	0.1111
NC_000024.10	22231309	0.2222
NC_000024.10	22231571	0.2222
NC_000024.10	22231828	0.1111
NC_000024.10	22232479	0.1111
NC_000024.10	22235252	0.1111
NC_000024.10	22235256	0.2222
NC_000024.10	22236243	0.1111
NC_000024.10	22239281	0.1111
NC_000024.10	22239916	0.1111
NC_000024.10	22239977	0.1111
NC_000024.10	22240006	0.2222
NC_000024.10	22240416	0.1111
NC_000024.10	22240687	0.2222
NC_000024.10	22240691	0.1111
NC_000024.10	22240700	0.1111
NC_000024.10	22240715	0.1111
NC_000024.10	22240728	0.1111
NC_000024.10	22240744	0.1111
NC_000024.10	22240747	0.2222
NC_000024.10	22240782	0.1111
NC_000024.10	22240783	0.1111
NC_000024.10	22240796	0.1111
NC_000024.10	22240845	0.1111
NC_000024.10	22240888	0.125
NC_000024.10	22241338	0.1111
NC_000024.10	22241366	0.1111
NC_000024.10	22241394	0.3333
NC_000024.10	22241422	0.1111
NC_000024.10	22241477	0.125
NC_000024.10	22241498	0.2222
NC_000024.10	22241500	0.2222
NC_000024.10	22241505	0.1111
NC_000024.10	22241507	0.1111
NC_000024.10	22241526	0.3333
NC_000024.10	22241539	0.1111
NC_000024.10	22241552	0.2222
NC_000024.10	22241557	0.1111
NC_000024.10	22241646	0.1111
NC_000024.10	22241654	0.1111
NC_000024.10	22241797	0.1111
NC_000024.10	22241843	0.1111
NC_000024.10	22241961	0.2222
NC_000024.10	22243588	0.1111
NC_000024.10	22245482	0.1111
NC_000024.10	22245744	0.1111
NC_000024.10	22245935	0.1111
NC_000024.10	22246487	0.1111
NC_000024.10	22246506	0.1111
NC_000024.10	22247510	0.1111
NC_000024.10	22249723	0.1111
NC_000024.10	22249736	0.1111
NC_000024.10	22250065	0.1111
NC_000024.10	22251703	0.1111
NC_000024.10	22253445	0.1111
NC_000024.10	22255119	0.1111
NC_000024.10	22255793	0.1111
NC_000024.10	22257057	0.1111
NC_000024.10	22260454	0.1111
NC_000024.10	22262699	0.2222
NC_000024.10	22269571	0.1111
NC_000024.10	22269631	0.1111
NC_000024.10	22269633	0.2222
NC_000024.10	22271095	0.1111
NC_000024.10	22271339	0.1111
NC_000024.10	22274732	0.1111
NC_000024.10	22276683	0.1111
NC_000024.10	22278938	0.1111
NC_000024.10	22279068	0.1111
NC_000024.10	22281448	0.1111
NC_000024.10	22284435	0.1111
NC_000024.10	22286142	0.1111
NC_000024.10	22286519	0.1111
NC_000024.10	22289016	0.1111
NC_000024.10	22291832	0.1111
NC_000024.10	22293049	0.1111
NC_000024.10	22295832	0.1111
NC_000024.10	22296620	0.1111
NC_000024.10	22297751	0.1111
NC_000024.10	22297901	0.1111
NC_000024.10	22300703	0.3333
NC_000024.10	22300705	0.4444
NC_000024.10	22302379	0.1111
NC_000024.10	22304781	0.1111
NC_000024.10	22304782	0.1111
NC_000024.10	22304783	0.1111
NC_000024.10	22305040	0.1111
NC_000024.10	22305402	0.1111
NC_000024.10	22308462	0.1111
NC_000024.10	22310265	0.1111
NC_000024.10	22311572	0.1111
NC_000024.10	22313793	0.1111
NC_000024.10	22314733	0.1111
NC_000024.10	22315655	0.1111
NC_000024.10	22319145	0.2222
NC_000024.10	22319810	0.1111
NC_000024.10	22323659	0.1111
NC_000024.10	22324764	0.1111
NC_000024.10	22325863	0.1111
NC_000024.10	22325903	0.1111
NC_000024.10	22325965	0.1111
NC_000024.10	22326721	0.1111
NC_000024.10	22329181	0.1111
NC_000024.10	22329364	0.1111
NC_000024.10	22333370	0.1111
NC_000024.10	22336528	0.1111
NC_000024.10	22336921	0.1111
NC_000024.10	22337085	0.1111
NC_000024.10	22337441	0.1111
NC_000024.10	22337697	0.1111
NC_000024.10	22341554	0.1111
NC_000024.10	22343109	0.1111
NC_000024.10	22343861	0.1111
NC_000024.10	22345609	0.1111
NC_000024.10	22346728	0.1111
NC_000024.10	22350980	0.1111
NC_000024.10	22351307	0.1111
NC_000024.10	22352290	0.1111
NC_000024.10	22354703	0.1111
NC_000024.10	22358928	0.1111
NC_000024.10	22360192	0.1111
NC_000024.10	22363152	0.1111
NC_000024.10	22365473	0.1111
NC_000024.10	22372008	0.1111
NC_000024.10	22372431	0.1111
NC_000024.10	22377057	0.1111
NC_000024.10	23359156	0.25
NC_000024.10	26311460	0.125
NC_000024.10	26313591	0.125
NC_000024.10	26315073	0.125
NC_000024.10	26316760	0.125
NC_000024.10	26317778	0.125
NC_000024.10	26318156	0.125
NC_000024.10	26318632	0.125
NC_000024.10	26320513	0.125
NC_000024.10	26323348	0.125
NC_000024.10	26326068	0.125
NC_000024.10	26330684	0.125
NC_000024.10	26331891	0.25
NC_000024.10	26333768	0.125
NC_000024.10	26334636	0.125
NC_000024.10	26336584	0.125
NC_000024.10	26337615	0.125
NC_000024.10	26338616	0.125
NC_000024.10	26338742	0.125
NC_000024.10	26338750	0.125
NC_000024.10	26338888	0.125
NC_000024.10	26344052	0.1111
NC_000024.10	26344243	0.1111
NC_000024.10	26345960	0.1111
NC_000024.10	26349752	0.1111
NC_000024.10	26351064	0.1111
NC_000024.10	26357908	0.1111
NC_000024.10	26357957	0.1111
NC_000024.10	26357986	0.1111
NC_000024.10	26358543	0.1111
NC_000024.10	26358585	0.1111
NC_000024.10	26361691	0.1111
NC_000024.10	26364590	0.1111
NC_000024.10	26365131	0.1111
NC_000024.10	26365732	0.1111
NC_000024.10	26369483	0.1111
NC_000024.10	26371173	0.1111
NC_000024.10	26371206	0.1111
NC_000024.10	26372538	0.1111
NC_000024.10	26375995	0.1111
NC_000024.10	26376188	0.1111
NC_000024.10	26377161	0.1111
NC_000024.10	26378723	0.1111
NC_000024.10	26381303	0.1111
NC_000024.10	26383415	0.2222
NC_000024.10	26385221	0.1111
NC_000024.10	26386507	0.1111
NC_000024.10	26388048	0.1111
NC_000024.10	26388793	0.125
NC_000024.10	26390124	0.1111
NC_000024.10	26397299	0.1111
NC_000024.10	26397544	0.1111
NC_000024.10	26405107	0.1111
NC_000024.10	26405480	0.1111
NC_000024.10	26405810	0.1111
NC_000024.10	26412472	0.1111
NC_000024.10	26412769	0.1111
NC_000024.10	26419601	0.2222
NC_000024.10	26421667	0.1111
NC_000024.10	26421805	0.1111
NC_000024.10	26422787	0.1111
NC_000024.10	26424393	0.1111
NC_000024.10	26426081	0.1111
NC_000024.10	26427727	0.1111
NC_000024.10	26428851	0.1111
NC_000024.10	26429570	0.1111
NC_000024.10	26430680	0.1111
NC_000024.10	26431531	0.1111
NC_000024.10	26433719	0.1111
NC_000024.10	26435519	0.1111
NC_000024.10	26435521	0.1111
NC_000024.10	26435877	0.1111
NC_000024.10	26437082	0.1111
NC_000024.10	26441493	0.1111
NC_000024.10	26441816	0.1111
NC_000024.10	26442839	0.1111
NC_000024.10	26442923	0.1111
NC_000024.10	26444104	0.1111
NC_000024.10	26444759	0.1111
NC_000024.10	26446550	0.125
NC_000024.10	26447052	0.125
NC_000024.10	26447924	0.125
NC_000024.10	26451221	0.125
NC_000024.10	26453645	0.125
NC_000024.10	26454836	0.125
NC_000024.10	26455912	0.125
NC_000024.10	26458606	0.125
NC_000024.10	26461098	0.125
NC_000024.10	26462498	0.125
NC_000024.10	26463759	0.125
NC_000024.10	26464271	0.125
NC_000024.10	26464362	0.125
NC_000024.10	26466225	0.125
NC_000024.10	26466301	0.125
NC_000024.10	26466758	0.125
NC_000024.10	26468769	0.125
NC_000024.10	26469959	0.125
NC_000024.10	26472905	0.125
NC_000024.10	26474079	0.125
NC_000024.10	26474969	0.125
NC_000024.10	26481552	0.125
NC_000024.10	26481944	0.125
NC_000024.10	26482293	0.125
NC_000024.10	26482313	0.125
NC_000024.10	26482361	0.125
NC_000024.10	26482363	0.125
NC_000024.10	26482669	0.125
NC_000024.10	26482996	0.125
NC_000024.10	26487709	0.125
NC_000024.10	26490579	0.125
NC_000024.10	26491882	0.125
NC_000024.10	26494220	0.125
NC_000024.10	26498476	0.125
NC_000024.10	26500210	0.125
NC_000024.10	26501475	0.125
NC_000024.10	26504196	0.125
NC_000024.10	26504215	0.125
NC_000024.10	26507463	0.125
NC_000024.10	26508237	0.125
NC_000024.10	26510908	0.125
NC_000024.10	26510909	0.125
NC_000024.10	26512102	0.125
NC_000024.10	26512130	0.125
NC_000024.10	26513473	0.125
NC_000024.10	26515051	0.1111
NC_000024.10	26517484	0.1111
NC_000024.10	26518098	0.1111
NC_000024.10	26518460	0.1111
NC_000024.10	26521083	0.2222
NC_000024.10	26522121	0.2222
NC_000024.10	26522143	0.1111
NC_000024.10	26523839	0.2222
NC_000024.10	26528043	0.1111
NC_000024.10	26528548	0.2222
NC_000024.10	26530324	0.1111
NC_000024.10	26533345	0.1111
NC_000024.10	26534221	0.1111
NC_000024.10	26534275	0.3333
NC_000024.10	26534734	0.1111
NC_000024.10	26537440	0.1111
NC_000024.10	26539194	0.1111
NC_000024.10	26540232	0.1111
NC_000024.10	26541444	0.1111
NC_000024.10	26541894	0.1111
NC_000024.10	26544156	0.1111
NC_000024.10	26545236	0.1111
NC_000024.10	26546758	0.1111
NC_000024.10	26547508	0.1111
NC_000024.10	26551161	0.1111
NC_000024.10	26552871	0.1111
NC_000024.10	26554617	0.3333
NC_000024.10	26558661	0.1111
NC_000024.10	26561432	0.1111
NC_000024.10	26561660	0.1111
NC_000024.10	26561998	0.1111
NC_000024.10	26562072	0.1111
NC_000024.10	26563127	0.1111
NC_000024.10	26563371	0.1111
NC_000024.10	26564669	0.1111
NC_000024.10	26564859	0.1111
NC_000024.10	26568635	0.2222
NC_000024.10	26570123	0.1111
NC_000024.10	26570493	0.2222
NC_000024.10	26571120	0.1111
NC_000024.10	26575366	0.1111
NC_000024.10	26578069	0.1111
NC_000024.10	26579266	0.1111
NC_000024.10	26580768	0.1111
NC_000024.10	26583055	0.1111
NC_000024.10	26584835	0.1111
NC_000024.10	26584880	0.1111
NC_000024.10	26585063	0.1111
NC_000024.10	26585954	0.1111
NC_000024.10	26590079	0.1111
NC_000024.10	26590753	0.1111
NC_000024.10	26591192	0.1111
NC_000024.10	26592139	0.1111
NC_000024.10	26592294	0.1111
NC_000024.10	26592549	0.1111
NC_000024.10	26593664	0.1111
NC_000024.10	26596481	0.1111
NC_000024.10	26598675	0.1111
NC_000024.10	26598808	0.1111
NC_000024.10	26599373	0.1111
NC_000024.10	26600248	0.1111
NC_000024.10	26600261	0.1111
NC_000024.10	26601072	0.1111
NC_000024.10	26601398	0.1111
NC_000024.10	26602463	0.1111
NC_000024.10	26602754	0.2222
NC_000024.10	26602761	0.1111
NC_000024.10	26602766	0.2222
NC_000024.10	26605061	0.1111
NC_000024.10	26608951	0.1111
NC_000024.10	26610830	0.1111
NC_000024.10	26612119	0.1111
NC_000024.10	26614966	0.1111
NC_000024.10	26618710	0.1111
NC_000024.10	26621454	0.1111
NC_000024.10	26625901	0.1111
NC_000024.10	26626342	0.1111
NC_000024.10	26627022	0.1111
NC_000024.10	26630732	0.1111
NC_000024.10	26631578	0.1111
NC_000024.10	26636977	0.1111
NC_000024.10	26638427	0.1111
NC_000024.10	26640091	0.1111
NC_000024.10	26640495	0.2222
NC_000024.10	26640911	0.1111
NC_000024.10	26641499	0.2
NC_000024.10	26641506	0.2
NC_000024.10	26643748	0.2
NC_000024.10	26644068	0.2
