0	1	2
NC_000024.9	2653666	0.0833
NC_000024.9	2657176	0.0833
NC_000024.9	2663704	0.1667
NC_000024.9	2663708	0.3333
NC_000024.9	2663943	0.0833
NC_000024.9	2665616	0.0833
NC_000024.9	2668519	0.0833
NC_000024.9	2668533	0.0833
NC_000024.9	2669416	0.1667
NC_000024.9	2669922	0.0833
NC_000024.9	2670454	0.0833
NC_000024.9	2671229	0.0833
NC_000024.9	2671556	0.0833
NC_000024.9	2672037	0.0833
NC_000024.9	2674624	0.0833
NC_000024.9	2675483	0.0833
NC_000024.9	2676736	0.0833
NC_000024.9	2679637	0.0833
NC_000024.9	2682859	0.0833
NC_000024.9	2683829	0.0833
NC_000024.9	2684747	0.0833
NC_000024.9	2686422	0.0833
NC_000024.9	2688614	0.0833
NC_000024.9	2688616	0.0833
NC_000024.9	2688618	0.0833
NC_000024.9	2688630	0.0833
NC_000024.9	2688631	0.0833
NC_000024.9	2688632	0.0833
NC_000024.9	2688634	0.0833
NC_000024.9	2688636	0.0833
NC_000024.9	2694271	0.0833
NC_000024.9	2695796	0.0833
NC_000024.9	2696227	0.0833
NC_000024.9	2702987	0.0833
NC_000024.9	2703277	0.0833
NC_000024.9	2706010	0.0833
NC_000024.9	2707859	0.0833
NC_000024.9	2707941	0.0833
NC_000024.9	2710154	0.0833
NC_000024.9	2712952	0.0833
NC_000024.9	2712956	0.0833
NC_000024.9	2719206	0.1667
NC_000024.9	2722506	0.0833
NC_000024.9	2724768	0.0833
NC_000024.9	2725415	0.1667
NC_000024.9	2728927	0.0833
NC_000024.9	2730823	0.0833
NC_000024.9	2733618	0.0833
NC_000024.9	2734854	0.0833
NC_000024.9	2735282	0.0833
NC_000024.9	2737408	0.1667
NC_000024.9	2737677	0.0833
NC_000024.9	2738273	0.0833
NC_000024.9	2739468	0.0833
NC_000024.9	2743754	0.0833
NC_000024.9	2744386	0.0833
NC_000024.9	2746223	0.0833
NC_000024.9	2750722	0.1667
NC_000024.9	2754170	0.0833
NC_000024.9	2754208	0.0833
NC_000024.9	2756471	0.0833
NC_000024.9	2756519	0.0833
NC_000024.9	2757670	0.0833
NC_000024.9	2759881	0.0833
NC_000024.9	2759904	0.0833
NC_000024.9	2759908	0.0833
NC_000024.9	2772928	0.0833
NC_000024.9	2773948	0.0833
NC_000024.9	2774669	0.0833
NC_000024.9	2775113	0.0833
NC_000024.9	2786232	0.1667
NC_000024.9	2787708	0.0833
NC_000024.9	2788626	0.0833
NC_000024.9	2789035	0.0833
NC_000024.9	2790145	0.0833
NC_000024.9	2790584	0.0833
NC_000024.9	2794079	0.0833
NC_000024.9	2794481	0.0833
NC_000024.9	2794674	0.1667
NC_000024.9	2795670	0.0833
NC_000024.9	2797738	0.0833
NC_000024.9	2798459	0.0833
NC_000024.9	2800714	0.0833
NC_000024.9	2801320	0.0833
NC_000024.9	2803297	0.1667
NC_000024.9	2807619	0.0833
NC_000024.9	2808482	0.0833
NC_000024.9	2810003	0.0833
NC_000024.9	2810005	0.0833
NC_000024.9	2812679	0.0833
NC_000024.9	2815431	0.0833
NC_000024.9	2819037	0.0833
NC_000024.9	2824726	0.3333
NC_000024.9	2827409	0.1667
NC_000024.9	2828710	0.0833
NC_000024.9	2831439	0.0833
NC_000024.9	2832907	0.0833
NC_000024.9	2836569	0.1667
NC_000024.9	2837661	0.0833
NC_000024.9	2842830	0.0833
NC_000024.9	2849842	0.0833
NC_000024.9	2849853	0.0833
NC_000024.9	2849854	0.0833
NC_000024.9	2849879	0.0833
NC_000024.9	2851317	0.0833
NC_000024.9	2853394	0.1667
NC_000024.9	2854450	0.0833
NC_000024.9	2855637	0.1667
NC_000024.9	2857518	0.0833
NC_000024.9	2860701	0.0833
NC_000024.9	2861997	0.0833
NC_000024.9	2863367	0.0833
NC_000024.9	2863665	0.0833
NC_000024.9	2864030	0.0833
NC_000024.9	2864281	0.0833
NC_000024.9	2864283	0.0833
NC_000024.9	2864284	0.0833
NC_000024.9	2865760	0.1667
NC_000024.9	2866356	0.25
NC_000024.9	2866613	0.25
NC_000024.9	2866614	0.25
NC_000024.9	2866644	0.0833
NC_000024.9	2866786	0.25
NC_000024.9	2866791	0.25
NC_000024.9	2866886	0.0833
NC_000024.9	2866903	0.0833
NC_000024.9	2866944	0.25
NC_000024.9	2868499	0.0833
NC_000024.9	2868656	0.0833
NC_000024.9	2869420	0.0833
NC_000024.9	2872583	0.0833
NC_000024.9	2872610	0.0833
NC_000024.9	2874542	0.0833
NC_000024.9	2874544	0.0833
NC_000024.9	2878752	0.0833
NC_000024.9	2878764	0.0833
NC_000024.9	2882755	0.0833
NC_000024.9	2884848	0.0833
NC_000024.9	2886792	0.0833
NC_000024.9	2888657	0.2727
NC_000024.9	2888660	0.0909
NC_000024.9	2888731	0.0833
NC_000024.9	2888739	0.25
NC_000024.9	2888808	0.0833
NC_000024.9	2888827	0.1667
NC_000024.9	2889023	0.0833
NC_000024.9	2889399	0.0833
NC_000024.9	2894227	0.0833
NC_000024.9	2896481	0.0833
NC_000024.9	2899711	0.0833
NC_000024.9	2899721	0.0833
NC_000024.9	2900774	0.0833
NC_000024.9	2903232	0.1667
NC_000024.9	2904590	0.0833
NC_000024.9	2906633	0.0833
NC_000024.9	2906950	0.0833
NC_000024.9	2912385	0.0833
NC_000024.9	2913306	0.0833
NC_000024.9	2915046	0.1667
NC_000024.9	2918242	0.125
NC_000024.9	2919541	0.125
NC_000024.9	2920392	0.125
NC_000024.9	2921482	0.125
NC_000024.9	2924517	0.125
NC_000024.9	2925191	0.125
NC_000024.9	2925501	0.125
NC_000024.9	2926296	0.125
NC_000024.9	2934358	0.125
NC_000024.9	2935479	0.125
NC_000024.9	2935950	0.125
NC_000024.9	2936019	0.125
NC_000024.9	2939172	0.125
NC_000024.9	2941003	0.125
NC_000024.9	2956378	0.125
NC_000024.9	2964134	0.125
NC_000024.9	2964843	0.125
NC_000024.9	2971140	0.125
NC_000024.9	2973920	0.125
NC_000024.9	2976700	0.125
NC_000024.9	2979557	0.125
NC_000024.9	2979593	0.125
NC_000024.9	2979694	0.125
NC_000024.9	2979987	0.125
NC_000024.9	2982166	0.125
NC_000024.9	2983079	0.125
NC_000024.9	2984964	0.125
NC_000024.9	2987520	0.125
NC_000024.9	2990766	0.125
NC_000024.9	2993302	0.125
NC_000024.9	2993527	0.125
NC_000024.9	2993736	0.125
NC_000024.9	2995465	0.125
NC_000024.9	2996541	0.125
NC_000024.9	3000500	0.125
NC_000024.9	3002613	0.125
NC_000024.9	3018503	0.125
NC_000024.9	3019165	0.125
NC_000024.9	3023063	0.125
NC_000024.9	3027395	0.125
NC_000024.9	3028395	0.125
NC_000024.9	3033181	0.125
NC_000024.9	3033726	0.125
NC_000024.9	3035093	0.125
NC_000024.9	3036858	0.125
NC_000024.9	3041058	0.125
NC_000024.9	3043591	0.125
NC_000024.9	3047734	0.125
NC_000024.9	3048056	0.125
NC_000024.9	3051306	0.125
NC_000024.9	3053625	0.125
NC_000024.9	3054847	0.125
NC_000024.9	3056500	0.125
NC_000024.9	3062745	0.125
NC_000024.9	3063138	0.125
NC_000024.9	3063195	0.125
NC_000024.9	3063212	0.125
NC_000024.9	3063242	0.125
NC_000024.9	3063257	0.125
NC_000024.9	3063299	0.125
NC_000024.9	3066095	0.125
NC_000024.9	3066476	0.125
NC_000024.9	3067806	0.125
NC_000024.9	3070183	0.125
NC_000024.9	3072762	0.125
NC_000024.9	3075109	0.125
NC_000024.9	3076080	0.125
NC_000024.9	3076198	0.125
NC_000024.9	3076264	0.125
NC_000024.9	3076835	0.125
NC_000024.9	3081217	0.125
NC_000024.9	3085768	0.125
NC_000024.9	3085776	0.125
NC_000024.9	3085850	0.125
NC_000024.9	3086539	0.125
NC_000024.9	3088161	0.125
NC_000024.9	3091517	0.125
NC_000024.9	3092466	0.125
NC_000024.9	3093698	0.125
NC_000024.9	3094221	0.125
NC_000024.9	3094914	0.125
NC_000024.9	3095565	0.125
NC_000024.9	3096075	0.125
NC_000024.9	3099278	0.125
NC_000024.9	3099279	0.125
NC_000024.9	3101776	0.125
NC_000024.9	3103470	0.125
NC_000024.9	3103536	0.125
NC_000024.9	3103602	0.125
NC_000024.9	3106783	0.125
NC_000024.9	3106923	0.125
NC_000024.9	3106971	0.125
NC_000024.9	3109713	0.125
NC_000024.9	3112297	0.125
NC_000024.9	3112471	0.125
NC_000024.9	3113352	0.125
NC_000024.9	3117299	0.125
NC_000024.9	3117794	0.125
NC_000024.9	3117827	0.125
NC_000024.9	3118050	0.125
NC_000024.9	3118382	0.125
NC_000024.9	3121507	0.125
NC_000024.9	3124651	0.125
NC_000024.9	3126786	0.125
NC_000024.9	3131055	0.125
NC_000024.9	3131580	0.125
NC_000024.9	3134350	0.125
NC_000024.9	3141979	0.125
NC_000024.9	3142809	0.125
NC_000024.9	3147599	0.125
NC_000024.9	3147666	0.125
NC_000024.9	3156171	0.125
NC_000024.9	3156485	0.125
NC_000024.9	3157148	0.125
NC_000024.9	3158370	0.125
NC_000024.9	3158830	0.125
NC_000024.9	3159003	0.125
NC_000024.9	3159321	0.125
NC_000024.9	3166398	0.125
NC_000024.9	3168537	0.125
NC_000024.9	3170393	0.125
NC_000024.9	3171959	0.125
NC_000024.9	3172554	0.125
NC_000024.9	3172631	0.125
NC_000024.9	3175194	0.125
NC_000024.9	3175522	0.125
NC_000024.9	3177983	0.125
NC_000024.9	3179956	0.125
NC_000024.9	3181827	0.125
NC_000024.9	3187503	0.125
NC_000024.9	3189272	0.125
NC_000024.9	3189500	0.125
NC_000024.9	3192659	0.125
NC_000024.9	3193775	0.125
NC_000024.9	3196426	0.125
NC_000024.9	3196991	0.125
NC_000024.9	3197852	0.125
NC_000024.9	3204414	0.125
NC_000024.9	3204531	0.125
NC_000024.9	3205245	0.125
NC_000024.9	3205875	0.125
NC_000024.9	3206196	0.125
NC_000024.9	3206751	0.125
NC_000024.9	3210616	0.125
NC_000024.9	3211956	0.125
NC_000024.9	3217891	0.125
NC_000024.9	3218793	0.125
NC_000024.9	3218805	0.125
NC_000024.9	3221865	0.125
NC_000024.9	3223376	0.125
NC_000024.9	3224603	0.125
NC_000024.9	3228412	0.125
NC_000024.9	3237003	0.125
NC_000024.9	3240080	0.125
NC_000024.9	3240115	0.125
NC_000024.9	3240322	0.125
NC_000024.9	3240764	0.125
NC_000024.9	3241075	0.125
NC_000024.9	3241120	0.125
NC_000024.9	3241142	0.125
NC_000024.9	3241146	0.125
NC_000024.9	3241210	0.125
NC_000024.9	3241511	0.125
NC_000024.9	3241769	0.125
NC_000024.9	3245317	0.125
NC_000024.9	3246170	0.125
NC_000024.9	3246358	0.125
NC_000024.9	3247479	0.125
NC_000024.9	3251655	0.125
NC_000024.9	3252135	0.125
NC_000024.9	3253378	0.125
NC_000024.9	3253466	0.125
NC_000024.9	3253841	0.125
NC_000024.9	3253843	0.125
NC_000024.9	3255740	0.125
NC_000024.9	3259961	0.125
NC_000024.9	3261396	0.125
NC_000024.9	3263448	0.125
NC_000024.9	3265675	0.125
NC_000024.9	3269225	0.125
NC_000024.9	3273465	0.125
NC_000024.9	3276994	0.125
NC_000024.9	3278003	0.125
NC_000024.9	3278685	0.125
NC_000024.9	3279606	0.125
NC_000024.9	3279616	0.125
NC_000024.9	3284708	0.125
NC_000024.9	3285407	0.125
NC_000024.9	3286562	0.125
NC_000024.9	3286643	0.125
NC_000024.9	3287782	0.125
NC_000024.9	3292478	0.125
NC_000024.9	3293273	0.125
NC_000024.9	3293934	0.125
NC_000024.9	3294125	0.125
NC_000024.9	3295904	0.125
NC_000024.9	3299802	0.125
NC_000024.9	3301260	0.125
NC_000024.9	3304261	0.125
NC_000024.9	3306236	0.125
NC_000024.9	3308249	0.125
NC_000024.9	3311333	0.125
NC_000024.9	3311772	0.125
NC_000024.9	3311910	0.125
NC_000024.9	3312122	0.125
NC_000024.9	3316512	0.125
NC_000024.9	3319685	0.125
NC_000024.9	3320862	0.125
NC_000024.9	3320878	0.125
NC_000024.9	3320911	0.125
NC_000024.9	3320972	0.125
NC_000024.9	3321168	0.125
NC_000024.9	3321201	0.125
NC_000024.9	3322306	0.125
NC_000024.9	3325385	0.125
NC_000024.9	3325797	0.125
NC_000024.9	3326295	0.125
NC_000024.9	3327960	0.125
NC_000024.9	3331464	0.125
NC_000024.9	3351056	0.125
NC_000024.9	3354427	0.125
NC_000024.9	3356054	0.125
NC_000024.9	3356097	0.2857
NC_000024.9	3358527	0.125
NC_000024.9	3359778	0.125
NC_000024.9	3361036	0.125
NC_000024.9	3361996	0.125
NC_000024.9	3365204	0.125
NC_000024.9	3369342	0.125
NC_000024.9	3375293	0.125
NC_000024.9	3375333	0.125
NC_000024.9	3377078	0.125
NC_000024.9	3387034	0.125
NC_000024.9	3388058	0.125
NC_000024.9	3392157	0.125
NC_000024.9	3394622	0.125
NC_000024.9	3395664	0.125
NC_000024.9	3396389	0.125
NC_000024.9	3396403	0.125
NC_000024.9	3397528	0.125
NC_000024.9	3397588	0.125
NC_000024.9	3398203	0.125
NC_000024.9	3399501	0.125
NC_000024.9	3401367	0.125
NC_000024.9	3401371	0.125
NC_000024.9	3402521	0.125
NC_000024.9	3408361	0.125
NC_000024.9	3410881	0.125
NC_000024.9	3411099	0.125
NC_000024.9	3412311	0.125
NC_000024.9	3421080	0.1429
NC_000024.9	3421952	0.125
NC_000024.9	3423014	0.125
NC_000024.9	3424930	0.125
NC_000024.9	3430547	0.125
NC_000024.9	3431741	0.125
NC_000024.9	3434019	0.125
NC_000024.9	3435247	0.125
NC_000024.9	3435715	0.125
NC_000024.9	3436215	0.125
NC_000024.9	3436218	0.125
NC_000024.9	3436223	0.125
NC_000024.9	3436225	0.125
NC_000024.9	3436366	0.125
NC_000024.9	3436392	0.125
NC_000024.9	3436398	0.125
NC_000024.9	3436403	0.375
NC_000024.9	3436409	0.375
NC_000024.9	3436413	0.375
NC_000024.9	3436452	0.125
NC_000024.9	3436453	0.125
NC_000024.9	3436657	0.125
NC_000024.9	3437028	0.125
NC_000024.9	3437151	0.125
NC_000024.9	3437274	0.125
NC_000024.9	3439238	0.125
NC_000024.9	3442397	0.125
NC_000024.9	3446934	0.125
NC_000024.9	3447245	0.125
NC_000024.9	3448329	0.125
NC_000024.9	3449182	0.125
NC_000024.9	3450787	0.125
NC_000024.9	3454600	0.125
NC_000024.9	3459588	0.125
NC_000024.9	3462921	0.125
NC_000024.9	3463010	0.125
NC_000024.9	3467570	0.125
NC_000024.9	3467586	0.125
NC_000024.9	3468836	0.125
NC_000024.9	3468889	0.125
NC_000024.9	3469269	0.125
NC_000024.9	3469374	0.125
NC_000024.9	3469376	0.125
NC_000024.9	3469378	0.125
NC_000024.9	3469380	0.125
NC_000024.9	3473293	0.125
NC_000024.9	3475540	0.125
NC_000024.9	3477830	0.125
NC_000024.9	3477887	0.125
NC_000024.9	3477909	0.125
NC_000024.9	3481054	0.125
NC_000024.9	3483847	0.125
NC_000024.9	3488405	0.125
NC_000024.9	3490224	0.125
NC_000024.9	3491089	0.125
NC_000024.9	3491090	0.125
NC_000024.9	3492017	0.125
NC_000024.9	3494875	0.125
NC_000024.9	3501776	0.125
NC_000024.9	3502996	0.125
NC_000024.9	3503504	0.125
NC_000024.9	3504577	0.125
NC_000024.9	3505800	0.125
NC_000024.9	3506923	0.125
NC_000024.9	3510387	0.125
NC_000024.9	3513712	0.125
NC_000024.9	3514764	0.125
NC_000024.9	3518194	0.125
NC_000024.9	3518211	0.125
NC_000024.9	3518317	0.125
NC_000024.9	3519705	0.125
NC_000024.9	3522382	0.125
NC_000024.9	3526026	0.125
NC_000024.9	3526812	0.125
NC_000024.9	3528560	0.125
NC_000024.9	3528940	0.125
NC_000024.9	3541637	0.125
NC_000024.9	3543455	0.125
NC_000024.9	3543822	0.125
NC_000024.9	3543923	0.125
NC_000024.9	3543988	0.125
NC_000024.9	3543996	0.125
NC_000024.9	3544335	0.125
NC_000024.9	3544457	0.125
NC_000024.9	3544858	0.125
NC_000024.9	3546048	0.125
NC_000024.9	3547589	0.125
NC_000024.9	3550569	0.125
NC_000024.9	3550583	0.125
NC_000024.9	3551918	0.125
NC_000024.9	3553442	0.125
NC_000024.9	3557622	0.125
NC_000024.9	3559910	0.125
NC_000024.9	3561764	0.125
NC_000024.9	3561950	0.125
NC_000024.9	3563017	0.125
NC_000024.9	3571752	0.25
NC_000024.9	3571970	0.125
NC_000024.9	3575947	0.125
NC_000024.9	3576539	0.125
NC_000024.9	3577449	0.125
NC_000024.9	3578862	0.125
NC_000024.9	3579473	0.125
NC_000024.9	3581317	0.125
NC_000024.9	3581736	0.125
NC_000024.9	3583220	0.125
NC_000024.9	3586552	0.125
NC_000024.9	3590521	0.125
NC_000024.9	3592872	0.125
NC_000024.9	3594211	0.125
NC_000024.9	3596564	0.125
NC_000024.9	3597057	0.125
NC_000024.9	3597900	0.125
NC_000024.9	3598062	0.125
NC_000024.9	3598089	0.125
NC_000024.9	3600143	0.125
NC_000024.9	3600599	0.125
NC_000024.9	3600939	0.125
NC_000024.9	3601075	0.125
NC_000024.9	3601987	0.125
NC_000024.9	3603598	0.125
NC_000024.9	3604268	0.125
NC_000024.9	3606974	0.125
NC_000024.9	3608384	0.125
NC_000024.9	3613653	0.125
NC_000024.9	3616135	0.125
NC_000024.9	3617112	0.125
NC_000024.9	3621049	0.125
NC_000024.9	3621278	0.125
NC_000024.9	3622540	0.125
NC_000024.9	3623750	0.125
NC_000024.9	3632881	0.125
NC_000024.9	3635408	0.125
NC_000024.9	3635749	0.125
NC_000024.9	3636010	0.125
NC_000024.9	3637848	0.125
NC_000024.9	3640528	0.125
NC_000024.9	3640532	0.25
NC_000024.9	3640536	0.25
NC_000024.9	3640540	0.125
NC_000024.9	3640544	0.125
NC_000024.9	3640987	0.125
NC_000024.9	3641124	0.125
NC_000024.9	3641802	0.125
NC_000024.9	3641847	0.125
NC_000024.9	3641956	0.125
NC_000024.9	3642054	0.125
NC_000024.9	3643020	0.125
NC_000024.9	3644178	0.125
NC_000024.9	3647143	0.125
NC_000024.9	3648882	0.125
NC_000024.9	3649860	0.125
NC_000024.9	3650484	0.125
NC_000024.9	3651721	0.125
NC_000024.9	3659645	0.125
NC_000024.9	3662640	0.125
NC_000024.9	3662866	0.125
NC_000024.9	3662892	0.25
NC_000024.9	3662943	0.25
NC_000024.9	3662969	0.125
NC_000024.9	3663021	0.25
NC_000024.9	3663022	0.25
NC_000024.9	3663054	0.125
NC_000024.9	3663258	0.125
NC_000024.9	3665668	0.125
NC_000024.9	3666406	0.125
NC_000024.9	3666505	0.125
NC_000024.9	3669250	0.125
NC_000024.9	3675790	0.125
NC_000024.9	3676584	0.125
NC_000024.9	3676814	0.125
NC_000024.9	3687246	0.125
NC_000024.9	3688434	0.125
NC_000024.9	3689559	0.125
NC_000024.9	3689841	0.125
NC_000024.9	3698606	0.125
NC_000024.9	3699730	0.125
NC_000024.9	3703589	0.125
NC_000024.9	3706449	0.125
NC_000024.9	3710325	0.125
NC_000024.9	3710642	0.125
NC_000024.9	3711108	0.125
NC_000024.9	3711326	0.125
NC_000024.9	3712276	0.125
NC_000024.9	3718835	0.125
NC_000024.9	3720372	0.125
NC_000024.9	3720834	0.125
NC_000024.9	3723842	0.125
NC_000024.9	3725566	0.125
NC_000024.9	3726469	0.125
NC_000024.9	3726637	0.125
NC_000024.9	3726895	0.125
NC_000024.9	3731567	0.125
NC_000024.9	3735270	0.125
NC_000024.9	3735649	0.125
NC_000024.9	3736125	0.125
NC_000024.9	3742460	0.125
NC_000024.9	3744241	0.125
NC_000024.9	3746366	0.125
NC_000024.9	3746588	0.125
NC_000024.9	3751908	0.125
NC_000024.9	3757319	0.125
NC_000024.9	3759714	0.125
NC_000024.9	3761509	0.125
NC_000024.9	3762547	0.125
NC_000024.9	3766423	0.125
NC_000024.9	3769155	0.125
NC_000024.9	3770158	0.125
NC_000024.9	3772978	0.125
NC_000024.9	3773454	0.125
NC_000024.9	3774943	0.125
NC_000024.9	3775122	0.125
NC_000024.9	3776275	0.125
NC_000024.9	3776295	0.125
NC_000024.9	3781624	0.125
NC_000024.9	3784007	0.125
NC_000024.9	3785544	0.125
NC_000024.9	3788451	0.125
NC_000024.9	3790759	0.125
NC_000024.9	3790856	0.125
NC_000024.9	3790866	0.125
NC_000024.9	3790868	0.125
NC_000024.9	3790870	0.125
NC_000024.9	3790872	0.125
NC_000024.9	3790874	0.1429
NC_000024.9	3790880	0.1429
NC_000024.9	3790882	0.1429
NC_000024.9	3796971	0.125
NC_000024.9	3797420	0.125
NC_000024.9	3797724	0.125
NC_000024.9	3800017	0.125
NC_000024.9	3800832	0.125
NC_000024.9	3805989	0.125
NC_000024.9	3808798	0.125
NC_000024.9	3810485	0.125
NC_000024.9	3814188	0.125
NC_000024.9	3817481	0.125
NC_000024.9	3817747	0.125
NC_000024.9	3821237	0.125
NC_000024.9	3822467	0.125
NC_000024.9	3822864	0.125
NC_000024.9	3825473	0.125
NC_000024.9	3827671	0.125
NC_000024.9	3828944	0.125
NC_000024.9	3829625	0.125
NC_000024.9	3832279	0.125
NC_000024.9	3837515	0.125
NC_000024.9	3840926	0.125
NC_000024.9	3846695	0.125
NC_000024.9	3848088	0.125
NC_000024.9	3853378	0.125
NC_000024.9	3855502	0.125
NC_000024.9	3857910	0.125
NC_000024.9	3860784	0.125
NC_000024.9	3861352	0.125
NC_000024.9	3869743	0.125
NC_000024.9	3870764	0.125
NC_000024.9	3872215	0.125
NC_000024.9	3872472	0.125
NC_000024.9	3873002	0.125
NC_000024.9	3876595	0.125
NC_000024.9	3878296	0.125
NC_000024.9	3878322	0.125
NC_000024.9	3878635	0.125
NC_000024.9	3879340	0.125
NC_000024.9	3882444	0.125
NC_000024.9	3883393	0.125
NC_000024.9	3887741	0.125
NC_000024.9	3889719	0.125
NC_000024.9	3892669	0.125
NC_000024.9	3895848	0.125
NC_000024.9	3895849	0.125
NC_000024.9	3896238	0.125
NC_000024.9	3897930	0.125
NC_000024.9	3901680	0.125
NC_000024.9	3902782	0.125
NC_000024.9	3904648	0.125
NC_000024.9	3909126	0.125
NC_000024.9	3909630	0.125
NC_000024.9	3911906	0.125
NC_000024.9	3914394	0.125
NC_000024.9	3917511	0.125
NC_000024.9	3918659	0.125
NC_000024.9	3919844	0.125
NC_000024.9	3924003	0.125
NC_000024.9	3924313	0.125
NC_000024.9	3929189	0.125
NC_000024.9	3930598	0.125
NC_000024.9	3930600	0.125
NC_000024.9	3930602	0.125
NC_000024.9	3930604	0.125
NC_000024.9	3930612	0.125
NC_000024.9	3930620	0.125
NC_000024.9	3930636	0.1429
NC_000024.9	3933018	0.125
NC_000024.9	3933053	0.125
NC_000024.9	3934025	0.125
NC_000024.9	3936390	0.125
NC_000024.9	3936519	0.125
NC_000024.9	3937610	0.125
NC_000024.9	3938410	0.125
NC_000024.9	3938973	0.125
NC_000024.9	3939078	0.125
NC_000024.9	3941075	0.125
NC_000024.9	3943088	0.125
NC_000024.9	3953523	0.125
NC_000024.9	3956843	0.125
NC_000024.9	3959681	0.125
NC_000024.9	3962049	0.125
NC_000024.9	3967460	0.125
NC_000024.9	3967462	0.125
NC_000024.9	3967553	0.125
NC_000024.9	3967600	0.125
NC_000024.9	3967607	0.125
NC_000024.9	3967609	0.125
NC_000024.9	3967642	0.125
NC_000024.9	3967849	0.125
NC_000024.9	3967855	0.125
NC_000024.9	3968831	0.125
NC_000024.9	3972907	0.125
NC_000024.9	3974339	0.125
NC_000024.9	3978105	0.125
NC_000024.9	3980412	0.125
NC_000024.9	3981793	0.125
NC_000024.9	3984166	0.125
NC_000024.9	3986278	0.125
NC_000024.9	3986983	0.125
NC_000024.9	3988751	0.125
NC_000024.9	3992793	0.125
NC_000024.9	3993491	0.125
NC_000024.9	3997322	0.125
NC_000024.9	3998039	0.125
NC_000024.9	4004313	0.125
NC_000024.9	4005955	0.125
NC_000024.9	4006458	0.125
NC_000024.9	4009014	0.125
NC_000024.9	4010205	0.125
NC_000024.9	4012125	0.125
NC_000024.9	4013496	0.125
NC_000024.9	4014267	0.125
NC_000024.9	4016345	0.125
NC_000024.9	4016346	0.125
NC_000024.9	4016444	0.125
NC_000024.9	4018338	0.125
NC_000024.9	4018709	0.125
NC_000024.9	4018732	0.125
NC_000024.9	4019677	0.125
NC_000024.9	4020803	0.125
NC_000024.9	4023919	0.125
NC_000024.9	4025019	0.125
NC_000024.9	4025484	0.125
NC_000024.9	4025700	0.125
NC_000024.9	4026409	0.125
NC_000024.9	4029090	0.125
NC_000024.9	4034903	0.125
NC_000024.9	4036616	0.125
NC_000024.9	4037810	0.125
NC_000024.9	4038378	0.125
NC_000024.9	4040748	0.125
NC_000024.9	4046091	0.125
NC_000024.9	4048881	0.125
NC_000024.9	4054090	0.125
NC_000024.9	4054092	0.125
NC_000024.9	4054093	0.125
NC_000024.9	4054096	0.125
NC_000024.9	4054097	0.125
NC_000024.9	4054099	0.125
NC_000024.9	4054100	0.125
NC_000024.9	4054101	0.125
NC_000024.9	4054104	0.125
NC_000024.9	4055556	0.125
NC_000024.9	4055810	0.125
NC_000024.9	4056654	0.125
NC_000024.9	4063906	0.125
NC_000024.9	4067897	0.125
NC_000024.9	4070393	0.125
NC_000024.9	4072020	0.125
NC_000024.9	4077048	0.125
NC_000024.9	4077487	0.125
NC_000024.9	4081236	0.125
NC_000024.9	4083172	0.125
NC_000024.9	4085265	0.125
NC_000024.9	4087192	0.125
NC_000024.9	4090305	0.125
NC_000024.9	4091747	0.125
NC_000024.9	4092747	0.125
NC_000024.9	4093591	0.125
NC_000024.9	4095931	0.125
NC_000024.9	4096300	0.125
NC_000024.9	4097242	0.125
NC_000024.9	4100779	0.125
NC_000024.9	4101247	0.125
NC_000024.9	4102263	0.125
NC_000024.9	4103685	0.125
NC_000024.9	4105081	0.125
NC_000024.9	4106574	0.125
NC_000024.9	4107415	0.125
NC_000024.9	4113969	0.125
NC_000024.9	4115040	0.125
NC_000024.9	4115817	0.125
NC_000024.9	4115852	0.125
NC_000024.9	4118612	0.125
NC_000024.9	4119216	0.125
NC_000024.9	4123983	0.125
NC_000024.9	4126302	0.125
NC_000024.9	4126329	0.125
NC_000024.9	4126462	0.125
NC_000024.9	4127817	0.125
NC_000024.9	4129804	0.125
NC_000024.9	4131646	0.125
NC_000024.9	4131733	0.125
NC_000024.9	4134398	0.125
NC_000024.9	4134667	0.125
NC_000024.9	4136541	0.125
NC_000024.9	4136676	0.125
NC_000024.9	4136678	0.125
NC_000024.9	4136680	0.25
NC_000024.9	4136689	0.125
NC_000024.9	4136693	0.125
NC_000024.9	4137220	0.125
NC_000024.9	4138983	0.125
NC_000024.9	4139644	0.125
NC_000024.9	4142040	0.125
NC_000024.9	4142889	0.125
NC_000024.9	4146105	0.125
NC_000024.9	4147638	0.125
NC_000024.9	4148091	0.125
NC_000024.9	4148833	0.125
NC_000024.9	4149211	0.125
NC_000024.9	4154976	0.125
NC_000024.9	4155887	0.125
NC_000024.9	4157646	0.125
NC_000024.9	4161680	0.125
NC_000024.9	4163111	0.125
NC_000024.9	4165965	0.125
NC_000024.9	4169211	0.125
NC_000024.9	4169776	0.125
NC_000024.9	4171208	0.125
NC_000024.9	4175098	0.125
NC_000024.9	4178336	0.125
NC_000024.9	4179938	0.125
NC_000024.9	4182900	0.125
NC_000024.9	4184736	0.125
NC_000024.9	4184761	0.125
NC_000024.9	4184937	0.125
NC_000024.9	4187085	0.125
NC_000024.9	4189465	0.125
NC_000024.9	4191167	0.125
NC_000024.9	4192142	0.125
NC_000024.9	4193917	0.125
NC_000024.9	4198481	0.125
NC_000024.9	4199897	0.125
NC_000024.9	4200762	0.125
NC_000024.9	4208855	0.125
NC_000024.9	4214128	0.125
NC_000024.9	4214217	0.125
NC_000024.9	4216113	0.125
NC_000024.9	4216951	0.125
NC_000024.9	4221560	0.125
NC_000024.9	4221764	0.125
NC_000024.9	4221900	0.125
NC_000024.9	4221953	0.125
NC_000024.9	4222874	0.125
NC_000024.9	4223155	0.125
NC_000024.9	4223537	0.125
NC_000024.9	4223962	0.125
NC_000024.9	4226015	0.125
NC_000024.9	4230021	0.125
NC_000024.9	4230481	0.125
NC_000024.9	4234600	0.125
NC_000024.9	4241895	0.125
NC_000024.9	4248478	0.125
NC_000024.9	4249250	0.125
NC_000024.9	4250390	0.125
NC_000024.9	4251094	0.125
NC_000024.9	4252814	0.125
NC_000024.9	4253380	0.125
NC_000024.9	4255992	0.125
NC_000024.9	4256673	0.125
NC_000024.9	4257083	0.125
NC_000024.9	4257804	0.125
NC_000024.9	4258745	0.125
NC_000024.9	4258746	0.125
NC_000024.9	4260398	0.125
NC_000024.9	4261804	0.125
NC_000024.9	4261886	0.125
NC_000024.9	4262622	0.125
NC_000024.9	4264863	0.125
NC_000024.9	4265904	0.125
NC_000024.9	4266323	0.125
NC_000024.9	4269795	0.125
NC_000024.9	4270756	0.125
NC_000024.9	4271074	0.125
NC_000024.9	4272103	0.125
NC_000024.9	4272991	0.125
NC_000024.9	4276602	0.125
NC_000024.9	4278387	0.125
NC_000024.9	4279148	0.125
NC_000024.9	4279760	0.125
NC_000024.9	4280921	0.125
NC_000024.9	4281583	0.125
NC_000024.9	4281900	0.125
NC_000024.9	4286471	0.125
NC_000024.9	4287382	0.125
NC_000024.9	4288007	0.125
NC_000024.9	4288751	0.125
NC_000024.9	4289014	0.125
NC_000024.9	4291088	0.125
NC_000024.9	4293271	0.125
NC_000024.9	4294273	0.125
NC_000024.9	4294293	0.125
NC_000024.9	4295883	0.125
NC_000024.9	4297719	0.125
NC_000024.9	4297872	0.125
NC_000024.9	4299725	0.125
NC_000024.9	4299960	0.125
NC_000024.9	4305392	0.125
NC_000024.9	4306006	0.125
NC_000024.9	4309581	0.125
NC_000024.9	4309916	0.125
NC_000024.9	4314255	0.125
NC_000024.9	4316240	0.125
NC_000024.9	4318466	0.125
NC_000024.9	4319271	0.125
NC_000024.9	4320720	0.125
NC_000024.9	4322133	0.125
NC_000024.9	4324876	0.125
NC_000024.9	4326043	0.125
NC_000024.9	4326084	0.125
NC_000024.9	4326365	0.125
NC_000024.9	4329272	0.125
NC_000024.9	4331790	0.125
NC_000024.9	4335912	0.125
NC_000024.9	4337945	0.125
NC_000024.9	4340475	0.125
NC_000024.9	4341611	0.125
NC_000024.9	4342314	0.125
NC_000024.9	4346539	0.125
NC_000024.9	4348256	0.125
NC_000024.9	4349670	0.125
NC_000024.9	4350251	0.125
NC_000024.9	4350865	0.125
NC_000024.9	4351468	0.125
NC_000024.9	4354690	0.125
NC_000024.9	4354763	0.125
NC_000024.9	4355405	0.125
NC_000024.9	4355502	0.125
NC_000024.9	4358953	0.125
NC_000024.9	4360889	0.125
NC_000024.9	4360890	0.125
NC_000024.9	4362777	0.125
NC_000024.9	4365145	0.125
NC_000024.9	4366069	0.125
NC_000024.9	4370469	0.125
NC_000024.9	4372325	0.125
NC_000024.9	4373804	0.125
NC_000024.9	4374009	0.125
NC_000024.9	4379096	0.125
NC_000024.9	4382462	0.125
NC_000024.9	4382463	0.125
NC_000024.9	4382737	0.125
NC_000024.9	4382939	0.125
NC_000024.9	4386084	0.125
NC_000024.9	4387194	0.125
NC_000024.9	4388383	0.125
NC_000024.9	4396720	0.125
NC_000024.9	4398088	0.125
NC_000024.9	4398834	0.125
NC_000024.9	4399173	0.125
NC_000024.9	4401665	0.125
NC_000024.9	4405140	0.125
NC_000024.9	4408798	0.125
NC_000024.9	4408905	0.125
NC_000024.9	4412692	0.125
NC_000024.9	4414875	0.125
NC_000024.9	4415817	0.125
NC_000024.9	4421343	0.125
NC_000024.9	4424369	0.125
NC_000024.9	4429442	0.125
NC_000024.9	4431239	0.125
NC_000024.9	4431623	0.125
NC_000024.9	4434883	0.125
NC_000024.9	4436813	0.125
NC_000024.9	4438103	0.125
NC_000024.9	4439866	0.125
NC_000024.9	4440503	0.125
NC_000024.9	4443485	0.125
NC_000024.9	4446691	0.125
NC_000024.9	4447773	0.125
NC_000024.9	4447931	0.125
NC_000024.9	4447989	0.125
NC_000024.9	4448404	0.125
NC_000024.9	4450181	0.125
NC_000024.9	4451281	0.125
NC_000024.9	4451400	0.125
NC_000024.9	4451742	0.125
NC_000024.9	4451743	0.125
NC_000024.9	4456367	0.125
NC_000024.9	4456706	0.125
NC_000024.9	4456753	0.125
NC_000024.9	4460941	0.125
NC_000024.9	4461680	0.125
NC_000024.9	4462375	0.125
NC_000024.9	4468330	0.125
NC_000024.9	4471202	0.125
NC_000024.9	4471411	0.125
NC_000024.9	4471482	0.125
NC_000024.9	4473499	0.125
NC_000024.9	4481718	0.125
NC_000024.9	4485776	0.125
NC_000024.9	4487016	0.125
NC_000024.9	4487610	0.125
NC_000024.9	4488266	0.125
NC_000024.9	4489709	0.125
NC_000024.9	4489898	0.125
NC_000024.9	4496652	0.125
NC_000024.9	4497343	0.125
NC_000024.9	4498289	0.125
NC_000024.9	4501479	0.125
NC_000024.9	4502249	0.125
NC_000024.9	4502360	0.125
NC_000024.9	4502378	0.125
NC_000024.9	4502380	0.125
NC_000024.9	4502602	0.125
NC_000024.9	4502698	0.125
NC_000024.9	4502746	0.125
NC_000024.9	4502821	0.125
NC_000024.9	4502983	0.125
NC_000024.9	4503405	0.125
NC_000024.9	4505436	0.125
NC_000024.9	4505952	0.125
NC_000024.9	4508758	0.125
NC_000024.9	4508911	0.125
NC_000024.9	4511373	0.125
NC_000024.9	4512880	0.125
NC_000024.9	4516867	0.125
NC_000024.9	4518528	0.125
NC_000024.9	4520189	0.125
NC_000024.9	4525943	0.125
NC_000024.9	4527459	0.125
NC_000024.9	4527646	0.125
NC_000024.9	4528888	0.125
NC_000024.9	4532720	0.125
NC_000024.9	4537758	0.125
NC_000024.9	4538245	0.125
NC_000024.9	4539402	0.125
NC_000024.9	4542105	0.125
NC_000024.9	4542537	0.125
NC_000024.9	4543085	0.125
NC_000024.9	4545281	0.125
NC_000024.9	4547197	0.125
NC_000024.9	4547244	0.125
NC_000024.9	4548128	0.125
NC_000024.9	4549104	0.125
NC_000024.9	4550870	0.125
NC_000024.9	4552188	0.125
NC_000024.9	4552548	0.125
NC_000024.9	4555402	0.125
NC_000024.9	4555552	0.125
NC_000024.9	4557052	0.125
NC_000024.9	4558296	0.125
NC_000024.9	4561308	0.125
NC_000024.9	4564239	0.125
NC_000024.9	4567514	0.125
NC_000024.9	4570315	0.125
NC_000024.9	4571204	0.125
NC_000024.9	4571329	0.125
NC_000024.9	4571381	0.125
NC_000024.9	4575971	0.125
NC_000024.9	4577165	0.125
NC_000024.9	4577331	0.125
NC_000024.9	4579790	0.125
NC_000024.9	4584935	0.125
NC_000024.9	4584983	0.125
NC_000024.9	4586778	0.125
NC_000024.9	4596405	0.125
NC_000024.9	4597765	0.125
NC_000024.9	4603467	0.125
NC_000024.9	4605088	0.125
NC_000024.9	4606825	0.125
NC_000024.9	4606833	0.125
NC_000024.9	4609039	0.125
NC_000024.9	4609588	0.125
NC_000024.9	4619641	0.125
NC_000024.9	4623431	0.125
NC_000024.9	4625217	0.125
NC_000024.9	4626652	0.125
NC_000024.9	4627999	0.125
NC_000024.9	4632572	0.125
NC_000024.9	4634508	0.125
NC_000024.9	4635986	0.125
NC_000024.9	4636106	0.125
NC_000024.9	4636108	0.125
NC_000024.9	4636995	0.125
NC_000024.9	4638078	0.125
NC_000024.9	4639081	0.125
NC_000024.9	4640303	0.125
NC_000024.9	4643090	0.125
NC_000024.9	4643177	0.125
NC_000024.9	4644395	0.125
NC_000024.9	4648343	0.125
NC_000024.9	4648577	0.125
NC_000024.9	4650033	0.125
NC_000024.9	4650522	0.25
NC_000024.9	4650524	0.125
NC_000024.9	4652726	0.125
NC_000024.9	4652727	0.125
NC_000024.9	4653051	0.125
NC_000024.9	4658149	0.125
NC_000024.9	4658295	0.125
NC_000024.9	4660472	0.125
NC_000024.9	4662522	0.125
NC_000024.9	4664851	0.125
NC_000024.9	4670332	0.125
NC_000024.9	4670668	0.125
NC_000024.9	4672814	0.125
NC_000024.9	4673658	0.125
NC_000024.9	4674441	0.125
NC_000024.9	4677390	0.125
NC_000024.9	4677999	0.125
NC_000024.9	4679409	0.125
NC_000024.9	4681409	0.125
NC_000024.9	4682077	0.125
NC_000024.9	4682285	0.125
NC_000024.9	4688835	0.125
NC_000024.9	4690079	0.125
NC_000024.9	4690701	0.125
NC_000024.9	4691398	0.125
NC_000024.9	4693332	0.125
NC_000024.9	4694393	0.125
NC_000024.9	4695321	0.125
NC_000024.9	4696058	0.125
NC_000024.9	4698738	0.125
NC_000024.9	4703540	0.125
NC_000024.9	4704926	0.125
NC_000024.9	4705181	0.125
NC_000024.9	4709121	0.125
NC_000024.9	4710044	0.125
NC_000024.9	4710400	0.125
NC_000024.9	4712451	0.125
NC_000024.9	4713739	0.125
NC_000024.9	4715572	0.125
NC_000024.9	4716878	0.125
NC_000024.9	4717060	0.125
NC_000024.9	4720052	0.125
NC_000024.9	4721614	0.125
NC_000024.9	4725621	0.125
NC_000024.9	4726880	0.3333
NC_000024.9	4727631	0.125
NC_000024.9	4729083	0.125
NC_000024.9	4730124	0.125
NC_000024.9	4734655	0.125
NC_000024.9	4735034	0.125
NC_000024.9	4735642	0.125
NC_000024.9	4737163	0.125
NC_000024.9	4737306	0.125
NC_000024.9	4737715	0.125
NC_000024.9	4738072	0.125
NC_000024.9	4738922	0.125
NC_000024.9	4738934	0.125
NC_000024.9	4738957	0.125
NC_000024.9	4741872	0.125
NC_000024.9	4745768	0.125
NC_000024.9	4748960	0.125
NC_000024.9	4749289	0.125
NC_000024.9	4749553	0.125
NC_000024.9	4750280	0.125
NC_000024.9	4753927	0.125
NC_000024.9	4756578	0.125
NC_000024.9	4756908	0.125
NC_000024.9	4758095	0.125
NC_000024.9	4759064	0.125
NC_000024.9	4763123	0.125
NC_000024.9	4763494	0.125
NC_000024.9	4763496	0.125
NC_000024.9	4763940	0.125
NC_000024.9	4766179	0.125
NC_000024.9	4767928	0.125
NC_000024.9	4768214	0.125
NC_000024.9	4768745	0.125
NC_000024.9	4768886	0.125
NC_000024.9	4773166	0.125
NC_000024.9	4774095	0.125
NC_000024.9	4782566	0.125
NC_000024.9	4783479	0.125
NC_000024.9	4787124	0.125
NC_000024.9	4794693	0.125
NC_000024.9	4795875	0.125
NC_000024.9	4796798	0.125
NC_000024.9	4800323	0.125
NC_000024.9	4802141	0.125
NC_000024.9	4803453	0.125
NC_000024.9	4807735	0.125
NC_000024.9	4809566	0.125
NC_000024.9	4813759	0.125
NC_000024.9	4814578	0.125
NC_000024.9	4815091	0.125
NC_000024.9	4816956	0.25
NC_000024.9	4816957	0.25
NC_000024.9	4818370	0.125
NC_000024.9	4820804	0.125
NC_000024.9	4821184	0.125
NC_000024.9	4822557	0.125
NC_000024.9	4822945	0.125
NC_000024.9	4824793	0.125
NC_000024.9	4827053	0.125
NC_000024.9	4829460	0.125
NC_000024.9	4830563	0.125
NC_000024.9	4830566	0.125
NC_000024.9	4830569	0.125
NC_000024.9	4830571	0.125
NC_000024.9	4830572	0.125
NC_000024.9	4830576	0.125
NC_000024.9	4830642	0.125
NC_000024.9	4831161	0.125
NC_000024.9	4833694	0.125
NC_000024.9	4834371	0.125
NC_000024.9	4834735	0.125
NC_000024.9	4834980	0.125
NC_000024.9	4837098	0.125
NC_000024.9	4840743	0.125
NC_000024.9	4841633	0.125
NC_000024.9	4843169	0.125
NC_000024.9	4843436	0.125
NC_000024.9	4845024	0.125
NC_000024.9	4845320	0.125
NC_000024.9	4845321	0.125
NC_000024.9	4846935	0.125
NC_000024.9	4846959	0.125
NC_000024.9	4848353	0.25
NC_000024.9	4848355	0.125
NC_000024.9	4849684	0.125
NC_000024.9	4853073	0.125
NC_000024.9	4853106	0.125
NC_000024.9	4853891	0.125
NC_000024.9	4854130	0.125
NC_000024.9	4856390	0.125
NC_000024.9	4858640	0.125
NC_000024.9	4859036	0.125
NC_000024.9	4861223	0.125
NC_000024.9	4864043	0.125
NC_000024.9	4865911	0.125
NC_000024.9	4866217	0.125
NC_000024.9	4866534	0.125
NC_000024.9	4867370	0.125
NC_000024.9	4867520	0.125
NC_000024.9	4869764	0.125
NC_000024.9	4871137	0.125
NC_000024.9	4872610	0.125
NC_000024.9	4873021	0.125
NC_000024.9	4878260	0.125
NC_000024.9	4878729	0.125
NC_000024.9	4879181	0.125
NC_000024.9	4881475	0.125
NC_000024.9	4883478	0.125
NC_000024.9	4884152	0.125
NC_000024.9	4888316	0.125
NC_000024.9	4892790	0.125
NC_000024.9	4896807	0.125
NC_000024.9	4898665	0.125
NC_000024.9	4899578	0.125
NC_000024.9	4900600	0.125
NC_000024.9	4901124	0.125
NC_000024.9	4902725	0.125
NC_000024.9	4903005	0.125
NC_000024.9	4903570	0.125
NC_000024.9	4903820	0.125
NC_000024.9	4905277	0.125
NC_000024.9	4906782	0.125
NC_000024.9	4907097	0.125
NC_000024.9	4907409	0.125
NC_000024.9	4909683	0.125
NC_000024.9	4913762	0.125
NC_000024.9	4914465	0.125
NC_000024.9	4915425	0.125
NC_000024.9	4917915	0.125
NC_000024.9	4920762	0.125
NC_000024.9	4921850	0.125
NC_000024.9	4922541	0.125
NC_000024.9	4922542	0.125
NC_000024.9	4924098	0.125
NC_000024.9	4925306	0.125
NC_000024.9	4927429	0.125
NC_000024.9	4931338	0.125
NC_000024.9	4931959	0.125
NC_000024.9	4932298	0.125
NC_000024.9	4932707	0.125
NC_000024.9	4934022	0.125
NC_000024.9	4934144	0.125
NC_000024.9	4935872	0.125
NC_000024.9	4936583	0.1429
NC_000024.9	4936601	0.125
NC_000024.9	4938786	0.125
NC_000024.9	4938810	0.125
NC_000024.9	4940582	0.125
NC_000024.9	4940997	0.125
NC_000024.9	4943598	0.125
NC_000024.9	4949159	0.125
NC_000024.9	4956333	0.125
NC_000024.9	4957608	0.125
NC_000024.9	4960364	0.125
NC_000024.9	4962696	0.125
NC_000024.9	4967769	0.125
NC_000024.9	4969475	0.125
NC_000024.9	4973139	0.125
NC_000024.9	4973140	0.125
NC_000024.9	4973223	0.125
NC_000024.9	4973232	0.125
NC_000024.9	4973237	0.125
NC_000024.9	4974339	0.125
NC_000024.9	4975964	0.125
NC_000024.9	4976078	0.125
NC_000024.9	4976516	0.125
NC_000024.9	4976521	0.125
NC_000024.9	4976524	0.25
NC_000024.9	4976526	0.125
NC_000024.9	4976563	0.125
NC_000024.9	4976649	0.125
NC_000024.9	4976990	0.125
NC_000024.9	4981077	0.125
NC_000024.9	4981758	0.125
NC_000024.9	4983487	0.125
NC_000024.9	4984013	0.125
NC_000024.9	4984511	0.125
NC_000024.9	4985049	0.125
NC_000024.9	4987945	0.125
NC_000024.9	4991043	0.125
NC_000024.9	4992757	0.125
NC_000024.9	4994991	0.125
NC_000024.9	4996298	0.125
NC_000024.9	4998578	0.125
NC_000024.9	5000942	0.125
NC_000024.9	5002683	0.125
NC_000024.9	5006912	0.125
NC_000024.9	5009133	0.125
NC_000024.9	5010747	0.125
NC_000024.9	5017519	0.125
NC_000024.9	5025819	0.125
NC_000024.9	5027445	0.125
NC_000024.9	5038119	0.125
NC_000024.9	5041611	0.125
NC_000024.9	5041974	0.125
NC_000024.9	5042214	0.125
NC_000024.9	5043713	0.125
NC_000024.9	5048411	0.125
NC_000024.9	5051998	0.125
NC_000024.9	5053015	0.125
NC_000024.9	5053182	0.125
NC_000024.9	5057534	0.125
NC_000024.9	5059986	0.125
NC_000024.9	5060949	0.125
NC_000024.9	5068718	0.125
NC_000024.9	5069028	0.125
NC_000024.9	5069089	0.125
NC_000024.9	5070389	0.125
NC_000024.9	5073729	0.125
NC_000024.9	5075035	0.125
NC_000024.9	5076214	0.125
NC_000024.9	5076591	0.125
NC_000024.9	5081588	0.125
NC_000024.9	5085447	0.125
NC_000024.9	5087809	0.125
NC_000024.9	5088741	0.125
NC_000024.9	5092454	0.125
NC_000024.9	5093368	0.125
NC_000024.9	5093601	0.125
NC_000024.9	5094186	0.125
NC_000024.9	5094940	0.125
NC_000024.9	5097903	0.125
NC_000024.9	5102309	0.125
NC_000024.9	5104314	0.125
NC_000024.9	5104756	0.125
NC_000024.9	5106216	0.125
NC_000024.9	5110278	0.125
NC_000024.9	5110610	0.125
NC_000024.9	5110899	0.125
NC_000024.9	5111254	0.125
NC_000024.9	5111430	0.125
NC_000024.9	5113150	0.125
NC_000024.9	5113165	0.125
NC_000024.9	5114374	0.125
NC_000024.9	5120423	0.125
NC_000024.9	5122539	0.125
NC_000024.9	5123549	0.125
NC_000024.9	5124275	0.125
NC_000024.9	5124489	0.125
NC_000024.9	5130505	0.125
NC_000024.9	5133978	0.125
NC_000024.9	5137411	0.125
NC_000024.9	5139898	0.125
NC_000024.9	5142645	0.125
NC_000024.9	5144185	0.125
NC_000024.9	5144455	0.125
NC_000024.9	5146865	0.125
NC_000024.9	5147164	0.125
NC_000024.9	5148234	0.125
NC_000024.9	5148239	0.125
NC_000024.9	5150407	0.125
NC_000024.9	5151694	0.125
NC_000024.9	5152859	0.125
NC_000024.9	5155001	0.125
NC_000024.9	5156435	0.125
NC_000024.9	5159346	0.125
NC_000024.9	5161897	0.125
NC_000024.9	5162734	0.125
NC_000024.9	5163085	0.125
NC_000024.9	5166634	0.125
NC_000024.9	5170131	0.125
NC_000024.9	5170295	0.125
NC_000024.9	5170984	0.125
NC_000024.9	5172475	0.125
NC_000024.9	5173931	0.125
NC_000024.9	5180817	0.125
NC_000024.9	5182078	0.125
NC_000024.9	5185528	0.125
NC_000024.9	5185848	0.125
NC_000024.9	5185849	0.125
NC_000024.9	5188168	0.125
NC_000024.9	5188559	0.125
NC_000024.9	5189833	0.125
NC_000024.9	5190890	0.125
NC_000024.9	5190964	0.125
NC_000024.9	5194461	0.125
NC_000024.9	5198330	0.125
NC_000024.9	5202132	0.125
NC_000024.9	5206215	0.125
NC_000024.9	5206922	0.125
NC_000024.9	5206937	0.125
NC_000024.9	5207928	0.125
NC_000024.9	5210029	0.125
NC_000024.9	5211395	0.125
NC_000024.9	5211676	0.125
NC_000024.9	5213197	0.125
NC_000024.9	5214872	0.125
NC_000024.9	5216102	0.125
NC_000024.9	5216995	0.125
NC_000024.9	5217199	0.125
NC_000024.9	5220441	0.125
NC_000024.9	5221410	0.125
NC_000024.9	5221815	0.125
NC_000024.9	5223068	0.125
NC_000024.9	5225179	0.125
NC_000024.9	5227600	0.125
NC_000024.9	5241125	0.25
NC_000024.9	5242474	0.125
NC_000024.9	5242482	0.125
NC_000024.9	5242488	0.125
NC_000024.9	5243711	0.125
NC_000024.9	5249920	0.125
NC_000024.9	5250970	0.125
NC_000024.9	5252226	0.125
NC_000024.9	5253135	0.125
NC_000024.9	5253139	0.125
NC_000024.9	5253140	0.5
NC_000024.9	5253889	0.125
NC_000024.9	5254169	0.125
NC_000024.9	5254704	0.125
NC_000024.9	5255347	0.125
NC_000024.9	5255897	0.125
NC_000024.9	5258294	0.125
NC_000024.9	5260859	0.125
NC_000024.9	5262836	0.125
NC_000024.9	5266350	0.125
NC_000024.9	5270835	0.125
NC_000024.9	5273779	0.125
NC_000024.9	5275759	0.125
NC_000024.9	5275920	0.125
NC_000024.9	5276139	0.125
NC_000024.9	5278985	0.125
NC_000024.9	5280543	0.125
NC_000024.9	5283371	0.125
NC_000024.9	5283473	0.125
NC_000024.9	5284293	0.125
NC_000024.9	5286068	0.125
NC_000024.9	5286986	0.125
NC_000024.9	5293923	0.125
NC_000024.9	5294172	0.125
NC_000024.9	5294712	0.125
NC_000024.9	5295458	0.125
NC_000024.9	5297270	0.125
NC_000024.9	5303434	0.125
NC_000024.9	5305002	0.125
NC_000024.9	5308799	0.125
NC_000024.9	5308807	0.375
NC_000024.9	5308809	0.25
NC_000024.9	5308811	0.125
NC_000024.9	5310929	0.125
NC_000024.9	5312555	0.125
NC_000024.9	5315176	0.125
NC_000024.9	5320794	0.125
NC_000024.9	5320923	0.125
NC_000024.9	5322155	0.125
NC_000024.9	5324222	0.125
NC_000024.9	5329976	0.125
NC_000024.9	5330009	0.125
NC_000024.9	5335107	0.125
NC_000024.9	5337001	0.125
NC_000024.9	5345475	0.125
NC_000024.9	5345978	0.125
NC_000024.9	5347455	0.125
NC_000024.9	5348040	0.125
NC_000024.9	5349060	0.125
NC_000024.9	5349139	0.125
NC_000024.9	5350604	0.125
NC_000024.9	5351707	0.125
NC_000024.9	5353959	0.125
NC_000024.9	5354792	0.25
NC_000024.9	5354912	0.125
NC_000024.9	5355305	0.125
NC_000024.9	5357772	0.125
NC_000024.9	5359089	0.125
NC_000024.9	5368591	0.125
NC_000024.9	5383001	0.125
NC_000024.9	5385063	0.125
NC_000024.9	5387324	0.125
NC_000024.9	5388973	0.125
NC_000024.9	5392162	0.125
NC_000024.9	5392287	0.125
NC_000024.9	5393254	0.125
NC_000024.9	5396164	0.125
NC_000024.9	5398375	0.125
NC_000024.9	5399502	0.125
NC_000024.9	5402726	0.125
NC_000024.9	5404925	0.125
NC_000024.9	5412028	0.125
NC_000024.9	5412583	0.125
NC_000024.9	5425172	0.125
NC_000024.9	5425348	0.125
NC_000024.9	5429006	0.125
NC_000024.9	5432521	0.125
NC_000024.9	5433603	0.125
NC_000024.9	5433985	0.25
NC_000024.9	5434003	0.125
NC_000024.9	5436853	0.125
NC_000024.9	5437471	0.125
NC_000024.9	5437472	0.125
NC_000024.9	5438674	0.125
NC_000024.9	5441910	0.125
NC_000024.9	5442245	0.125
NC_000024.9	5448758	0.125
NC_000024.9	5449045	0.125
NC_000024.9	5449337	0.125
NC_000024.9	5450710	0.125
NC_000024.9	5452402	0.125
NC_000024.9	5454334	0.125
NC_000024.9	5454461	0.125
NC_000024.9	5462966	0.125
NC_000024.9	5469268	0.125
NC_000024.9	5469621	0.125
NC_000024.9	5474519	0.125
NC_000024.9	5475278	0.125
NC_000024.9	5475712	0.125
NC_000024.9	5478514	0.125
NC_000024.9	5481202	0.125
NC_000024.9	5481280	0.125
NC_000024.9	5482834	0.125
NC_000024.9	5484007	0.125
NC_000024.9	5484960	0.125
NC_000024.9	5486696	0.125
NC_000024.9	5489115	0.125
NC_000024.9	5494102	0.125
NC_000024.9	5495445	0.25
NC_000024.9	5495867	0.125
NC_000024.9	5498205	0.125
NC_000024.9	5499451	0.125
NC_000024.9	5500622	0.125
NC_000024.9	5502072	0.125
NC_000024.9	5502211	0.125
NC_000024.9	5506895	0.125
NC_000024.9	5508019	0.125
NC_000024.9	5511670	0.125
NC_000024.9	5513472	0.125
NC_000024.9	5515351	0.125
NC_000024.9	5515359	0.125
NC_000024.9	5516782	0.125
NC_000024.9	5518107	0.25
NC_000024.9	5518646	0.125
NC_000024.9	5518795	0.125
NC_000024.9	5521759	0.125
NC_000024.9	5522353	0.125
NC_000024.9	5525519	0.125
NC_000024.9	5527703	0.125
NC_000024.9	5528193	0.125
NC_000024.9	5530254	0.125
NC_000024.9	5532245	0.125
NC_000024.9	5534987	0.125
NC_000024.9	5537127	0.125
NC_000024.9	5539697	0.125
NC_000024.9	5540526	0.125
NC_000024.9	5543053	0.125
NC_000024.9	5545076	0.125
NC_000024.9	5546876	0.125
NC_000024.9	5549998	0.125
NC_000024.9	5550295	0.1667
NC_000024.9	5550296	0.1667
NC_000024.9	5555440	0.125
NC_000024.9	5559662	0.125
NC_000024.9	5566846	0.125
NC_000024.9	5566848	0.125
NC_000024.9	5570625	0.125
NC_000024.9	5572309	0.125
NC_000024.9	5575975	0.125
NC_000024.9	5579536	0.125
NC_000024.9	5581566	0.125
NC_000024.9	5581644	0.125
NC_000024.9	5584272	0.125
NC_000024.9	5584745	0.125
NC_000024.9	5585260	0.125
NC_000024.9	5587576	0.125
NC_000024.9	5587653	0.125
NC_000024.9	5588301	0.125
NC_000024.9	5589783	0.125
NC_000024.9	5590343	0.125
NC_000024.9	5591038	0.125
NC_000024.9	5594751	0.125
NC_000024.9	5597281	0.125
NC_000024.9	5598271	0.125
NC_000024.9	5600185	0.125
NC_000024.9	5601486	0.125
NC_000024.9	5602106	0.125
NC_000024.9	5602502	0.125
NC_000024.9	5608434	0.125
NC_000024.9	5615418	0.125
NC_000024.9	5620571	0.125
NC_000024.9	5620858	0.125
NC_000024.9	5624688	0.125
NC_000024.9	5624841	0.125
NC_000024.9	5626351	0.125
NC_000024.9	5627064	0.125
NC_000024.9	5628585	0.125
NC_000024.9	5633319	0.125
NC_000024.9	5633515	0.125
NC_000024.9	5637189	0.125
NC_000024.9	5643812	0.125
NC_000024.9	5645637	0.125
NC_000024.9	5645638	0.125
NC_000024.9	5645855	0.125
NC_000024.9	5646180	0.125
NC_000024.9	5647742	0.125
NC_000024.9	5653841	0.125
NC_000024.9	5653967	0.125
NC_000024.9	5659335	0.125
NC_000024.9	5659749	0.125
NC_000024.9	5659948	0.125
NC_000024.9	5664016	0.125
NC_000024.9	5665026	0.125
NC_000024.9	5667121	0.125
NC_000024.9	5667267	0.125
NC_000024.9	5668472	0.125
NC_000024.9	5668818	0.125
NC_000024.9	5671559	0.125
NC_000024.9	5677457	0.125
NC_000024.9	5677911	0.125
NC_000024.9	5680069	0.125
NC_000024.9	5680687	0.125
NC_000024.9	5681679	0.125
NC_000024.9	5682411	0.125
NC_000024.9	5684444	0.125
NC_000024.9	5684765	0.125
NC_000024.9	5685869	0.125
NC_000024.9	5686771	0.125
NC_000024.9	5693239	0.125
NC_000024.9	5697765	0.125
NC_000024.9	5698097	0.125
NC_000024.9	5699728	0.125
NC_000024.9	5699785	0.125
NC_000024.9	5702631	0.125
NC_000024.9	5702635	0.125
NC_000024.9	5702639	0.125
NC_000024.9	5703449	0.125
NC_000024.9	5704398	0.125
NC_000024.9	5706212	0.125
NC_000024.9	5709748	0.125
NC_000024.9	5710498	0.125
NC_000024.9	5711298	0.125
NC_000024.9	5713321	0.125
NC_000024.9	5723904	0.125
NC_000024.9	5727171	0.125
NC_000024.9	5730728	0.125
NC_000024.9	5733404	0.125
NC_000024.9	5734425	0.125
NC_000024.9	5736411	0.125
NC_000024.9	5736645	0.125
NC_000024.9	5738911	0.125
NC_000024.9	5739762	0.125
NC_000024.9	5742506	0.125
NC_000024.9	5742647	0.125
NC_000024.9	5746040	0.125
NC_000024.9	5747532	0.125
NC_000024.9	5748159	0.125
NC_000024.9	5748814	0.125
NC_000024.9	5751708	0.125
NC_000024.9	5753266	0.125
NC_000024.9	5753310	0.125
NC_000024.9	5757135	0.125
NC_000024.9	5757543	0.125
NC_000024.9	5759530	0.125
NC_000024.9	5761981	0.125
NC_000024.9	5764432	0.125
NC_000024.9	5766978	0.125
NC_000024.9	5770841	0.125
NC_000024.9	5771248	0.125
NC_000024.9	5778503	0.125
NC_000024.9	5778521	0.125
NC_000024.9	5780075	0.125
NC_000024.9	5781166	0.125
NC_000024.9	5786846	0.125
NC_000024.9	5789377	0.125
NC_000024.9	5791443	0.125
NC_000024.9	5791556	0.125
NC_000024.9	5796906	0.125
NC_000024.9	5797118	0.125
NC_000024.9	5800881	0.125
NC_000024.9	5801681	0.125
NC_000024.9	5803776	0.125
NC_000024.9	5811680	0.125
NC_000024.9	5812867	0.125
NC_000024.9	5813492	0.125
NC_000024.9	5815449	0.125
NC_000024.9	5815523	0.125
NC_000024.9	5818306	0.125
NC_000024.9	5819298	0.125
NC_000024.9	5821943	0.125
NC_000024.9	5822820	0.125
NC_000024.9	5822973	0.125
NC_000024.9	5823906	0.125
NC_000024.9	5823907	0.125
NC_000024.9	5824166	0.125
NC_000024.9	5825383	0.125
NC_000024.9	5826571	0.125
NC_000024.9	5827913	0.125
NC_000024.9	5829754	0.125
NC_000024.9	5832453	0.125
NC_000024.9	5833880	0.125
NC_000024.9	5834544	0.125
NC_000024.9	5835740	0.125
NC_000024.9	5839322	0.125
NC_000024.9	5842338	0.125
NC_000024.9	5842376	0.125
NC_000024.9	5845366	0.125
NC_000024.9	5846307	0.125
NC_000024.9	5847393	0.125
NC_000024.9	5848570	0.125
NC_000024.9	5854424	0.125
NC_000024.9	5857158	0.1667
NC_000024.9	5857563	0.125
NC_000024.9	5861457	0.125
NC_000024.9	5862441	0.125
NC_000024.9	5867931	0.125
NC_000024.9	5868098	0.125
NC_000024.9	5869650	0.125
NC_000024.9	5872257	0.125
NC_000024.9	5872259	0.125
NC_000024.9	5872262	0.125
NC_000024.9	5874405	0.125
NC_000024.9	5884088	0.125
NC_000024.9	5884878	0.125
NC_000024.9	5886050	0.125
NC_000024.9	5890052	0.125
NC_000024.9	5893746	0.125
NC_000024.9	5893961	0.125
NC_000024.9	5896367	0.125
NC_000024.9	5900194	0.125
NC_000024.9	5900862	0.125
NC_000024.9	5900896	0.125
NC_000024.9	5901970	0.125
NC_000024.9	5903205	0.125
NC_000024.9	5903338	0.125
NC_000024.9	5904700	0.125
NC_000024.9	5904727	0.125
NC_000024.9	5917994	0.125
NC_000024.9	5920722	0.125
NC_000024.9	5928852	0.125
NC_000024.9	5929448	0.125
NC_000024.9	5930865	0.125
NC_000024.9	5933402	0.125
NC_000024.9	5934064	0.125
NC_000024.9	5934737	0.125
NC_000024.9	5936237	0.125
NC_000024.9	5936811	0.125
NC_000024.9	5937244	0.25
NC_000024.9	5937246	0.375
NC_000024.9	5937248	0.25
NC_000024.9	5937250	0.25
NC_000024.9	5937252	0.25
NC_000024.9	5937254	0.25
NC_000024.9	5937256	0.25
NC_000024.9	5937258	0.125
NC_000024.9	5937661	0.1429
NC_000024.9	5940631	0.125
NC_000024.9	5941706	0.125
NC_000024.9	5942645	0.125
NC_000024.9	5946609	0.125
NC_000024.9	5946781	0.125
NC_000024.9	5946800	0.125
NC_000024.9	5950630	0.125
NC_000024.9	5950813	0.125
NC_000024.9	5959398	0.125
NC_000024.9	5961338	0.125
NC_000024.9	5961799	0.125
NC_000024.9	5961801	0.125
NC_000024.9	5962150	0.125
NC_000024.9	5963980	0.125
NC_000024.9	5965198	0.125
NC_000024.9	5966867	0.125
NC_000024.9	5967468	0.125
NC_000024.9	5968813	0.125
NC_000024.9	5968869	0.125
NC_000024.9	5970147	0.125
NC_000024.9	5970240	0.125
NC_000024.9	5970347	0.125
NC_000024.9	5971515	0.125
NC_000024.9	5974107	0.125
NC_000024.9	5974150	0.125
NC_000024.9	5975544	0.125
NC_000024.9	5976615	0.125
NC_000024.9	5976703	0.375
NC_000024.9	5977001	0.125
NC_000024.9	5977070	0.125
NC_000024.9	5977692	0.125
NC_000024.9	5979618	0.125
NC_000024.9	5988097	0.125
NC_000024.9	5988994	0.125
NC_000024.9	5990856	0.125
NC_000024.9	5991751	0.125
NC_000024.9	5991906	0.125
NC_000024.9	5992273	0.125
NC_000024.9	5993516	0.125
NC_000024.9	5995260	0.125
NC_000024.9	5997551	0.125
NC_000024.9	5998578	0.125
NC_000024.9	6000464	0.125
NC_000024.9	6001551	0.125
NC_000024.9	6001766	0.125
NC_000024.9	6002109	0.125
NC_000024.9	6003185	0.125
NC_000024.9	6005932	0.125
NC_000024.9	6006129	0.125
NC_000024.9	6007539	0.125
NC_000024.9	6007658	0.125
NC_000024.9	6009689	0.125
NC_000024.9	6011896	0.125
NC_000024.9	6012243	0.125
NC_000024.9	6013042	0.125
NC_000024.9	6014309	0.125
NC_000024.9	6016765	0.125
NC_000024.9	6016768	0.125
NC_000024.9	6018043	0.125
NC_000024.9	6019479	0.125
NC_000024.9	6020688	0.125
NC_000024.9	6020696	0.125
NC_000024.9	6020699	0.125
NC_000024.9	6020893	0.125
NC_000024.9	6022224	0.125
NC_000024.9	6022531	0.125
NC_000024.9	6023624	0.125
NC_000024.9	6024936	0.125
NC_000024.9	6029900	0.125
NC_000024.9	6031468	0.125
NC_000024.9	6032696	0.125
NC_000024.9	6033817	0.125
NC_000024.9	6035236	0.125
NC_000024.9	6037264	0.125
NC_000024.9	6037319	0.125
NC_000024.9	6037524	0.125
NC_000024.9	6037881	0.125
NC_000024.9	6038763	0.125
NC_000024.9	6039185	0.125
NC_000024.9	6048612	0.125
NC_000024.9	6052233	0.125
NC_000024.9	6053168	0.125
NC_000024.9	6053309	0.125
NC_000024.9	6054509	0.125
NC_000024.9	6059067	0.125
NC_000024.9	6060214	0.125
NC_000024.9	6063337	0.125
NC_000024.9	6064167	0.125
NC_000024.9	6401355	0.125
NC_000024.9	6402634	0.125
NC_000024.9	6403160	0.125
NC_000024.9	6404422	0.125
NC_000024.9	6404720	0.125
NC_000024.9	6407870	0.125
NC_000024.9	6408252	0.125
NC_000024.9	6411264	0.125
NC_000024.9	6416232	0.125
NC_000024.9	6416616	0.125
NC_000024.9	6419046	0.125
NC_000024.9	6419930	0.125
NC_000024.9	6422264	0.125
NC_000024.9	6424718	0.125
NC_000024.9	6427565	0.125
NC_000024.9	6428321	0.125
NC_000024.9	6429358	0.125
NC_000024.9	6430393	0.125
NC_000024.9	6431096	0.125
NC_000024.9	6432945	0.125
NC_000024.9	6433087	0.125
NC_000024.9	6435731	0.125
NC_000024.9	6438060	0.125
NC_000024.9	6444417	0.125
NC_000024.9	6449438	0.125
NC_000024.9	6450060	0.125
NC_000024.9	6450570	0.125
NC_000024.9	6450571	0.125
NC_000024.9	6450572	0.125
NC_000024.9	6450579	0.125
NC_000024.9	6451975	0.125
NC_000024.9	6452169	0.125
NC_000024.9	6452272	0.125
NC_000024.9	6454696	0.125
NC_000024.9	6459195	0.125
NC_000024.9	6464636	0.125
NC_000024.9	6466229	0.125
NC_000024.9	6469768	0.125
NC_000024.9	6470613	0.125
NC_000024.9	6470662	0.125
NC_000024.9	6473131	0.125
NC_000024.9	6474039	0.125
NC_000024.9	6474326	0.125
NC_000024.9	6477161	0.125
NC_000024.9	6479096	0.125
NC_000024.9	6479203	0.125
NC_000024.9	6479902	0.125
NC_000024.9	6480241	0.125
NC_000024.9	6480844	0.125
NC_000024.9	6482815	0.125
NC_000024.9	6486089	0.125
NC_000024.9	6487321	0.125
NC_000024.9	6488843	0.125
NC_000024.9	6493686	0.125
NC_000024.9	6493826	0.125
NC_000024.9	6493969	0.125
NC_000024.9	6494408	0.125
NC_000024.9	6494710	0.125
NC_000024.9	6494883	0.125
NC_000024.9	6495066	0.125
NC_000024.9	6496373	0.125
NC_000024.9	6496761	0.125
NC_000024.9	6498089	0.125
NC_000024.9	6498975	0.125
NC_000024.9	6499841	0.125
NC_000024.9	6501110	0.125
NC_000024.9	6505069	0.125
NC_000024.9	6505528	0.125
NC_000024.9	6505756	0.125
NC_000024.9	6508545	0.125
NC_000024.9	6508557	0.125
NC_000024.9	6511880	0.125
NC_000024.9	6512669	0.125
NC_000024.9	6515664	0.125
NC_000024.9	6517620	0.125
NC_000024.9	6517742	0.125
NC_000024.9	6521169	0.125
NC_000024.9	6523206	0.125
NC_000024.9	6523383	0.125
NC_000024.9	6523529	0.125
NC_000024.9	6532916	0.125
NC_000024.9	6533144	0.125
NC_000024.9	6536794	0.125
NC_000024.9	6540641	0.125
NC_000024.9	6552312	0.125
NC_000024.9	6572068	0.125
NC_000024.9	6572852	0.125
NC_000024.9	6573278	0.375
NC_000024.9	6574579	0.125
NC_000024.9	6574967	0.125
NC_000024.9	6576868	0.125
NC_000024.9	6576934	0.125
NC_000024.9	6581343	0.125
NC_000024.9	6585751	0.125
NC_000024.9	6585984	0.125
NC_000024.9	6587161	0.125
NC_000024.9	6590500	0.125
NC_000024.9	6590772	0.125
NC_000024.9	6591125	0.125
NC_000024.9	6591266	0.125
NC_000024.9	6593141	0.125
NC_000024.9	6595244	0.125
NC_000024.9	6595246	0.25
NC_000024.9	6600535	0.125
NC_000024.9	6601362	0.125
NC_000024.9	6603067	0.125
NC_000024.9	6603191	0.125
NC_000024.9	6603520	0.125
NC_000024.9	6606681	0.125
NC_000024.9	6608428	0.125
NC_000024.9	6608739	0.125
NC_000024.9	6611741	0.125
NC_000024.9	6612219	0.125
NC_000024.9	6614532	0.125
NC_000024.9	6615892	0.125
NC_000024.9	6619341	0.0833
NC_000024.9	6620678	0.0833
NC_000024.9	6622195	0.0833
NC_000024.9	6624856	0.0833
NC_000024.9	6630453	0.0833
NC_000024.9	6630658	0.0833
NC_000024.9	6630732	0.0833
NC_000024.9	6630864	0.0833
NC_000024.9	6631019	0.0833
NC_000024.9	6631743	0.1667
NC_000024.9	6631811	0.0833
NC_000024.9	6632124	0.0833
NC_000024.9	6634305	0.0833
NC_000024.9	6636899	0.0833
NC_000024.9	6637631	0.0833
NC_000024.9	6638167	0.0833
NC_000024.9	6638186	0.0833
NC_000024.9	6638441	0.1667
NC_000024.9	6638554	0.0833
NC_000024.9	6638573	0.1667
NC_000024.9	6639156	0.0833
NC_000024.9	6639933	0.0833
NC_000024.9	6640009	0.0833
NC_000024.9	6643694	0.0833
NC_000024.9	6646423	0.0833
NC_000024.9	6646548	0.0833
NC_000024.9	6646878	0.0833
NC_000024.9	6648543	0.0833
NC_000024.9	6649614	0.0833
NC_000024.9	6650931	0.0833
NC_000024.9	6656306	0.0833
NC_000024.9	6659876	0.0833
NC_000024.9	6660143	0.0833
NC_000024.9	6661728	0.0833
NC_000024.9	6665315	0.0833
NC_000024.9	6670464	0.1667
NC_000024.9	6679302	0.0909
NC_000024.9	6680083	0.0909
NC_000024.9	6680613	0.0909
NC_000024.9	6681274	0.0909
NC_000024.9	6685291	0.0909
NC_000024.9	6691986	0.0909
NC_000024.9	6692469	0.0909
NC_000024.9	6694737	0.0909
NC_000024.9	6696383	0.0833
NC_000024.9	6700299	0.0833
NC_000024.9	6701149	0.1667
NC_000024.9	6701256	0.0833
NC_000024.9	6703558	0.0833
NC_000024.9	6706634	0.0833
NC_000024.9	6717827	0.0833
NC_000024.9	6718890	0.0833
NC_000024.9	6719048	0.1667
NC_000024.9	6719517	0.0833
NC_000024.9	6719913	0.0833
NC_000024.9	6721796	0.0833
NC_000024.9	6725011	0.0833
NC_000024.9	6725048	0.0833
NC_000024.9	6727193	0.1667
NC_000024.9	6729129	0.0833
NC_000024.9	6729132	0.0833
NC_000024.9	6732211	0.0833
NC_000024.9	6734449	0.0833
NC_000024.9	6739826	0.0833
NC_000024.9	6739857	0.0833
NC_000024.9	6740034	0.1667
NC_000024.9	6744540	0.0833
NC_000024.9	6744622	0.0833
NC_000024.9	6750775	0.0833
NC_000024.9	6751253	0.0833
NC_000024.9	6751777	0.0833
NC_000024.9	6752279	0.0833
NC_000024.9	6753258	0.1667
NC_000024.9	6753265	0.0833
NC_000024.9	6753287	0.1667
NC_000024.9	6753291	0.1667
NC_000024.9	6753295	0.0833
NC_000024.9	6753303	0.25
NC_000024.9	6753330	0.0833
NC_000024.9	6753333	0.0833
NC_000024.9	6753361	0.0833
NC_000024.9	6753459	0.0833
NC_000024.9	6753519	0.1667
NC_000024.9	6755102	0.0833
NC_000024.9	6758621	0.0833
NC_000024.9	6761897	0.0833
NC_000024.9	6762547	0.0833
NC_000024.9	6763739	0.0833
NC_000024.9	6765791	0.0833
NC_000024.9	6770011	0.0833
NC_000024.9	6771857	0.0833
NC_000024.9	6773525	0.1667
NC_000024.9	6773527	0.0833
NC_000024.9	6773538	0.0833
NC_000024.9	6773749	0.0833
NC_000024.9	6776491	0.0833
NC_000024.9	6777810	0.0833
NC_000024.9	6779907	0.0833
NC_000024.9	6781026	0.0833
NC_000024.9	6782854	0.0833
NC_000024.9	6784815	0.0833
NC_000024.9	6785815	0.0833
NC_000024.9	6786177	0.0833
NC_000024.9	6787113	0.0833
NC_000024.9	6788191	0.0833
NC_000024.9	6788449	0.0833
NC_000024.9	6789507	0.0833
NC_000024.9	6790378	0.0833
NC_000024.9	6790944	0.1667
NC_000024.9	6795307	0.0833
NC_000024.9	6802231	0.0833
NC_000024.9	6804479	0.0833
NC_000024.9	6807151	0.0833
NC_000024.9	6807237	0.0833
NC_000024.9	6817340	0.0833
NC_000024.9	6818151	0.1667
NC_000024.9	6819340	0.0833
NC_000024.9	6819372	0.0833
NC_000024.9	6821121	0.0909
NC_000024.9	6824218	0.0909
NC_000024.9	6826711	0.0909
NC_000024.9	6826955	0.1818
NC_000024.9	6827542	0.0909
NC_000024.9	6828184	0.1818
NC_000024.9	6829850	0.0909
NC_000024.9	6829852	0.0909
NC_000024.9	6831340	0.0909
NC_000024.9	6833042	0.0909
NC_000024.9	6835056	0.0909
NC_000024.9	6839389	0.0909
NC_000024.9	6843151	0.0909
NC_000024.9	6844619	0.0909
NC_000024.9	6846482	0.0909
NC_000024.9	6847378	0.0909
NC_000024.9	6848153	0.0909
NC_000024.9	6851169	0.1818
NC_000024.9	6855745	0.0909
NC_000024.9	6858702	0.0909
NC_000024.9	6858878	0.0909
NC_000024.9	6859691	0.0909
NC_000024.9	6861075	0.0909
NC_000024.9	6861240	0.0909
NC_000024.9	6863229	0.0909
NC_000024.9	6864267	0.0909
NC_000024.9	6865490	0.0909
NC_000024.9	6867783	0.0909
NC_000024.9	6868418	0.0909
NC_000024.9	6871662	0.0833
NC_000024.9	6872911	0.0833
NC_000024.9	6875047	0.0833
NC_000024.9	6877891	0.0833
NC_000024.9	6879365	0.0833
NC_000024.9	6879456	0.1667
NC_000024.9	6887162	0.0833
NC_000024.9	6888770	0.0833
NC_000024.9	6889239	0.0833
NC_000024.9	6890869	0.0833
NC_000024.9	6892596	0.0833
NC_000024.9	6893847	0.0833
NC_000024.9	6894291	0.0833
NC_000024.9	6894625	0.0833
NC_000024.9	6894819	0.0833
NC_000024.9	6896813	0.0833
NC_000024.9	6899091	0.0833
NC_000024.9	6899793	0.0833
NC_000024.9	6905202	0.1667
NC_000024.9	6908261	0.0833
NC_000024.9	6912974	0.0833
NC_000024.9	6913361	0.0833
NC_000024.9	6916095	0.0833
NC_000024.9	6917076	0.0833
NC_000024.9	6920091	0.0833
NC_000024.9	6921890	0.0833
NC_000024.9	6925396	0.0833
NC_000024.9	6926590	0.1667
NC_000024.9	6927480	0.0833
NC_000024.9	6930884	0.0833
NC_000024.9	6931590	0.0833
NC_000024.9	6931810	0.0833
NC_000024.9	6931856	0.0833
NC_000024.9	6932546	0.0833
NC_000024.9	6932824	0.1667
NC_000024.9	6932831	0.0833
NC_000024.9	6933008	0.0833
NC_000024.9	6936412	0.0833
NC_000024.9	6936470	0.0833
NC_000024.9	6941218	0.1667
NC_000024.9	6941309	0.0833
NC_000024.9	6945703	0.1667
NC_000024.9	6946767	0.0833
NC_000024.9	6951587	0.0833
NC_000024.9	6951766	0.0833
NC_000024.9	6952186	0.0833
NC_000024.9	6953208	0.0833
NC_000024.9	6953603	0.0833
NC_000024.9	6958165	0.0833
NC_000024.9	6964531	0.0833
NC_000024.9	6964662	0.0833
NC_000024.9	6964720	0.0833
NC_000024.9	6965215	0.0833
NC_000024.9	6965613	0.1667
NC_000024.9	6967238	0.0833
NC_000024.9	6967342	0.0833
NC_000024.9	6970804	0.0833
NC_000024.9	6971901	0.25
NC_000024.9	6972141	0.0833
NC_000024.9	6972246	0.0833
NC_000024.9	6973803	0.0833
NC_000024.9	6975295	0.0833
NC_000024.9	6984228	0.0833
NC_000024.9	6985835	0.0833
NC_000024.9	6987221	0.0833
NC_000024.9	6989833	0.1667
NC_000024.9	6991000	0.0833
NC_000024.9	6991025	0.0833
NC_000024.9	6993202	0.0833
NC_000024.9	6995523	0.0833
NC_000024.9	6996115	0.0833
NC_000024.9	6997013	0.0833
NC_000024.9	6998444	0.0833
NC_000024.9	6998958	0.0833
NC_000024.9	7001450	0.0833
NC_000024.9	7005953	0.0909
NC_000024.9	7006956	0.0909
NC_000024.9	7007262	0.0909
NC_000024.9	7008958	0.0909
NC_000024.9	7012508	0.0909
NC_000024.9	7018358	0.0909
NC_000024.9	7021041	0.0909
NC_000024.9	7023321	0.0909
NC_000024.9	7024888	0.0909
NC_000024.9	7026331	0.0909
NC_000024.9	7027732	0.0909
NC_000024.9	7027914	0.0909
NC_000024.9	7030312	0.0909
NC_000024.9	7030347	0.0909
NC_000024.9	7030962	0.0909
NC_000024.9	7032145	0.0909
NC_000024.9	7032507	0.1818
NC_000024.9	7034675	0.0909
NC_000024.9	7037258	0.0909
NC_000024.9	7037901	0.0909
NC_000024.9	7038220	0.1818
NC_000024.9	7039368	0.0909
NC_000024.9	7040096	0.0909
NC_000024.9	7041647	0.0909
NC_000024.9	7043074	0.0909
NC_000024.9	7043204	0.0909
NC_000024.9	7044920	0.0909
NC_000024.9	7048589	0.0909
NC_000024.9	7052802	0.0909
NC_000024.9	7052844	0.0909
NC_000024.9	7060899	0.1818
NC_000024.9	7061459	0.0909
NC_000024.9	7061505	0.0909
NC_000024.9	7061891	0.0909
NC_000024.9	7062463	0.1818
NC_000024.9	7064886	0.0909
NC_000024.9	7066863	0.0909
NC_000024.9	7067915	0.0909
NC_000024.9	7069410	0.0909
NC_000024.9	7070091	0.0909
NC_000024.9	7070179	0.0909
NC_000024.9	7071937	0.0909
NC_000024.9	7072400	0.0909
NC_000024.9	7074171	0.0909
NC_000024.9	7074320	0.0909
NC_000024.9	7074374	0.0909
NC_000024.9	7076441	0.0909
NC_000024.9	7077312	0.0909
NC_000024.9	7078570	0.0909
NC_000024.9	7082472	0.0909
NC_000024.9	7082688	0.0909
NC_000024.9	7083047	0.1818
NC_000024.9	7084252	0.1818
NC_000024.9	7087983	0.0909
NC_000024.9	7090393	0.0909
NC_000024.9	7091827	0.0909
NC_000024.9	7098108	0.0909
NC_000024.9	7098985	0.0909
NC_000024.9	7099943	0.0909
NC_000024.9	7100079	0.0909
NC_000024.9	7100110	0.1818
NC_000024.9	7100538	0.0909
NC_000024.9	7102704	0.0909
NC_000024.9	7103214	0.0909
NC_000024.9	7104553	0.0909
NC_000024.9	7106219	0.0909
NC_000024.9	7106653	0.0909
NC_000024.9	7107011	0.0909
NC_000024.9	7107021	0.2727
NC_000024.9	7107023	0.1818
NC_000024.9	7107025	0.1818
NC_000024.9	7107027	0.0909
NC_000024.9	7108366	0.0909
NC_000024.9	7117143	0.0909
NC_000024.9	7118212	0.0909
NC_000024.9	7118946	0.0909
NC_000024.9	7121108	0.0909
NC_000024.9	7121470	0.0909
NC_000024.9	7126782	0.1818
NC_000024.9	7131384	0.0909
NC_000024.9	7131922	0.0909
NC_000024.9	7132527	0.0909
NC_000024.9	7132672	0.0909
NC_000024.9	7134557	0.0909
NC_000024.9	7134703	0.0909
NC_000024.9	7134705	0.0909
NC_000024.9	7135936	0.0909
NC_000024.9	7136283	0.0909
NC_000024.9	7137214	0.2
NC_000024.9	7137304	0.0909
NC_000024.9	7138496	0.0909
NC_000024.9	7138912	0.0909
NC_000024.9	7139073	0.0909
NC_000024.9	7139556	0.0909
NC_000024.9	7139708	0.0909
NC_000024.9	7140018	0.0909
NC_000024.9	7141488	0.0909
NC_000024.9	7141640	0.0909
NC_000024.9	7142104	0.0909
NC_000024.9	7143139	0.0909
NC_000024.9	7143301	0.0909
NC_000024.9	7151149	0.0909
NC_000024.9	7153375	0.0909
NC_000024.9	7155312	0.0909
NC_000024.9	7157745	0.0909
NC_000024.9	7159950	0.0909
NC_000024.9	7160238	0.0909
NC_000024.9	7160837	0.0909
NC_000024.9	7161247	0.0909
NC_000024.9	7164842	0.0909
NC_000024.9	7165958	0.0909
NC_000024.9	7166528	0.0909
NC_000024.9	7166638	0.1
NC_000024.9	7167274	0.0909
NC_000024.9	7167595	0.0909
NC_000024.9	7169899	0.0909
NC_000024.9	7171532	0.1818
NC_000024.9	7173143	0.1818
NC_000024.9	7173643	0.0909
NC_000024.9	7174173	0.0909
NC_000024.9	7178606	0.0909
NC_000024.9	7180076	0.0909
NC_000024.9	7180365	0.0909
NC_000024.9	7180943	0.0909
NC_000024.9	7181613	0.0909
NC_000024.9	7182677	0.0909
NC_000024.9	7182755	0.0909
NC_000024.9	7184140	0.0909
NC_000024.9	7184141	0.0909
NC_000024.9	7185013	0.0909
NC_000024.9	7185755	0.0909
NC_000024.9	7188420	0.0909
NC_000024.9	7193373	0.0909
NC_000024.9	7195321	0.0909
NC_000024.9	7195323	0.0909
NC_000024.9	7195325	0.0909
NC_000024.9	7198551	0.0909
NC_000024.9	7202703	0.0909
NC_000024.9	7205148	0.0909
NC_000024.9	7206019	0.0909
NC_000024.9	7210130	0.0909
NC_000024.9	7210283	0.0909
NC_000024.9	7210300	0.0909
NC_000024.9	7210301	0.0909
NC_000024.9	7210485	0.0909
NC_000024.9	7210729	0.1818
NC_000024.9	7210741	0.0909
NC_000024.9	7211421	0.1818
NC_000024.9	7211422	0.1818
NC_000024.9	7211429	0.0909
NC_000024.9	7213663	0.0909
NC_000024.9	7213944	0.1818
NC_000024.9	7216350	0.0909
NC_000024.9	7217702	0.0909
NC_000024.9	7218079	0.0909
NC_000024.9	7218128	0.0909
NC_000024.9	7219453	0.0909
NC_000024.9	7221998	0.0909
NC_000024.9	7225817	0.2
NC_000024.9	7227802	0.0909
NC_000024.9	7228451	0.0909
NC_000024.9	7232694	0.1818
NC_000024.9	7233061	0.0909
NC_000024.9	7233138	0.0909
NC_000024.9	7237231	0.0909
NC_000024.9	7246397	0.0909
NC_000024.9	7247061	0.0909
NC_000024.9	7249321	0.0909
NC_000024.9	7250547	0.0909
NC_000024.9	7252998	0.1
NC_000024.9	7253600	0.0909
NC_000024.9	7256433	0.0909
NC_000024.9	7257651	0.0909
NC_000024.9	7258837	0.0909
NC_000024.9	7259684	0.0909
NC_000024.9	7263558	0.0909
NC_000024.9	7263671	0.0909
NC_000024.9	7264950	0.0909
NC_000024.9	7264987	0.0909
NC_000024.9	7267833	0.0909
NC_000024.9	7269376	0.0909
NC_000024.9	7269427	0.0909
NC_000024.9	7272557	0.0909
NC_000024.9	7275087	0.1818
NC_000024.9	7278952	0.1818
NC_000024.9	7280670	0.0909
NC_000024.9	7281746	0.0909
NC_000024.9	7282885	0.0909
NC_000024.9	7283049	0.0909
NC_000024.9	7283442	0.0909
NC_000024.9	7287058	0.0909
NC_000024.9	7288726	0.0909
NC_000024.9	7290454	0.0909
NC_000024.9	7291181	0.1818
NC_000024.9	7291534	0.0909
NC_000024.9	7291649	0.0909
NC_000024.9	7291854	0.0909
NC_000024.9	7294913	0.1818
NC_000024.9	7294973	0.0909
NC_000024.9	7297487	0.0909
NC_000024.9	7297516	0.0909
NC_000024.9	7298026	0.0909
NC_000024.9	7298921	0.0909
NC_000024.9	7299271	0.0909
NC_000024.9	7299397	0.0909
NC_000024.9	7301897	0.0909
NC_000024.9	7302697	0.1818
NC_000024.9	7303369	0.0909
NC_000024.9	7303378	0.0909
NC_000024.9	7307494	0.1818
NC_000024.9	7307565	0.0909
NC_000024.9	7307843	0.0909
NC_000024.9	7310355	0.0909
NC_000024.9	7310563	0.0909
NC_000024.9	7314233	0.0909
NC_000024.9	7316462	0.0909
NC_000024.9	7319200	0.0909
NC_000024.9	7319580	0.0909
NC_000024.9	7320474	0.0909
NC_000024.9	7320623	0.0909
NC_000024.9	7321012	0.1818
NC_000024.9	7321796	0.0909
NC_000024.9	7322005	0.0909
NC_000024.9	7324963	0.0909
NC_000024.9	7326255	0.1818
NC_000024.9	7329631	0.0909
NC_000024.9	7329967	0.0909
NC_000024.9	7332132	0.0909
NC_000024.9	7336797	0.0909
NC_000024.9	7337772	0.0909
NC_000024.9	7339727	0.0909
NC_000024.9	7339986	0.0909
NC_000024.9	7340243	0.0909
NC_000024.9	7345384	0.0909
NC_000024.9	7349272	0.0909
NC_000024.9	7351553	0.0909
NC_000024.9	7354759	0.0909
NC_000024.9	7355178	0.0909
NC_000024.9	7357318	0.0909
NC_000024.9	7358159	0.1818
NC_000024.9	7358315	0.0909
NC_000024.9	7359286	0.0909
NC_000024.9	7359745	0.2727
NC_000024.9	7359788	0.0909
NC_000024.9	7359790	0.1
NC_000024.9	7359791	0.3636
NC_000024.9	7359793	0.0909
NC_000024.9	7365263	0.0909
NC_000024.9	7368271	0.0909
NC_000024.9	7369383	0.0909
NC_000024.9	7373114	0.0909
NC_000024.9	7373263	0.0909
NC_000024.9	7373310	0.0909
NC_000024.9	7373571	0.0909
NC_000024.9	7374464	0.0909
NC_000024.9	7374700	0.0909
NC_000024.9	7374927	0.0909
NC_000024.9	7375260	0.1818
NC_000024.9	7375494	0.0909
NC_000024.9	7376816	0.0909
NC_000024.9	7377029	0.0909
NC_000024.9	7378259	0.0909
NC_000024.9	7378483	0.0909
NC_000024.9	7378973	0.1818
NC_000024.9	7381215	0.0909
NC_000024.9	7382250	0.0909
NC_000024.9	7382517	0.0909
NC_000024.9	7385695	0.1818
NC_000024.9	7386806	0.0909
NC_000024.9	7389079	0.0909
NC_000024.9	7390393	0.0909
NC_000024.9	7391179	0.0909
NC_000024.9	7391185	0.1818
NC_000024.9	7393558	0.1818
NC_000024.9	7395175	0.0909
NC_000024.9	7395297	0.0909
NC_000024.9	7395806	0.0909
NC_000024.9	7398028	0.0909
NC_000024.9	7398165	0.0909
NC_000024.9	7400052	0.0909
NC_000024.9	7401694	0.1818
NC_000024.9	7401836	0.0909
NC_000024.9	7405033	0.0909
NC_000024.9	7406583	0.0909
NC_000024.9	7414235	0.0909
NC_000024.9	7415220	0.0909
NC_000024.9	7416169	0.0909
NC_000024.9	7416809	0.0909
NC_000024.9	7416872	0.0909
NC_000024.9	7417798	0.1818
NC_000024.9	7420321	0.0909
NC_000024.9	7421469	0.0909
NC_000024.9	7422645	0.0909
NC_000024.9	7423722	0.1818
NC_000024.9	7424494	0.0909
NC_000024.9	7427431	0.0909
NC_000024.9	7428280	0.0909
NC_000024.9	7428322	0.2727
NC_000024.9	7428331	0.1818
NC_000024.9	7429200	0.0909
NC_000024.9	7435967	0.0909
NC_000024.9	7436544	0.0909
NC_000024.9	7438693	0.0909
NC_000024.9	7440119	0.0909
NC_000024.9	7440931	0.1818
NC_000024.9	7441752	0.0909
NC_000024.9	7442357	0.0909
NC_000024.9	7442376	0.0909
NC_000024.9	7511619	0.1818
NC_000024.9	7517055	0.0909
NC_000024.9	7520187	0.1
NC_000024.9	7527001	0.0909
NC_000024.9	7527451	0.1818
NC_000024.9	7529692	0.0909
NC_000024.9	7531097	0.0909
NC_000024.9	7531596	0.0909
NC_000024.9	7533511	0.0909
NC_000024.9	7533955	0.0909
NC_000024.9	7534383	0.0909
NC_000024.9	7534418	0.1818
NC_000024.9	7534641	0.1818
NC_000024.9	7534829	0.0909
NC_000024.9	7537122	0.0909
NC_000024.9	7537952	0.0909
NC_000024.9	7538644	0.0909
NC_000024.9	7540450	0.0909
NC_000024.9	7541242	0.0909
NC_000024.9	7542635	0.0909
NC_000024.9	7549518	0.0909
NC_000024.9	7550795	0.0909
NC_000024.9	7552092	0.0909
NC_000024.9	7561541	0.0909
NC_000024.9	7563503	0.1818
NC_000024.9	7565996	0.1818
NC_000024.9	7575385	0.0909
NC_000024.9	7575406	0.0909
NC_000024.9	7575852	0.0909
NC_000024.9	7582257	0.1
NC_000024.9	7583822	0.1
NC_000024.9	7584247	0.1
NC_000024.9	7586919	0.1
NC_000024.9	7587367	0.1
NC_000024.9	7589303	0.1
NC_000024.9	7592457	0.1
NC_000024.9	7596085	0.1
NC_000024.9	7596228	0.1
NC_000024.9	7596315	0.1
NC_000024.9	7597185	0.1
NC_000024.9	7600181	0.1
NC_000024.9	7602644	0.1
NC_000024.9	7605031	0.1
NC_000024.9	7606633	0.1
NC_000024.9	7608467	0.1
NC_000024.9	7609208	0.1
NC_000024.9	7609424	0.1
NC_000024.9	7609616	0.1
NC_000024.9	7611576	0.1
NC_000024.9	7613835	0.1111
NC_000024.9	7613836	0.1111
NC_000024.9	7613837	0.1111
NC_000024.9	7614441	0.1
NC_000024.9	7615802	0.1
NC_000024.9	7618972	0.1
NC_000024.9	7619805	0.1
NC_000024.9	7619850	0.1
NC_000024.9	7621123	0.1
NC_000024.9	7621889	0.1
NC_000024.9	7622050	0.1
NC_000024.9	7623610	0.1
NC_000024.9	7626595	0.1
NC_000024.9	7629098	0.1
NC_000024.9	7629512	0.1
NC_000024.9	7629583	0.1
NC_000024.9	7631033	0.1
NC_000024.9	7638779	0.1
NC_000024.9	7640463	0.1
NC_000024.9	7643536	0.1
NC_000024.9	7644475	0.1
NC_000024.9	7644670	0.1
NC_000024.9	7645121	0.1
NC_000024.9	7645208	0.1
NC_000024.9	7645425	0.1
NC_000024.9	7645501	0.1
NC_000024.9	7646619	0.1
NC_000024.9	7647087	0.2
NC_000024.9	7647282	0.1
NC_000024.9	7647511	0.1
NC_000024.9	7647537	0.1
NC_000024.9	7651556	0.1
NC_000024.9	7654353	0.1
NC_000024.9	7656351	0.1
NC_000024.9	7658712	0.1
NC_000024.9	7661695	0.1
NC_000024.9	7671100	0.1
NC_000024.9	7671399	0.1
NC_000024.9	7671530	0.1
NC_000024.9	7673109	0.0909
NC_000024.9	7675406	0.0909
NC_000024.9	7678694	0.0909
NC_000024.9	7678893	0.0909
NC_000024.9	7679228	0.0909
NC_000024.9	7681660	0.0909
NC_000024.9	7681806	0.0909
NC_000024.9	7682143	0.0909
NC_000024.9	7685524	0.0909
NC_000024.9	7687530	0.0909
NC_000024.9	7689707	0.0909
NC_000024.9	7689864	0.1818
NC_000024.9	7690182	0.0909
NC_000024.9	7702907	0.0909
NC_000024.9	7702973	0.1818
NC_000024.9	7703277	0.0909
NC_000024.9	7703541	0.1818
NC_000024.9	7705371	0.0909
NC_000024.9	7707135	0.0909
NC_000024.9	7707388	0.1818
NC_000024.9	7707484	0.1818
NC_000024.9	7708167	0.0909
NC_000024.9	7711024	0.0909
NC_000024.9	7711451	0.1818
NC_000024.9	7715558	0.0909
NC_000024.9	7717689	0.0909
NC_000024.9	7717693	0.0909
NC_000024.9	7717737	0.3636
NC_000024.9	7717791	0.0909
NC_000024.9	7720272	0.0909
NC_000024.9	7721092	0.0909
NC_000024.9	7721674	0.1818
NC_000024.9	7722315	0.0909
NC_000024.9	7722575	0.0909
NC_000024.9	7723912	0.1818
NC_000024.9	7723958	0.0909
NC_000024.9	7726849	0.0909
NC_000024.9	7729324	0.0909
NC_000024.9	7729622	0.1818
NC_000024.9	7730471	0.2
NC_000024.9	7730515	0.0909
NC_000024.9	7730824	0.0909
NC_000024.9	7731706	0.0909
NC_000024.9	7731874	0.1818
NC_000024.9	7733702	0.1818
NC_000024.9	7734014	0.0909
NC_000024.9	7735760	0.1818
NC_000024.9	7736046	0.0909
NC_000024.9	7736744	0.1818
NC_000024.9	7737542	0.0909
NC_000024.9	7738840	0.0909
NC_000024.9	7738859	0.0909
NC_000024.9	7739391	0.0909
NC_000024.9	7739512	0.0909
NC_000024.9	7740081	0.0909
NC_000024.9	7742883	0.0909
NC_000024.9	7743146	0.0909
NC_000024.9	7744443	0.1818
NC_000024.9	7746248	0.0909
NC_000024.9	7747777	0.0909
NC_000024.9	7748412	0.0909
NC_000024.9	7748901	0.0909
NC_000024.9	7749826	0.0909
NC_000024.9	7750737	0.0909
NC_000024.9	7750789	0.1818
NC_000024.9	7750993	0.0909
NC_000024.9	7751169	0.1818
NC_000024.9	7751812	0.0909
NC_000024.9	7755141	0.0909
NC_000024.9	7756694	0.0909
NC_000024.9	7757037	0.0909
NC_000024.9	7757193	0.0909
NC_000024.9	7757813	0.0909
NC_000024.9	7757814	0.0909
NC_000024.9	7758377	0.0909
NC_000024.9	7759895	0.0909
NC_000024.9	7762688	0.0909
NC_000024.9	7763132	0.0909
NC_000024.9	7767722	0.0909
NC_000024.9	7767728	0.0909
NC_000024.9	7767736	0.0909
NC_000024.9	7769905	0.0909
NC_000024.9	7770898	0.0909
NC_000024.9	7773172	0.1818
NC_000024.9	7774509	0.0909
NC_000024.9	7778150	0.0909
NC_000024.9	7778691	0.0909
NC_000024.9	7779916	0.1818
NC_000024.9	7782393	0.0909
NC_000024.9	7783095	0.0909
NC_000024.9	7787313	0.0909
NC_000024.9	7792789	0.0909
NC_000024.9	7793659	0.1818
NC_000024.9	7796051	0.0909
NC_000024.9	7796158	0.0909
NC_000024.9	7796647	0.0909
NC_000024.9	7798267	0.1818
NC_000024.9	7798376	0.0909
NC_000024.9	7798903	0.0909
NC_000024.9	7800069	0.0909
NC_000024.9	7802928	0.0909
NC_000024.9	7805998	0.1818
NC_000024.9	7806898	0.0909
NC_000024.9	7808580	0.0909
NC_000024.9	7810070	0.0909
NC_000024.9	7811508	0.1818
NC_000024.9	7811587	0.1818
NC_000024.9	7813450	0.1818
NC_000024.9	7814434	0.0909
NC_000024.9	7815370	0.0909
NC_000024.9	7817035	0.0909
NC_000024.9	7817497	0.0909
NC_000024.9	7820111	0.0909
NC_000024.9	7820757	0.0909
NC_000024.9	7824803	0.0909
NC_000024.9	7825540	0.0909
NC_000024.9	7828663	0.0909
NC_000024.9	7829255	0.0909
NC_000024.9	7829783	0.1818
NC_000024.9	7830918	0.0909
NC_000024.9	7832222	0.0909
NC_000024.9	7832710	0.0909
NC_000024.9	7834717	0.0909
NC_000024.9	7835228	0.0909
NC_000024.9	7838397	0.0909
NC_000024.9	7839683	0.1818
NC_000024.9	7839819	0.0909
NC_000024.9	7843612	0.0909
NC_000024.9	7848990	0.0909
NC_000024.9	7849429	0.0909
NC_000024.9	7850425	0.0909
NC_000024.9	7855600	0.0909
NC_000024.9	7860580	0.1818
NC_000024.9	7869808	0.0909
NC_000024.9	7874343	0.0909
NC_000024.9	7874781	0.1818
NC_000024.9	7874965	0.1818
NC_000024.9	7876662	0.0909
NC_000024.9	7876712	0.0909
NC_000024.9	7876956	0.0909
NC_000024.9	7877260	0.0909
NC_000024.9	7878387	0.0909
NC_000024.9	7882199	0.0909
NC_000024.9	7883990	0.0909
NC_000024.9	7885579	0.0909
NC_000024.9	7885749	0.0909
NC_000024.9	7887815	0.0909
NC_000024.9	7890336	0.0909
NC_000024.9	7890655	0.0909
NC_000024.9	7891525	0.0909
NC_000024.9	7892311	0.0909
NC_000024.9	7895521	0.0909
NC_000024.9	7896166	0.1818
NC_000024.9	7897413	0.0909
NC_000024.9	7903061	0.1
NC_000024.9	7904101	0.1
NC_000024.9	7905743	0.1
NC_000024.9	7905833	0.1
NC_000024.9	7906010	0.1
NC_000024.9	7907933	0.1
NC_000024.9	7911330	0.1
NC_000024.9	7912753	0.1
NC_000024.9	7913358	0.1
NC_000024.9	7915491	0.1
NC_000024.9	7921525	0.1
NC_000024.9	7922960	0.1
NC_000024.9	7923597	0.1
NC_000024.9	7924604	0.1
NC_000024.9	7925013	0.1
NC_000024.9	7925237	0.1
NC_000024.9	7925947	0.1
NC_000024.9	7926004	0.1
NC_000024.9	7927256	0.1
NC_000024.9	7928068	0.1
NC_000024.9	7929815	0.1
NC_000024.9	7929977	0.1
NC_000024.9	7931571	0.1
NC_000024.9	7934779	0.1
NC_000024.9	7936322	0.1
NC_000024.9	7936814	0.1
NC_000024.9	7938187	0.0909
NC_000024.9	7939408	0.0909
NC_000024.9	7944053	0.0909
NC_000024.9	7944491	0.0909
NC_000024.9	7947749	0.0909
NC_000024.9	7953617	0.1111
NC_000024.9	7953628	0.1111
NC_000024.9	7956885	0.1111
NC_000024.9	7961270	0.1111
NC_000024.9	7964043	0.1111
NC_000024.9	7966370	0.1111
NC_000024.9	7969019	0.1111
NC_000024.9	7970023	0.2222
NC_000024.9	7970540	0.1111
NC_000024.9	7970612	0.2222
NC_000024.9	7976675	0.1111
NC_000024.9	7977437	0.1111
NC_000024.9	7980873	0.1111
NC_000024.9	7981758	0.1111
NC_000024.9	7984930	0.1111
NC_000024.9	7991989	0.1111
NC_000024.9	7996584	0.2222
NC_000024.9	7999069	0.125
NC_000024.9	8001354	0.125
NC_000024.9	8005933	0.125
NC_000024.9	8009052	0.125
NC_000024.9	8009106	0.125
NC_000024.9	8009215	0.125
NC_000024.9	8011289	0.125
NC_000024.9	8016226	0.125
NC_000024.9	8018350	0.125
NC_000024.9	8019518	0.125
NC_000024.9	8020762	0.125
NC_000024.9	8021340	0.125
NC_000024.9	8021764	0.125
NC_000024.9	8024975	0.125
NC_000024.9	8025031	0.125
NC_000024.9	8028896	0.125
NC_000024.9	8032643	0.125
NC_000024.9	8036814	0.125
NC_000024.9	8038576	0.125
NC_000024.9	8039306	0.125
NC_000024.9	8041217	0.125
NC_000024.9	8042040	0.125
NC_000024.9	8045761	0.125
NC_000024.9	8045971	0.125
NC_000024.9	8047705	0.125
NC_000024.9	8051123	0.125
NC_000024.9	8057073	0.125
NC_000024.9	8057173	0.125
NC_000024.9	8057835	0.125
NC_000024.9	8058673	0.125
NC_000024.9	8059222	0.125
NC_000024.9	8059460	0.125
NC_000024.9	8059894	0.125
NC_000024.9	8063011	0.1111
NC_000024.9	8064565	0.2222
NC_000024.9	8066525	0.2222
NC_000024.9	8067042	0.1111
NC_000024.9	8067533	0.1111
NC_000024.9	8069129	0.125
NC_000024.9	8069374	0.125
NC_000024.9	8069585	0.125
NC_000024.9	8069999	0.125
NC_000024.9	8071002	0.125
NC_000024.9	8072664	0.1111
NC_000024.9	8076182	0.1111
NC_000024.9	8076691	0.1111
NC_000024.9	8078065	0.1111
NC_000024.9	8080397	0.1111
NC_000024.9	8082372	0.1111
NC_000024.9	8083470	0.1111
NC_000024.9	8087059	0.1111
NC_000024.9	8092425	0.1111
NC_000024.9	8093317	0.1111
NC_000024.9	8094583	0.2222
NC_000024.9	8094631	0.3333
NC_000024.9	8102102	0.1111
NC_000024.9	8103826	0.1111
NC_000024.9	8111225	0.1111
NC_000024.9	8117005	0.1111
NC_000024.9	8122443	0.1111
NC_000024.9	8124008	0.1111
NC_000024.9	8124473	0.1111
NC_000024.9	8125014	0.1111
NC_000024.9	8125050	0.1111
NC_000024.9	8125055	0.1111
NC_000024.9	8127435	0.1111
NC_000024.9	8130509	0.1111
NC_000024.9	8130718	0.1111
NC_000024.9	8131538	0.2222
NC_000024.9	8132296	0.1111
NC_000024.9	8132612	0.1111
NC_000024.9	8133322	0.1111
NC_000024.9	8137502	0.1111
NC_000024.9	8138589	0.1111
NC_000024.9	8139185	0.1111
NC_000024.9	8139352	0.2222
NC_000024.9	8140934	0.2222
NC_000024.9	8143135	0.1111
NC_000024.9	8143636	0.1111
NC_000024.9	8145551	0.1111
NC_000024.9	8145871	0.1111
NC_000024.9	8146136	0.1111
NC_000024.9	8146404	0.1111
NC_000024.9	8148538	0.1111
NC_000024.9	8149438	0.2222
NC_000024.9	8153744	0.1111
NC_000024.9	8155475	0.1111
NC_000024.9	8155660	0.1111
NC_000024.9	8160845	0.1111
NC_000024.9	8161415	0.1111
NC_000024.9	8165769	0.1111
NC_000024.9	8166585	0.1111
NC_000024.9	8167757	0.1111
NC_000024.9	8169857	0.1111
NC_000024.9	8172928	0.2222
NC_000024.9	8174008	0.1111
NC_000024.9	8174078	0.1111
NC_000024.9	8175807	0.1111
NC_000024.9	8175876	0.1111
NC_000024.9	8176612	0.1111
NC_000024.9	8178705	0.1111
NC_000024.9	8180027	0.2222
NC_000024.9	8181258	0.1111
NC_000024.9	8183439	0.1111
NC_000024.9	8188581	0.1111
NC_000024.9	8193251	0.1111
NC_000024.9	8198160	0.2222
NC_000024.9	8199048	0.2222
NC_000024.9	8202918	0.1111
NC_000024.9	8202992	0.2222
NC_000024.9	8203082	0.1111
NC_000024.9	8205345	0.1111
NC_000024.9	8205472	0.1111
NC_000024.9	8205877	0.2222
NC_000024.9	8206253	0.1111
NC_000024.9	8215508	0.1818
NC_000024.9	8218168	0.0909
NC_000024.9	8223515	0.0909
NC_000024.9	8223621	0.1818
NC_000024.9	8226191	0.2727
NC_000024.9	8226643	0.1818
NC_000024.9	8227605	0.1818
NC_000024.9	8227896	0.0909
NC_000024.9	8231300	0.0909
NC_000024.9	8231490	0.0909
NC_000024.9	8231698	0.1818
NC_000024.9	8235751	0.0909
NC_000024.9	8236990	0.1818
NC_000024.9	8239490	0.1818
NC_000024.9	8240169	0.0909
NC_000024.9	8240479	0.0909
NC_000024.9	8243491	0.0909
NC_000024.9	8243507	0.1818
NC_000024.9	8243509	0.1818
NC_000024.9	8243531	0.0909
NC_000024.9	8244701	0.0909
NC_000024.9	8250225	0.1111
NC_000024.9	8254171	0.0909
NC_000024.9	8255745	0.1818
NC_000024.9	8257381	0.0909
NC_000024.9	8258596	0.0909
NC_000024.9	8260898	0.0909
NC_000024.9	8261633	0.1818
NC_000024.9	8262951	0.0909
NC_000024.9	8263206	0.1818
NC_000024.9	8271592	0.0909
NC_000024.9	8275945	0.0909
NC_000024.9	8283721	0.0909
NC_000024.9	8283822	0.1818
NC_000024.9	8284369	0.1818
NC_000024.9	8286759	0.0909
NC_000024.9	8287689	0.0909
NC_000024.9	8290483	0.0909
NC_000024.9	8291274	0.0909
NC_000024.9	8293207	0.0909
NC_000024.9	8295929	0.0909
NC_000024.9	8296296	0.0909
NC_000024.9	8296549	0.0909
NC_000024.9	8299532	0.1
NC_000024.9	8299698	0.1
NC_000024.9	8300108	0.1
NC_000024.9	8301358	0.1
NC_000024.9	8301375	0.2
NC_000024.9	8302484	0.1
NC_000024.9	8302565	0.1
NC_000024.9	8303270	0.1
NC_000024.9	8305155	0.2
NC_000024.9	8308335	0.1
NC_000024.9	8308572	0.1
NC_000024.9	8312279	0.2
NC_000024.9	8316738	0.1
NC_000024.9	8316824	0.1
NC_000024.9	8319253	0.1
NC_000024.9	8322219	0.1
NC_000024.9	8323509	0.2
NC_000024.9	8323848	0.1
NC_000024.9	8323923	0.1
NC_000024.9	8325554	0.1
NC_000024.9	8326230	0.1
NC_000024.9	8328742	0.1
NC_000024.9	8329078	0.1
NC_000024.9	8329449	0.1
NC_000024.9	8330559	0.1
NC_000024.9	8330784	0.1
NC_000024.9	8331974	0.1
NC_000024.9	8332833	0.1
NC_000024.9	8333593	0.1
NC_000024.9	8333626	0.2
NC_000024.9	8333632	0.2
NC_000024.9	8333641	0.1
NC_000024.9	8333782	0.1
NC_000024.9	8337827	0.1
NC_000024.9	8344899	0.1111
NC_000024.9	8345814	0.1111
NC_000024.9	8349592	0.1111
NC_000024.9	8349696	0.1111
NC_000024.9	8354256	0.1111
NC_000024.9	8361281	0.2222
NC_000024.9	8368237	0.1111
NC_000024.9	8370730	0.1111
NC_000024.9	8370964	0.2222
NC_000024.9	8374599	0.1111
NC_000024.9	8375407	0.1111
NC_000024.9	8376246	0.1111
NC_000024.9	8376843	0.1
NC_000024.9	8377707	0.1
NC_000024.9	8378220	0.1
NC_000024.9	8383185	0.1
NC_000024.9	8388616	0.2
NC_000024.9	8389216	0.1
NC_000024.9	8389347	0.2
NC_000024.9	8390325	0.1
NC_000024.9	8390850	0.1
NC_000024.9	8395839	0.0833
NC_000024.9	8396333	0.0833
NC_000024.9	8396636	0.0833
NC_000024.9	8399006	0.0833
NC_000024.9	8404608	0.0833
NC_000024.9	8406207	0.0833
NC_000024.9	8411624	0.0833
NC_000024.9	8413025	0.1667
NC_000024.9	8418246	0.25
NC_000024.9	8418805	0.0833
NC_000024.9	8418911	0.0833
NC_000024.9	8419792	0.0833
NC_000024.9	8424089	0.1667
NC_000024.9	8424590	0.0833
NC_000024.9	8425995	0.0833
NC_000024.9	8429346	0.1667
NC_000024.9	8429359	0.0833
NC_000024.9	8429796	0.1667
NC_000024.9	8430538	0.25
NC_000024.9	8430640	0.0833
NC_000024.9	8432204	0.0833
NC_000024.9	8432536	0.0833
NC_000024.9	8433328	0.0833
NC_000024.9	8436335	0.0833
NC_000024.9	8439156	0.0833
NC_000024.9	8439943	0.0833
NC_000024.9	8440417	0.0833
NC_000024.9	8441318	0.0833
NC_000024.9	8442334	0.0833
NC_000024.9	8442341	0.0833
NC_000024.9	8442742	0.0833
NC_000024.9	8443299	0.1667
NC_000024.9	8445698	0.0833
NC_000024.9	8446082	0.1667
NC_000024.9	8448911	0.2
NC_000024.9	8449511	0.1
NC_000024.9	8449649	0.1
NC_000024.9	8450387	0.1
NC_000024.9	8451056	0.1
NC_000024.9	8452381	0.1
NC_000024.9	8454895	0.2
NC_000024.9	8455269	0.1
NC_000024.9	8458405	0.1818
NC_000024.9	8458887	0.0909
NC_000024.9	8460899	0.0909
NC_000024.9	8461428	0.0909
NC_000024.9	8464498	0.2
NC_000024.9	8466011	0.1
NC_000024.9	8466322	0.1111
NC_000024.9	8466995	0.1111
NC_000024.9	8467389	0.1111
NC_000024.9	8469322	0.0909
NC_000024.9	8470264	0.0909
NC_000024.9	8470512	0.0909
NC_000024.9	8471951	0.0909
NC_000024.9	8472768	0.0909
NC_000024.9	8472811	0.1818
NC_000024.9	8473145	0.1818
NC_000024.9	8473271	0.2727
NC_000024.9	8473459	0.0909
NC_000024.9	8474189	0.0909
NC_000024.9	8474450	0.1818
NC_000024.9	8476510	0.0909
NC_000024.9	8480600	0.1818
NC_000024.9	8480908	0.1818
NC_000024.9	8481071	0.1111
NC_000024.9	8481148	0.2222
NC_000024.9	8481164	0.1111
NC_000024.9	8481196	0.1111
NC_000024.9	8481197	0.2222
NC_000024.9	8481276	0.1111
NC_000024.9	8481526	0.1111
NC_000024.9	8481949	0.1111
NC_000024.9	8482036	0.1111
NC_000024.9	8482431	0.1111
NC_000024.9	8482631	0.1111
NC_000024.9	8483802	0.1
NC_000024.9	8484067	0.1
NC_000024.9	8484355	0.1
NC_000024.9	8484367	0.1
NC_000024.9	8485542	0.2727
NC_000024.9	8486797	0.0909
NC_000024.9	8491372	0.0909
NC_000024.9	8496195	0.1818
NC_000024.9	8497565	0.1818
NC_000024.9	8499967	0.3
NC_000024.9	8502887	0.2
NC_000024.9	8503368	0.1
NC_000024.9	8505455	0.1
NC_000024.9	8508737	0.1
NC_000024.9	8511682	0.1
NC_000024.9	8514346	0.1
NC_000024.9	8520679	0.1
NC_000024.9	8524877	0.1
NC_000024.9	8524895	0.1
NC_000024.9	8525377	0.1
NC_000024.9	8526565	0.2
NC_000024.9	8527900	0.1
NC_000024.9	8529603	0.1
NC_000024.9	8530337	0.1
NC_000024.9	8530472	0.2
NC_000024.9	8531214	0.1
NC_000024.9	8532844	0.2222
NC_000024.9	8534979	0.1111
NC_000024.9	8537273	0.2222
NC_000024.9	8540845	0.1111
NC_000024.9	8541593	0.1111
NC_000024.9	8541831	0.1111
NC_000024.9	8543804	0.2222
NC_000024.9	8544736	0.1111
NC_000024.9	8547043	0.1111
NC_000024.9	8548573	0.1111
NC_000024.9	8550240	0.1111
NC_000024.9	8551125	0.1111
NC_000024.9	8551720	0.1111
NC_000024.9	8553421	0.1111
NC_000024.9	8556552	0.1111
NC_000024.9	8557714	0.1111
NC_000024.9	8559657	0.1111
NC_000024.9	8560645	0.1111
NC_000024.9	8566567	0.1111
NC_000024.9	8567754	0.1111
NC_000024.9	8568249	0.1111
NC_000024.9	8568438	0.1111
NC_000024.9	8568735	0.1111
NC_000024.9	8570337	0.1111
NC_000024.9	8571092	0.1111
NC_000024.9	8572150	0.1111
NC_000024.9	8572222	0.2222
NC_000024.9	8572744	0.1111
NC_000024.9	8576787	0.1111
NC_000024.9	8580039	0.1
NC_000024.9	8585204	0.1
NC_000024.9	8585484	0.1
NC_000024.9	8585701	0.1
NC_000024.9	8586113	0.1
NC_000024.9	8588620	0.1
NC_000024.9	8589031	0.2
NC_000024.9	8593123	0.1
NC_000024.9	8594070	0.2
NC_000024.9	8594853	0.1
NC_000024.9	8596285	0.2
NC_000024.9	8596399	0.2
NC_000024.9	8602159	0.1111
NC_000024.9	8602415	0.1111
NC_000024.9	8602985	0.1111
NC_000024.9	8609435	0.1111
NC_000024.9	8610819	0.1111
NC_000024.9	8611201	0.1111
NC_000024.9	8612164	0.1111
NC_000024.9	8612630	0.1111
NC_000024.9	8612887	0.1111
NC_000024.9	8613037	0.1111
NC_000024.9	8613281	0.1111
NC_000024.9	8614459	0.1111
NC_000024.9	8615161	0.2222
NC_000024.9	8615701	0.1111
NC_000024.9	8620877	0.1111
NC_000024.9	8620881	0.1111
NC_000024.9	8621041	0.1111
NC_000024.9	8623586	0.1111
NC_000024.9	8628588	0.2
NC_000024.9	8630565	0.2222
NC_000024.9	8631792	0.0909
NC_000024.9	8631875	0.0909
NC_000024.9	8633213	0.0909
NC_000024.9	8633259	0.2727
NC_000024.9	8634190	0.0909
NC_000024.9	8634422	0.0909
NC_000024.9	8634827	0.0909
NC_000024.9	8635293	0.0909
NC_000024.9	8635526	0.0909
NC_000024.9	8636049	0.1818
NC_000024.9	8636328	0.1818
NC_000024.9	8640245	0.0909
NC_000024.9	8640428	0.0909
NC_000024.9	8641452	0.1818
NC_000024.9	8644136	0.1111
NC_000024.9	8644218	0.2222
NC_000024.9	8644349	0.2222
NC_000024.9	8646365	0.1111
NC_000024.9	8648168	0.1111
NC_000024.9	8650034	0.1111
NC_000024.9	8650105	0.1111
NC_000024.9	8650637	0.1111
NC_000024.9	8658561	0.2222
NC_000024.9	8659037	0.2222
NC_000024.9	8659100	0.1111
NC_000024.9	8659435	0.1111
NC_000024.9	8660432	0.2222
NC_000024.9	8662142	0.2222
NC_000024.9	8663204	0.1111
NC_000024.9	8664609	0.1111
NC_000024.9	8668533	0.1111
NC_000024.9	8672752	0.1111
NC_000024.9	8673212	0.1111
NC_000024.9	8673225	0.1111
NC_000024.9	8673829	0.1111
NC_000024.9	8673830	0.2222
NC_000024.9	8673832	0.1111
NC_000024.9	8674275	0.1111
NC_000024.9	8674808	0.2222
NC_000024.9	8675790	0.1
NC_000024.9	8677316	0.1
NC_000024.9	8677731	0.1
NC_000024.9	8679050	0.1
NC_000024.9	8679243	0.1
NC_000024.9	8679928	0.1
NC_000024.9	8680661	0.1
NC_000024.9	8685038	0.1
NC_000024.9	8687024	0.1
NC_000024.9	8690479	0.1
NC_000024.9	8691275	0.2
NC_000024.9	8692771	0.1
NC_000024.9	8698084	0.2
NC_000024.9	8700450	0.1
NC_000024.9	8701430	0.1
NC_000024.9	8702002	0.2
NC_000024.9	8703052	0.1
NC_000024.9	8704571	0.1
NC_000024.9	8708627	0.1
NC_000024.9	8709230	0.1
NC_000024.9	8710395	0.1
NC_000024.9	8711273	0.1
NC_000024.9	8723063	0.1
NC_000024.9	8724242	0.1
NC_000024.9	8724264	0.2
NC_000024.9	8724286	0.1
NC_000024.9	8724308	0.2
NC_000024.9	8724330	0.1
NC_000024.9	8724352	0.3
NC_000024.9	8724384	0.2222
NC_000024.9	8726111	0.1111
NC_000024.9	8729512	0.1111
NC_000024.9	8730475	0.1111
NC_000024.9	8730664	0.1111
NC_000024.9	8732169	0.1111
NC_000024.9	8740675	0.1429
NC_000024.9	8740676	0.2857
NC_000024.9	8742156	0.1111
NC_000024.9	8743415	0.2222
NC_000024.9	8744948	0.1111
NC_000024.9	8746792	0.1111
NC_000024.9	8751078	0.1
NC_000024.9	8754736	0.1
NC_000024.9	8756454	0.1
NC_000024.9	8759325	0.1
NC_000024.9	8760290	0.1
NC_000024.9	8762504	0.1
NC_000024.9	8763701	0.1
NC_000024.9	8767047	0.1
NC_000024.9	8767107	0.1
NC_000024.9	8771750	0.1
NC_000024.9	8780262	0.1
NC_000024.9	8786390	0.1
NC_000024.9	8787165	0.1
NC_000024.9	8793919	0.2
NC_000024.9	8794329	0.1
NC_000024.9	8794451	0.2
NC_000024.9	8795235	0.2
NC_000024.9	8798601	0.2
NC_000024.9	8799115	0.1
NC_000024.9	8799243	0.1
NC_000024.9	8799843	0.1
NC_000024.9	8801562	0.1
NC_000024.9	8803855	0.1
NC_000024.9	8804264	0.1
NC_000024.9	8804414	0.1
NC_000024.9	8810775	0.1
NC_000024.9	8812403	0.1
NC_000024.9	8813956	0.1
NC_000024.9	8814874	0.1
NC_000024.9	8816007	0.1
NC_000024.9	8822474	0.1
NC_000024.9	8829180	0.2
NC_000024.9	8830114	0.2
NC_000024.9	8833511	0.1
NC_000024.9	8833551	0.2
NC_000024.9	8835152	0.1
NC_000024.9	8840859	0.2222
NC_000024.9	8841963	0.2222
NC_000024.9	8842509	0.1111
NC_000024.9	8844315	0.1111
NC_000024.9	8846953	0.1111
NC_000024.9	8849835	0.125
NC_000024.9	8852026	0.125
NC_000024.9	8852390	0.125
NC_000024.9	8855352	0.125
NC_000024.9	8856026	0.125
NC_000024.9	8856328	0.125
NC_000024.9	8856352	0.125
NC_000024.9	8858487	0.1
NC_000024.9	8858609	0.1
NC_000024.9	8861327	0.1111
NC_000024.9	8863063	0.1111
NC_000024.9	8866278	0.2222
NC_000024.9	8867489	0.1111
NC_000024.9	8869241	0.2
NC_000024.9	8873256	0.1818
NC_000024.9	8873869	0.1818
NC_000024.9	8875862	0.2727
NC_000024.9	8877481	0.2727
NC_000024.9	8878505	0.0909
NC_000024.9	8879475	0.1111
NC_000024.9	8880108	0.1111
NC_000024.9	8881498	0.2
NC_000024.9	8881531	0.1
NC_000024.9	8884449	0.1
NC_000024.9	8893496	0.0909
NC_000024.9	8895758	0.1818
NC_000024.9	8898791	0.2222
NC_000024.9	8901070	0.1111
NC_000024.9	8901072	0.1111
NC_000024.9	8901074	0.25
NC_000024.9	8902876	0.1
NC_000024.9	8907443	0.1
NC_000024.9	8908270	0.1
NC_000024.9	9061419	0.1111
NC_000024.9	9064682	0.1111
NC_000024.9	9064840	0.1111
NC_000024.9	9065603	0.1111
NC_000024.9	9066684	0.1111
NC_000024.9	9067306	0.1111
NC_000024.9	9071025	0.1111
NC_000024.9	9071760	0.1111
NC_000024.9	9071863	0.1111
NC_000024.9	9073477	0.1111
NC_000024.9	9075706	0.1111
NC_000024.9	9076205	0.1111
NC_000024.9	9076415	0.1111
NC_000024.9	9077533	0.1111
NC_000024.9	9078666	0.1111
NC_000024.9	9078835	0.1111
NC_000024.9	9082913	0.1111
NC_000024.9	9083036	0.1111
NC_000024.9	9083940	0.1111
NC_000024.9	9088025	0.1111
NC_000024.9	9089246	0.1111
NC_000024.9	9089252	0.1111
NC_000024.9	9091607	0.1111
NC_000024.9	9091871	0.1111
NC_000024.9	9094343	0.0909
NC_000024.9	9094833	0.1818
NC_000024.9	9095332	0.0909
NC_000024.9	9097947	0.0909
NC_000024.9	9103613	0.0909
NC_000024.9	9104372	0.0909
NC_000024.9	9106630	0.0909
NC_000024.9	9107281	0.0909
NC_000024.9	9108252	0.0909
NC_000024.9	9111137	0.0909
NC_000024.9	9114819	0.1667
NC_000024.9	9116975	0.0833
NC_000024.9	9117107	0.0833
NC_000024.9	9118085	0.0833
NC_000024.9	9120376	0.1667
NC_000024.9	9121849	0.0833
NC_000024.9	9122901	0.0833
NC_000024.9	9124984	0.0833
NC_000024.9	9128108	0.1667
NC_000024.9	9130655	0.0833
NC_000024.9	9131437	0.1667
NC_000024.9	9131565	0.0833
NC_000024.9	9132632	0.0833
NC_000024.9	9134569	0.0833
NC_000024.9	9135840	0.1667
NC_000024.9	9138571	0.0833
NC_000024.9	9140017	0.0833
NC_000024.9	9142309	0.0833
NC_000024.9	9143910	0.0833
NC_000024.9	9145568	0.0833
NC_000024.9	9145793	0.0833
NC_000024.9	9146920	0.1667
NC_000024.9	9146921	0.1667
NC_000024.9	9147218	0.25
NC_000024.9	9147889	0.1667
NC_000024.9	9148828	0.0909
NC_000024.9	9150283	0.1818
NC_000024.9	9153544	0.0909
NC_000024.9	9156793	0.0909
NC_000024.9	9158586	0.0909
NC_000024.9	9158969	0.0909
NC_000024.9	9159637	0.0909
NC_000024.9	9160895	0.0909
NC_000024.9	9161070	0.1818
NC_000024.9	9163105	0.0909
NC_000024.9	9170647	0.1
NC_000024.9	9171567	0.1111
NC_000024.9	9171672	0.1111
NC_000024.9	9172004	0.1111
NC_000024.9	9172148	0.1111
NC_000024.9	9172332	0.1111
NC_000024.9	9172608	0.1111
NC_000024.9	9172643	0.1111
NC_000024.9	9172681	0.1111
NC_000024.9	9173294	0.1111
NC_000024.9	9175568	0.1111
NC_000024.9	9175636	0.1111
NC_000024.9	9176688	0.1111
NC_000024.9	9176707	0.2222
NC_000024.9	9178083	0.1111
NC_000024.9	9178221	0.1111
NC_000024.9	9179402	0.1111
NC_000024.9	9179419	0.1111
NC_000024.9	9179421	0.1111
NC_000024.9	9179539	0.1111
NC_000024.9	9179774	0.1111
NC_000024.9	9180344	0.2222
NC_000024.9	9180367	0.1111
NC_000024.9	9180640	0.2222
NC_000024.9	9181016	0.2222
NC_000024.9	9182659	0.1111
NC_000024.9	9182782	0.1111
NC_000024.9	9182903	0.1111
NC_000024.9	9183926	0.1111
NC_000024.9	9185239	0.2222
NC_000024.9	9185900	0.1111
NC_000024.9	9186471	0.1111
NC_000024.9	9186533	0.1111
NC_000024.9	9188064	0.1111
NC_000024.9	9188333	0.1111
NC_000024.9	9190240	0.125
NC_000024.9	9191945	0.125
NC_000024.9	9192852	0.125
NC_000024.9	9193253	0.1429
NC_000024.9	9193351	0.125
NC_000024.9	9193383	0.125
NC_000024.9	9193708	0.375
NC_000024.9	9195479	0.125
NC_000024.9	9199738	0.5
NC_000024.9	9312140	0.3333
NC_000024.9	9320302	0.25
NC_000024.9	9321347	0.25
NC_000024.9	9321349	0.25
NC_000024.9	9336469	0.25
NC_000024.9	9336710	0.25
NC_000024.9	9338386	0.25
NC_000024.9	9345679	0.5
NC_000024.9	9370107	0.3333
NC_000024.9	9370162	0.3333
NC_000024.9	9370195	0.3333
NC_000024.9	9370200	0.3333
NC_000024.9	9370201	0.3333
NC_000024.9	9370223	0.3333
NC_000024.9	9370453	0.3333
NC_000024.9	9370529	0.3333
NC_000024.9	9370729	0.3333
NC_000024.9	9371495	0.1
NC_000024.9	9371894	0.1
NC_000024.9	9373964	0.1
NC_000024.9	9374955	0.1
NC_000024.9	9375222	0.1
NC_000024.9	9376415	0.1
NC_000024.9	9378256	0.2
NC_000024.9	9378285	0.1
NC_000024.9	9379698	0.1
NC_000024.9	9380925	0.1
NC_000024.9	9381562	0.1
NC_000024.9	9382718	0.1
NC_000024.9	9383547	0.2
NC_000024.9	9383657	0.2
NC_000024.9	9383960	0.2
NC_000024.9	9384122	0.2
NC_000024.9	9384147	0.3
NC_000024.9	9384155	0.3
NC_000024.9	9384156	0.3
NC_000024.9	9384158	0.2
NC_000024.9	9384201	0.1
NC_000024.9	9384207	0.1
NC_000024.9	9384255	0.2
NC_000024.9	9384825	0.2
NC_000024.9	9384958	0.1
NC_000024.9	9386253	0.1
NC_000024.9	9387488	0.1
NC_000024.9	9389773	0.1
NC_000024.9	9391049	0.1
NC_000024.9	9393279	0.1
NC_000024.9	9394763	0.1
NC_000024.9	9395542	0.1
NC_000024.9	9395924	0.1
NC_000024.9	9396502	0.1
NC_000024.9	9398094	0.1
NC_000024.9	9399483	0.1
NC_000024.9	9400743	0.1
NC_000024.9	9401942	0.1
NC_000024.9	9402508	0.3
NC_000024.9	9403182	0.1
NC_000024.9	9408476	0.1
NC_000024.9	9409264	0.1
NC_000024.9	9409278	0.1
NC_000024.9	9410200	0.1
NC_000024.9	9410753	0.1
NC_000024.9	9414382	0.1
NC_000024.9	9416760	0.1
NC_000024.9	9418846	0.1
NC_000024.9	9427628	0.1
NC_000024.9	9430089	0.1
NC_000024.9	9430499	0.1
NC_000024.9	9431357	0.1
NC_000024.9	9433805	0.1
NC_000024.9	9441567	0.1
NC_000024.9	9441918	0.1
NC_000024.9	9442854	0.1
NC_000024.9	9443407	0.1
NC_000024.9	9444919	0.1
NC_000024.9	9446106	0.1
NC_000024.9	9448625	0.1
NC_000024.9	9453561	0.125
NC_000024.9	9457610	0.125
NC_000024.9	9774411	0.1667
NC_000024.9	9774441	0.0833
NC_000024.9	9774442	0.0833
NC_000024.9	9774926	0.0833
NC_000024.9	9776374	0.1667
NC_000024.9	9777523	0.0833
NC_000024.9	9779692	0.0833
NC_000024.9	9779936	0.0833
NC_000024.9	9781279	0.1667
NC_000024.9	9782236	0.0833
NC_000024.9	9782853	0.0833
NC_000024.9	9783405	0.0833
NC_000024.9	9785183	0.0833
NC_000024.9	9785893	0.0833
NC_000024.9	9787710	0.0833
NC_000024.9	9788315	0.0833
NC_000024.9	9792539	0.1667
NC_000024.9	9795609	0.0833
NC_000024.9	9797791	0.0833
NC_000024.9	9803630	0.1
NC_000024.9	9805161	0.2
NC_000024.9	9805185	0.2
NC_000024.9	9805668	0.1
NC_000024.9	9810126	0.1
NC_000024.9	9811038	0.1
NC_000024.9	9811384	0.1
NC_000024.9	9811675	0.1
NC_000024.9	9817027	0.1
NC_000024.9	9820477	0.1
NC_000024.9	9823534	0.2
NC_000024.9	9825502	0.1
NC_000024.9	9827500	0.1
NC_000024.9	9827891	0.1
NC_000024.9	9830017	0.1
NC_000024.9	9832277	0.1
NC_000024.9	9832458	0.1
NC_000024.9	9832572	0.1
NC_000024.9	9832604	0.1
NC_000024.9	9832607	0.1
NC_000024.9	9832636	0.2
NC_000024.9	9832637	0.2
NC_000024.9	9832648	0.2
NC_000024.9	9832929	0.1
NC_000024.9	9837543	0.1
NC_000024.9	9838194	0.2
NC_000024.9	9840307	0.2
NC_000024.9	9840350	0.1
NC_000024.9	9840371	0.1
NC_000024.9	9842503	0.1
NC_000024.9	9842740	0.1
NC_000024.9	9843200	0.2
NC_000024.9	9844895	0.1
NC_000024.9	9848178	0.1
NC_000024.9	9850128	0.1
NC_000024.9	9850494	0.2
NC_000024.9	9850498	0.2
NC_000024.9	9850515	0.1
NC_000024.9	9850573	0.1
NC_000024.9	9850574	0.1
NC_000024.9	9850578	0.1
NC_000024.9	9850581	0.1
NC_000024.9	9850614	0.2
NC_000024.9	9850623	0.2
NC_000024.9	9850624	0.2
NC_000024.9	9850662	0.1
NC_000024.9	9850682	0.2
NC_000024.9	9850683	0.2
NC_000024.9	9850687	0.1
NC_000024.9	9850700	0.1
NC_000024.9	9850716	0.1
NC_000024.9	9850725	0.1
NC_000024.9	9850729	0.1
NC_000024.9	9850764	0.2
NC_000024.9	9850801	0.2
NC_000024.9	9850809	0.1
NC_000024.9	9851457	0.1
NC_000024.9	9852008	0.1
NC_000024.9	9852481	0.1
NC_000024.9	9855869	0.1
NC_000024.9	9856730	0.1
NC_000024.9	9858510	0.1
NC_000024.9	9859383	0.1
NC_000024.9	9859418	0.1
NC_000024.9	9864862	0.2
NC_000024.9	9866244	0.1
NC_000024.9	9866740	0.2
NC_000024.9	9868798	0.2
NC_000024.9	9869354	0.1
NC_000024.9	9869534	0.1
NC_000024.9	9870280	0.1
NC_000024.9	9870580	0.1
NC_000024.9	9873358	0.1
NC_000024.9	9876166	0.1
NC_000024.9	9884815	0.1
NC_000024.9	9886041	0.1
NC_000024.9	9886971	0.1
NC_000024.9	9887939	0.1
NC_000024.9	9887955	0.1
NC_000024.9	9889140	0.1
NC_000024.9	9891742	0.2
NC_000024.9	9895008	0.1
NC_000024.9	9900861	0.0833
NC_000024.9	9901783	0.0833
NC_000024.9	9902373	0.0833
NC_000024.9	9902429	0.0833
NC_000024.9	9902722	0.0833
NC_000024.9	9908071	0.1667
NC_000024.9	9909649	0.0833
NC_000024.9	9909928	0.0833
NC_000024.9	9910179	0.25
NC_000024.9	9910515	0.0833
NC_000024.9	9913595	0.1667
NC_000024.9	9914280	0.1667
NC_000024.9	9916747	0.0833
NC_000024.9	9917980	0.0833
NC_000024.9	9918112	0.0909
NC_000024.9	9918131	0.0909
NC_000024.9	9920498	0.0909
NC_000024.9	9921715	0.0909
NC_000024.9	9922433	0.0909
NC_000024.9	9922583	0.0909
NC_000024.9	9925961	0.0909
NC_000024.9	9925968	0.1818
NC_000024.9	9927860	0.0909
NC_000024.9	9930675	0.0909
NC_000024.9	9931953	0.0909
NC_000024.9	9932089	0.1818
NC_000024.9	9932776	0.0909
NC_000024.9	9933513	0.0909
NC_000024.9	9935190	0.0909
NC_000024.9	9935882	0.1818
NC_000024.9	9936524	0.0909
NC_000024.9	9937851	0.0909
NC_000024.9	9939012	0.0909
NC_000024.9	9939378	0.0909
NC_000024.9	9939948	0.1818
NC_000024.9	9940615	0.0909
NC_000024.9	9940987	0.0909
NC_000024.9	9941905	0.0909
NC_000024.9	9942152	0.0909
NC_000024.9	9942205	0.0909
NC_000024.9	9944909	0.0909
NC_000024.9	9945845	0.0909
NC_000024.9	9945980	0.0909
NC_000024.9	9946536	0.0909
NC_000024.9	9950058	0.1
NC_000024.9	9950789	0.1
NC_000024.9	9955037	0.1
NC_000024.9	9959669	0.1
NC_000024.9	9960719	0.1
NC_000024.9	9961910	0.1
NC_000024.9	9962278	0.1
NC_000024.9	9964862	0.1
NC_000024.9	9965693	0.1
NC_000024.9	9966041	0.1
NC_000024.9	9966488	0.1
NC_000024.9	9966759	0.1
NC_000024.9	13870592	0.125
NC_000024.9	13870593	0.125
NC_000024.9	13872086	0.125
NC_000024.9	13873384	0.125
NC_000024.9	13875306	0.125
NC_000024.9	13875357	0.125
NC_000024.9	13875767	0.125
NC_000024.9	13875944	0.125
NC_000024.9	13875945	0.125
NC_000024.9	13883812	0.125
NC_000024.9	13888424	0.125
NC_000024.9	13893894	0.125
NC_000024.9	13894235	0.125
NC_000024.9	13895866	0.125
NC_000024.9	13899040	0.125
NC_000024.9	13899728	0.125
NC_000024.9	13899889	0.125
NC_000024.9	13901195	0.125
NC_000024.9	13902907	0.125
NC_000024.9	13903931	0.125
NC_000024.9	13906808	0.125
NC_000024.9	13908825	0.125
NC_000024.9	13911181	0.125
NC_000024.9	13911375	0.125
NC_000024.9	13913469	0.125
NC_000024.9	13913767	0.125
NC_000024.9	13917200	0.125
NC_000024.9	13922182	0.125
NC_000024.9	13922530	0.125
NC_000024.9	13923555	0.1429
NC_000024.9	13923557	0.1429
NC_000024.9	13923559	0.2857
NC_000024.9	13923564	0.1429
NC_000024.9	13928042	0.125
NC_000024.9	13930961	0.125
NC_000024.9	13931642	0.125
NC_000024.9	13934144	0.125
NC_000024.9	13939014	0.125
NC_000024.9	13940894	0.125
NC_000024.9	13943107	0.125
NC_000024.9	13947300	0.125
NC_000024.9	13948538	0.125
NC_000024.9	13949344	0.125
NC_000024.9	13949714	0.125
NC_000024.9	13951585	0.125
NC_000024.9	13952852	0.125
NC_000024.9	13955265	0.125
NC_000024.9	13959378	0.125
NC_000024.9	13960586	0.125
NC_000024.9	13961257	0.125
NC_000024.9	13964485	0.125
NC_000024.9	13965407	0.125
NC_000024.9	13965573	0.125
NC_000024.9	13966816	0.125
NC_000024.9	13967504	0.125
NC_000024.9	13968378	0.125
NC_000024.9	13969160	0.125
NC_000024.9	13978071	0.0909
NC_000024.9	13979742	0.0909
NC_000024.9	13979988	0.0909
NC_000024.9	13979995	0.0909
NC_000024.9	13981852	0.0909
NC_000024.9	13982298	0.0909
NC_000024.9	13983057	0.0909
NC_000024.9	13983546	0.1
NC_000024.9	13984426	0.0909
NC_000024.9	13984854	0.0909
NC_000024.9	13985147	0.0909
NC_000024.9	13986308	0.0909
NC_000024.9	13989278	0.0909
NC_000024.9	13995307	0.0909
NC_000024.9	13995972	0.0909
NC_000024.9	13996835	0.0909
NC_000024.9	13997686	0.0909
NC_000024.9	13997970	0.0909
NC_000024.9	13998219	0.0909
NC_000024.9	13999106	0.1818
NC_000024.9	14001289	0.1818
NC_000024.9	14001916	0.0909
NC_000024.9	14002222	0.0909
NC_000024.9	14005668	0.0909
NC_000024.9	14006096	0.0909
NC_000024.9	14006122	0.0909
NC_000024.9	14006779	0.0909
NC_000024.9	14008403	0.0909
NC_000024.9	14009922	0.0909
NC_000024.9	14011643	0.0909
NC_000024.9	14011838	0.0909
NC_000024.9	14013228	0.1818
NC_000024.9	14013940	0.1818
NC_000024.9	14014443	0.0909
NC_000024.9	14014785	0.0909
NC_000024.9	14015310	0.0909
NC_000024.9	14016091	0.0909
NC_000024.9	14016215	0.0909
NC_000024.9	14016682	0.0909
NC_000024.9	14018012	0.0909
NC_000024.9	14018605	0.0909
NC_000024.9	14021100	0.0909
NC_000024.9	14023501	0.0909
NC_000024.9	14024261	0.1818
NC_000024.9	14026040	0.0909
NC_000024.9	14026367	0.1818
NC_000024.9	14029215	0.0909
NC_000024.9	14031891	0.0909
NC_000024.9	14032120	0.0909
NC_000024.9	14032272	0.0909
NC_000024.9	14033715	0.0909
NC_000024.9	14035741	0.0909
NC_000024.9	14036681	0.0909
NC_000024.9	14041823	0.0909
NC_000024.9	14042164	0.0909
NC_000024.9	14043535	0.0909
NC_000024.9	14044233	0.0909
NC_000024.9	14044827	0.0909
NC_000024.9	14046864	0.0909
NC_000024.9	14047618	0.0909
NC_000024.9	14048765	0.0909
NC_000024.9	14052797	0.1818
NC_000024.9	14055620	0.1818
NC_000024.9	14056187	0.0909
NC_000024.9	14057271	0.1818
NC_000024.9	14060308	0.0909
NC_000024.9	14062055	0.0909
NC_000024.9	14063200	0.1
NC_000024.9	14063205	0.1818
NC_000024.9	14065693	0.0909
NC_000024.9	14066975	0.0909
NC_000024.9	14069414	0.0909
NC_000024.9	14073073	0.0909
NC_000024.9	14073442	0.0909
NC_000024.9	14074463	0.0909
NC_000024.9	14075450	0.0909
NC_000024.9	14075865	0.0909
NC_000024.9	14075931	0.0909
NC_000024.9	14077653	0.0909
NC_000024.9	14077970	0.1818
NC_000024.9	14077997	0.1818
NC_000024.9	14078057	0.1818
NC_000024.9	14079528	0.0909
NC_000024.9	14082213	0.0909
NC_000024.9	14086062	0.0909
NC_000024.9	14087026	0.0909
NC_000024.9	14087500	0.0909
NC_000024.9	14087501	0.0909
NC_000024.9	14089929	0.0909
NC_000024.9	14089931	0.0909
NC_000024.9	14095983	0.0909
NC_000024.9	14096177	0.0909
NC_000024.9	14096790	0.0909
NC_000024.9	14097044	0.0909
NC_000024.9	14097207	0.0909
NC_000024.9	14100263	0.0909
NC_000024.9	14101357	0.0909
NC_000024.9	14102362	0.1
NC_000024.9	14102888	0.0909
NC_000024.9	14102925	0.0909
NC_000024.9	14103159	0.0909
NC_000024.9	14106125	0.0909
NC_000024.9	14107240	0.0909
NC_000024.9	14108214	0.0909
NC_000024.9	14109471	0.0909
NC_000024.9	14110372	0.0909
NC_000024.9	14111130	0.0909
NC_000024.9	14111558	0.1818
NC_000024.9	14112568	0.1818
NC_000024.9	14113052	0.0909
NC_000024.9	14113300	0.0909
NC_000024.9	14113762	0.0909
NC_000024.9	14114498	0.1818
NC_000024.9	14114639	0.0909
NC_000024.9	14114687	0.0909
NC_000024.9	14114750	0.0909
NC_000024.9	14115276	0.0909
NC_000024.9	14116330	0.0909
NC_000024.9	14116979	0.1818
NC_000024.9	14118941	0.0909
NC_000024.9	14119326	0.0909
NC_000024.9	14120823	0.0909
NC_000024.9	14120940	0.0909
NC_000024.9	14121247	0.0909
NC_000024.9	14121356	0.0909
NC_000024.9	14121539	0.0909
NC_000024.9	14122034	0.0909
NC_000024.9	14123371	0.0909
NC_000024.9	14123744	0.0909
NC_000024.9	14124435	0.0909
NC_000024.9	14124940	0.0909
NC_000024.9	14126432	0.0909
NC_000024.9	14127014	0.0909
NC_000024.9	14129879	0.0909
NC_000024.9	14130955	0.0909
NC_000024.9	14131378	0.0909
NC_000024.9	14131689	0.0909
NC_000024.9	14132152	0.1818
NC_000024.9	14132545	0.0909
NC_000024.9	14133754	0.0909
NC_000024.9	14133927	0.0909
NC_000024.9	14134177	0.0909
NC_000024.9	14134650	0.0909
NC_000024.9	14140277	0.0909
NC_000024.9	14142685	0.0909
NC_000024.9	14144682	0.0909
NC_000024.9	14145007	0.0909
NC_000024.9	14147870	0.0909
NC_000024.9	14148605	0.0909
NC_000024.9	14148626	0.1818
NC_000024.9	14149010	0.0909
NC_000024.9	14149520	0.0909
NC_000024.9	14149772	0.0909
NC_000024.9	14150833	0.0909
NC_000024.9	14151363	0.0909
NC_000024.9	14154716	0.0909
NC_000024.9	14155485	0.0909
NC_000024.9	14155580	0.0909
NC_000024.9	14156102	0.0909
NC_000024.9	14159520	0.0909
NC_000024.9	14159723	0.0909
NC_000024.9	14159749	0.0909
NC_000024.9	14159846	0.0909
NC_000024.9	14161309	0.0909
NC_000024.9	14162311	0.0909
NC_000024.9	14163249	0.0909
NC_000024.9	14164321	0.0909
NC_000024.9	14165075	0.0909
NC_000024.9	14167438	0.0909
NC_000024.9	14168709	0.0909
NC_000024.9	14169040	0.0909
NC_000024.9	14171665	0.0909
NC_000024.9	14172076	0.0909
NC_000024.9	14172842	0.0909
NC_000024.9	14174201	0.0909
NC_000024.9	14174283	0.0909
NC_000024.9	14176117	0.0909
NC_000024.9	14178458	0.0909
NC_000024.9	14181434	0.0909
NC_000024.9	14181646	0.0909
NC_000024.9	14182529	0.1818
NC_000024.9	14183002	0.0909
NC_000024.9	14183218	0.0909
NC_000024.9	14184655	0.0909
NC_000024.9	14185663	0.0909
NC_000024.9	14187201	0.0909
NC_000024.9	14188696	0.0909
NC_000024.9	14189172	0.0909
NC_000024.9	14189337	0.0909
NC_000024.9	14190394	0.0909
NC_000024.9	14195838	0.0909
NC_000024.9	14197867	0.0909
NC_000024.9	14199128	0.0909
NC_000024.9	14199284	0.0909
NC_000024.9	14199508	0.0909
NC_000024.9	14202226	0.0909
NC_000024.9	14203408	0.0909
NC_000024.9	14206183	0.0909
NC_000024.9	14206892	0.0909
NC_000024.9	14207088	0.0909
NC_000024.9	14207428	0.0909
NC_000024.9	14207576	0.0909
NC_000024.9	14208370	0.0909
NC_000024.9	14209020	0.0909
NC_000024.9	14209298	0.0909
NC_000024.9	14209578	0.0909
NC_000024.9	14210484	0.0909
NC_000024.9	14211355	0.0909
NC_000024.9	14213709	0.0909
NC_000024.9	14213727	0.1818
NC_000024.9	14213757	0.2727
NC_000024.9	14215408	0.1818
NC_000024.9	14219136	0.0909
NC_000024.9	14219140	0.0909
NC_000024.9	14220120	0.0909
NC_000024.9	14221285	0.1818
NC_000024.9	14222748	0.0909
NC_000024.9	14226782	0.0909
NC_000024.9	14227686	0.0909
NC_000024.9	14228626	0.0909
NC_000024.9	14228917	0.0909
NC_000024.9	14228923	0.0909
NC_000024.9	14230885	0.0909
NC_000024.9	14231241	0.1818
NC_000024.9	14236879	0.0909
NC_000024.9	14237670	0.0909
NC_000024.9	14242558	0.0909
NC_000024.9	14243100	0.0909
NC_000024.9	14243856	0.0909
NC_000024.9	14244937	0.0909
NC_000024.9	14244982	0.0909
NC_000024.9	14245211	0.1818
NC_000024.9	14246261	0.0909
NC_000024.9	14246690	0.0909
NC_000024.9	14247868	0.0909
NC_000024.9	14248731	0.0909
NC_000024.9	14248751	0.0909
NC_000024.9	14250905	0.0909
NC_000024.9	14251500	0.1818
NC_000024.9	14254357	0.0909
NC_000024.9	14255600	0.0909
NC_000024.9	14257152	0.1818
NC_000024.9	14257244	0.0909
NC_000024.9	14259014	0.0909
NC_000024.9	14260199	0.1818
NC_000024.9	14260235	0.0909
NC_000024.9	14261263	0.0909
NC_000024.9	14263271	0.0909
NC_000024.9	14263752	0.0909
NC_000024.9	14265676	0.0909
NC_000024.9	14266295	0.1818
NC_000024.9	14266296	0.1818
NC_000024.9	14266783	0.0909
NC_000024.9	14267086	0.0909
NC_000024.9	14268257	0.0909
NC_000024.9	14268491	0.0909
NC_000024.9	14268538	0.0909
NC_000024.9	14269712	0.0909
NC_000024.9	14273098	0.0909
NC_000024.9	14273361	0.0909
NC_000024.9	14273550	0.1818
NC_000024.9	14275201	0.0909
NC_000024.9	14275875	0.0909
NC_000024.9	14277466	0.1818
NC_000024.9	14279792	0.0909
NC_000024.9	14280735	0.0909
NC_000024.9	14281450	0.0909
NC_000024.9	14283773	0.0909
NC_000024.9	14283774	0.0909
NC_000024.9	14284804	0.0909
NC_000024.9	14284990	0.0909
NC_000024.9	14287946	0.0909
NC_000024.9	14289069	0.0909
NC_000024.9	14289530	0.0909
NC_000024.9	14290914	0.0909
NC_000024.9	14291692	0.0909
NC_000024.9	14292708	0.0909
NC_000024.9	14294020	0.0909
NC_000024.9	14294201	0.0909
NC_000024.9	14294504	0.0909
NC_000024.9	14295751	0.0909
NC_000024.9	14296496	0.0909
NC_000024.9	14297122	0.0909
NC_000024.9	14299664	0.0909
NC_000024.9	14300124	0.0909
NC_000024.9	14302737	0.0909
NC_000024.9	14305494	0.0909
NC_000024.9	14307438	0.0909
NC_000024.9	14308595	0.0909
NC_000024.9	14308648	0.0909
NC_000024.9	14308835	0.0909
NC_000024.9	14309946	0.0909
NC_000024.9	14311285	0.0909
NC_000024.9	14312003	0.0909
NC_000024.9	14312224	0.0909
NC_000024.9	14313484	0.0909
NC_000024.9	14314806	0.0909
NC_000024.9	14317112	0.0909
NC_000024.9	14317637	0.0909
NC_000024.9	14320934	0.0909
NC_000024.9	14324714	0.0909
NC_000024.9	14325396	0.0909
NC_000024.9	14326073	0.0909
NC_000024.9	14328625	0.0909
NC_000024.9	14328849	0.0909
NC_000024.9	14329233	0.0909
NC_000024.9	14329981	0.0909
NC_000024.9	14331691	0.0909
NC_000024.9	14332243	0.0909
NC_000024.9	14334396	0.0909
NC_000024.9	14336393	0.0909
NC_000024.9	14339516	0.0909
NC_000024.9	14344506	0.0909
NC_000024.9	14346654	0.1
NC_000024.9	14350233	0.0909
NC_000024.9	14351330	0.0909
NC_000024.9	14353884	0.0909
NC_000024.9	14356720	0.0909
NC_000024.9	14359235	0.0909
NC_000024.9	14359519	0.1818
NC_000024.9	14360830	0.0909
NC_000024.9	14362882	0.0909
NC_000024.9	14365602	0.0909
NC_000024.9	14367181	0.0909
NC_000024.9	14369403	0.1818
NC_000024.9	14369471	0.1818
NC_000024.9	14370591	0.0909
NC_000024.9	14372869	0.0909
NC_000024.9	14374428	0.0909
NC_000024.9	14375111	0.0909
NC_000024.9	14377079	0.0909
NC_000024.9	14379206	0.1818
NC_000024.9	14381806	0.1818
NC_000024.9	14382029	0.1818
NC_000024.9	14382213	0.0909
NC_000024.9	14382516	0.0909
NC_000024.9	14384090	0.0909
NC_000024.9	14384612	0.0909
NC_000024.9	14385259	0.0909
NC_000024.9	14386666	0.0909
NC_000024.9	14388017	0.1818
NC_000024.9	14388664	0.0909
NC_000024.9	14389603	0.1818
NC_000024.9	14391131	0.0909
NC_000024.9	14392360	0.0909
NC_000024.9	14392736	0.0909
NC_000024.9	14392796	0.0909
NC_000024.9	14393170	0.0909
NC_000024.9	14394340	0.0909
NC_000024.9	14394777	0.0909
NC_000024.9	14395779	0.0909
NC_000024.9	14396708	0.0909
NC_000024.9	14398086	0.0909
NC_000024.9	14400055	0.0909
NC_000024.9	14401169	0.0909
NC_000024.9	14405776	0.0909
NC_000024.9	14406002	0.0909
NC_000024.9	14406203	0.0909
NC_000024.9	14406438	0.0909
NC_000024.9	14407021	0.0909
NC_000024.9	14407131	0.1818
NC_000024.9	14407186	0.1818
NC_000024.9	14407335	0.0909
NC_000024.9	14412196	0.0909
NC_000024.9	14416216	0.0909
NC_000024.9	14418150	0.1
NC_000024.9	14418160	0.0909
NC_000024.9	14418218	0.1818
NC_000024.9	14418258	0.0909
NC_000024.9	14418592	0.0909
NC_000024.9	14419185	0.0909
NC_000024.9	14420262	0.0909
NC_000024.9	14420310	0.0909
NC_000024.9	14420329	0.0909
NC_000024.9	14422630	0.0909
NC_000024.9	14423452	0.0909
NC_000024.9	14424045	0.1818
NC_000024.9	14427643	0.0909
NC_000024.9	14429225	0.0909
NC_000024.9	14431439	0.0909
NC_000024.9	14433100	0.0909
NC_000024.9	14434246	0.0909
NC_000024.9	14434372	0.0909
NC_000024.9	14434385	0.0909
NC_000024.9	14435782	0.0909
NC_000024.9	14435790	0.0909
NC_000024.9	14435792	0.1818
NC_000024.9	14435818	0.0909
NC_000024.9	14436677	0.1818
NC_000024.9	14436924	0.1818
NC_000024.9	14439042	0.0909
NC_000024.9	14439817	0.1818
NC_000024.9	14440767	0.0909
NC_000024.9	14441056	0.0909
NC_000024.9	14443240	0.0909
NC_000024.9	14443250	0.0909
NC_000024.9	14443253	0.0909
NC_000024.9	14444015	0.0909
NC_000024.9	14445590	0.0909
NC_000024.9	14446564	0.0909
NC_000024.9	14447253	0.0909
NC_000024.9	14448104	0.0909
NC_000024.9	14448405	0.0909
NC_000024.9	14451124	0.0909
NC_000024.9	14452242	0.0909
NC_000024.9	14456790	0.0909
NC_000024.9	14458425	0.0909
NC_000024.9	14460691	0.0909
NC_000024.9	14461702	0.0833
NC_000024.9	14466602	0.0833
NC_000024.9	14467641	0.0833
NC_000024.9	14468996	0.0833
NC_000024.9	14469372	0.0833
NC_000024.9	14470781	0.0833
NC_000024.9	14472914	0.1667
NC_000024.9	14472971	0.1667
NC_000024.9	14473036	0.0833
NC_000024.9	14473413	0.0833
NC_000024.9	14474359	0.0833
NC_000024.9	14477282	0.0833
NC_000024.9	14484897	0.1667
NC_000024.9	14486025	0.0909
NC_000024.9	14493673	0.0909
NC_000024.9	14496037	0.0909
NC_000024.9	14497059	0.0909
NC_000024.9	14497207	0.0909
NC_000024.9	14497374	0.1818
NC_000024.9	14498973	0.0909
NC_000024.9	14500100	0.0909
NC_000024.9	14502259	0.1818
NC_000024.9	14508392	0.0909
NC_000024.9	14509380	0.0909
NC_000024.9	14511188	0.0909
NC_000024.9	14513629	0.0909
NC_000024.9	14516588	0.0833
NC_000024.9	14516781	0.0833
NC_000024.9	14519560	0.0833
NC_000024.9	14519878	0.0833
NC_000024.9	14520465	0.0833
NC_000024.9	14521458	0.0833
NC_000024.9	14522828	0.0833
NC_000024.9	14523391	0.0833
NC_000024.9	14525648	0.0833
NC_000024.9	14525934	0.0833
NC_000024.9	14535384	0.0833
NC_000024.9	14539700	0.0833
NC_000024.9	14541174	0.0833
NC_000024.9	14541760	0.0833
NC_000024.9	14544130	0.0833
NC_000024.9	14545105	0.0833
NC_000024.9	14550735	0.0833
NC_000024.9	14551493	0.0833
NC_000024.9	14556851	0.1667
NC_000024.9	14557979	0.0833
NC_000024.9	14561760	0.0833
NC_000024.9	14562321	0.1
NC_000024.9	14563114	0.0833
NC_000024.9	14565310	0.1667
NC_000024.9	14573117	0.0833
NC_000024.9	14577044	0.0833
NC_000024.9	14578526	0.0833
NC_000024.9	14578926	0.0833
NC_000024.9	14581011	0.0833
NC_000024.9	14585919	0.1667
NC_000024.9	14587658	0.0833
NC_000024.9	14588372	0.1667
NC_000024.9	14589183	0.0833
NC_000024.9	14595679	0.0833
NC_000024.9	14595872	0.0833
NC_000024.9	14598676	0.0833
NC_000024.9	14598808	0.0833
NC_000024.9	14601906	0.0833
NC_000024.9	14602878	0.0833
NC_000024.9	14603298	0.25
NC_000024.9	14605758	0.0833
NC_000024.9	14609722	0.0833
NC_000024.9	14609823	0.25
NC_000024.9	14610449	0.0833
NC_000024.9	14611354	0.0833
NC_000024.9	14612066	0.0833
NC_000024.9	14612386	0.0833
NC_000024.9	14613505	0.0833
NC_000024.9	14614521	0.0833
NC_000024.9	14615382	0.1667
NC_000024.9	14616463	0.0833
NC_000024.9	14618343	0.0833
NC_000024.9	14619528	0.0833
NC_000024.9	14621885	0.0833
NC_000024.9	14623319	0.0833
NC_000024.9	14624252	0.1667
NC_000024.9	14624658	0.0833
NC_000024.9	14631285	0.0833
NC_000024.9	14633421	0.0833
NC_000024.9	14635270	0.0833
NC_000024.9	14635645	0.0833
NC_000024.9	14636086	0.0833
NC_000024.9	14636530	0.0833
NC_000024.9	14637352	0.0833
NC_000024.9	14640847	0.0833
NC_000024.9	14641193	0.0833
NC_000024.9	14647154	0.0833
NC_000024.9	14661924	0.1667
NC_000024.9	14663354	0.0833
NC_000024.9	14664631	0.0833
NC_000024.9	14666345	0.0833
NC_000024.9	14666906	0.0833
NC_000024.9	14668887	0.0833
NC_000024.9	14669241	0.0909
NC_000024.9	14671991	0.0909
NC_000024.9	14674176	0.0909
NC_000024.9	14675847	0.0909
NC_000024.9	14676627	0.0909
NC_000024.9	14677851	0.0909
NC_000024.9	14679362	0.0909
NC_000024.9	14680701	0.1818
NC_000024.9	14683450	0.0909
NC_000024.9	14683554	0.0909
NC_000024.9	14685840	0.0909
NC_000024.9	14685958	0.0909
NC_000024.9	14687895	0.0909
NC_000024.9	14687942	0.0909
NC_000024.9	14692104	0.0909
NC_000024.9	14692135	0.0909
NC_000024.9	14694013	0.0909
NC_000024.9	14698638	0.0909
NC_000024.9	14703279	0.0909
NC_000024.9	14704206	0.0909
NC_000024.9	14709298	0.0833
NC_000024.9	14710265	0.0833
NC_000024.9	14710269	0.1667
NC_000024.9	14710538	0.0833
NC_000024.9	14713690	0.0833
NC_000024.9	14713873	0.0833
NC_000024.9	14715961	0.1667
NC_000024.9	14716696	0.0833
NC_000024.9	14717024	0.0833
NC_000024.9	14717552	0.25
NC_000024.9	14717823	0.0833
NC_000024.9	14718400	0.0833
NC_000024.9	14720802	0.0833
NC_000024.9	14723798	0.0833
NC_000024.9	14724381	0.0833
NC_000024.9	14724638	0.0833
NC_000024.9	14725821	0.0833
NC_000024.9	14726291	0.1667
NC_000024.9	14726334	0.0833
NC_000024.9	14726915	0.1667
NC_000024.9	14734894	0.0833
NC_000024.9	14736673	0.0833
NC_000024.9	14737557	0.0833
NC_000024.9	14742373	0.0833
NC_000024.9	14743764	0.0833
NC_000024.9	14755880	0.0833
NC_000024.9	14758427	0.0833
NC_000024.9	14762104	0.0833
NC_000024.9	14764469	0.0833
NC_000024.9	14768438	0.0833
NC_000024.9	14768679	0.0833
NC_000024.9	14770462	0.0833
NC_000024.9	14774340	0.0833
NC_000024.9	14774366	0.0833
NC_000024.9	14775104	0.1667
NC_000024.9	14777135	0.0833
NC_000024.9	14777360	0.0833
NC_000024.9	14778098	0.0833
NC_000024.9	14780417	0.0833
NC_000024.9	14785570	0.0833
NC_000024.9	14786996	0.0833
NC_000024.9	14787792	0.0833
NC_000024.9	14787828	0.1667
NC_000024.9	14792418	0.0833
NC_000024.9	14793427	0.0833
NC_000024.9	14794033	0.0833
NC_000024.9	14794636	0.0833
NC_000024.9	14797405	0.0833
NC_000024.9	14800279	0.0833
NC_000024.9	14801071	0.0833
NC_000024.9	14804077	0.1667
NC_000024.9	14806362	0.0833
NC_000024.9	14810510	0.0833
NC_000024.9	14811474	0.0833
NC_000024.9	14813991	0.0833
NC_000024.9	14814890	0.0833
NC_000024.9	14817539	0.0833
NC_000024.9	14819587	0.0833
NC_000024.9	14820383	0.0833
NC_000024.9	14820788	0.0833
NC_000024.9	14821848	0.0833
NC_000024.9	14824380	0.1667
NC_000024.9	14825477	0.0833
NC_000024.9	14825719	0.1667
NC_000024.9	14825721	0.0833
NC_000024.9	14825913	0.0833
NC_000024.9	14826860	0.0833
NC_000024.9	14829196	0.1667
NC_000024.9	14832620	0.0833
NC_000024.9	14836452	0.0833
NC_000024.9	14839376	0.0833
NC_000024.9	14839786	0.1667
NC_000024.9	14840113	0.0833
NC_000024.9	14841145	0.0833
NC_000024.9	14842223	0.0833
NC_000024.9	14844796	0.0833
NC_000024.9	14845090	0.0833
NC_000024.9	14845376	0.0833
NC_000024.9	14846704	0.0833
NC_000024.9	14850579	0.0833
NC_000024.9	14850732	0.0833
NC_000024.9	14851554	0.0833
NC_000024.9	14855945	0.0833
NC_000024.9	14858170	0.0833
NC_000024.9	14862502	0.0833
NC_000024.9	14862943	0.0833
NC_000024.9	14863507	0.0833
NC_000024.9	14864191	0.0833
NC_000024.9	14864212	0.0833
NC_000024.9	14865477	0.1667
NC_000024.9	14867439	0.1667
NC_000024.9	14869076	0.1667
NC_000024.9	14869347	0.0833
NC_000024.9	14870234	0.1667
NC_000024.9	14871164	0.0833
NC_000024.9	14873440	0.0833
NC_000024.9	14875899	0.0833
NC_000024.9	14877007	0.0833
NC_000024.9	14877460	0.0833
NC_000024.9	14879292	0.0833
NC_000024.9	14881201	0.0833
NC_000024.9	14885368	0.25
NC_000024.9	14886273	0.0833
NC_000024.9	14890842	0.0833
NC_000024.9	14893893	0.0833
NC_000024.9	14898094	0.0833
NC_000024.9	14900391	0.1667
NC_000024.9	14904411	0.0833
NC_000024.9	14905147	0.0833
NC_000024.9	14906014	0.0833
NC_000024.9	14910826	0.0833
NC_000024.9	14917660	0.0833
NC_000024.9	14922583	0.0833
NC_000024.9	14924643	0.1667
NC_000024.9	14925038	0.1667
NC_000024.9	14926420	0.0833
NC_000024.9	14926449	0.1667
NC_000024.9	14929148	0.1667
NC_000024.9	14933671	0.0833
NC_000024.9	14935686	0.0833
NC_000024.9	14936470	0.25
NC_000024.9	14937894	0.0833
NC_000024.9	14939742	0.0833
NC_000024.9	14941989	0.0833
NC_000024.9	14942589	0.1667
NC_000024.9	14943290	0.0833
NC_000024.9	14944086	0.0833
NC_000024.9	14949524	0.0833
NC_000024.9	14954047	0.1667
NC_000024.9	14954691	0.0833
NC_000024.9	14956117	0.0833
NC_000024.9	14956825	0.0833
NC_000024.9	14960357	0.0833
NC_000024.9	14960424	0.0833
NC_000024.9	14965753	0.0833
NC_000024.9	14967692	0.0833
NC_000024.9	14972667	0.0833
NC_000024.9	14977082	0.0833
NC_000024.9	14980170	0.0833
NC_000024.9	14981750	0.0833
NC_000024.9	14983106	0.0833
NC_000024.9	14983608	0.0833
NC_000024.9	14991021	0.1667
NC_000024.9	14991329	0.0833
NC_000024.9	14992587	0.0833
NC_000024.9	14992624	0.0833
NC_000024.9	14996003	0.0833
NC_000024.9	14996960	0.0833
NC_000024.9	14997909	0.1667
NC_000024.9	15000138	0.0833
NC_000024.9	15000453	0.0833
NC_000024.9	15003726	0.0833
NC_000024.9	15008427	0.0833
NC_000024.9	15011918	0.0833
NC_000024.9	15013975	0.0833
NC_000024.9	15016035	0.0833
NC_000024.9	15017505	0.0833
NC_000024.9	15019092	0.0833
NC_000024.9	15020578	0.0833
NC_000024.9	15021104	0.0833
NC_000024.9	15021130	0.0833
NC_000024.9	15021522	0.0833
NC_000024.9	15022370	0.0833
NC_000024.9	15022465	0.0833
NC_000024.9	15026424	0.0833
NC_000024.9	15026633	0.0833
NC_000024.9	15027863	0.0833
NC_000024.9	15028176	0.1667
NC_000024.9	15032895	0.0833
NC_000024.9	15037433	0.0833
NC_000024.9	15040523	0.0833
NC_000024.9	15041161	0.0833
NC_000024.9	15041282	0.0833
NC_000024.9	15043822	0.0909
NC_000024.9	15044149	0.1818
NC_000024.9	15047509	0.0909
NC_000024.9	15048702	0.0833
NC_000024.9	15049810	0.0833
NC_000024.9	15049817	0.0833
NC_000024.9	15051084	0.0833
NC_000024.9	15052110	0.0833
NC_000024.9	15052342	0.0833
NC_000024.9	15053547	0.0833
NC_000024.9	15053676	0.0833
NC_000024.9	15054225	0.25
NC_000024.9	15057935	0.0833
NC_000024.9	15058255	0.0833
NC_000024.9	15060025	0.0833
NC_000024.9	15062388	0.1667
NC_000024.9	15063698	0.0833
NC_000024.9	15063794	0.0833
NC_000024.9	15064719	0.0833
NC_000024.9	15064733	0.1667
NC_000024.9	15067098	0.0833
NC_000024.9	15068525	0.0833
NC_000024.9	15074228	0.0833
NC_000024.9	15077251	0.0833
NC_000024.9	15078330	0.0833
NC_000024.9	15078469	0.0833
NC_000024.9	15080010	0.0833
NC_000024.9	15080304	0.0833
NC_000024.9	15083814	0.1667
NC_000024.9	15084985	0.0833
NC_000024.9	15085526	0.0833
NC_000024.9	15088055	0.0833
NC_000024.9	15089380	0.0833
NC_000024.9	15095089	0.1667
NC_000024.9	15095096	0.0833
NC_000024.9	15095345	0.0833
NC_000024.9	15096036	0.0833
NC_000024.9	15097043	0.0833
NC_000024.9	15097073	0.1667
NC_000024.9	15098150	0.0833
NC_000024.9	15098426	0.1667
NC_000024.9	15099294	0.1667
NC_000024.9	15099956	0.1667
NC_000024.9	15101953	0.1667
NC_000024.9	15101957	0.0833
NC_000024.9	15101963	0.0833
NC_000024.9	15101964	0.0833
NC_000024.9	15102165	0.0833
NC_000024.9	15103082	0.1667
NC_000024.9	15106350	0.0833
NC_000024.9	15107773	0.1667
NC_000024.9	15109464	0.1667
NC_000024.9	15111148	0.0833
NC_000024.9	15111870	0.0833
NC_000024.9	15112480	0.1667
NC_000024.9	15113538	0.0833
NC_000024.9	15115614	0.0833
NC_000024.9	15118832	0.1667
NC_000024.9	15118942	0.0833
NC_000024.9	15124345	0.0833
NC_000024.9	15130659	0.0833
NC_000024.9	15132194	0.0833
NC_000024.9	15135320	0.0833
NC_000024.9	15137864	0.0833
NC_000024.9	15138964	0.0833
NC_000024.9	15139183	0.0833
NC_000024.9	15140957	0.0833
NC_000024.9	15141152	0.0833
NC_000024.9	15142330	0.0833
NC_000024.9	15144771	0.0833
NC_000024.9	15145685	0.0833
NC_000024.9	15147332	0.0833
NC_000024.9	15147334	0.0833
NC_000024.9	15149306	0.0833
NC_000024.9	15150298	0.1667
NC_000024.9	15150860	0.0833
NC_000024.9	15151001	0.0833
NC_000024.9	15152104	0.0833
NC_000024.9	15154024	0.0833
NC_000024.9	15156499	0.0833
NC_000024.9	15164391	0.1667
NC_000024.9	15166525	0.0833
NC_000024.9	15172192	0.0833
NC_000024.9	15172515	0.0833
NC_000024.9	15176857	0.0833
NC_000024.9	15178125	0.0833
NC_000024.9	15178150	0.0833
NC_000024.9	15179618	0.0833
NC_000024.9	15180026	0.0833
NC_000024.9	15183146	0.0833
NC_000024.9	15184385	0.0833
NC_000024.9	15186836	0.0833
NC_000024.9	15202608	0.0909
NC_000024.9	15203676	0.0909
NC_000024.9	15206020	0.0909
NC_000024.9	15207385	0.0909
NC_000024.9	15207886	0.1818
NC_000024.9	15208557	0.0909
NC_000024.9	15211290	0.0909
NC_000024.9	15211291	0.1818
NC_000024.9	15211327	0.0909
NC_000024.9	15211392	0.0909
NC_000024.9	15212724	0.0909
NC_000024.9	15217364	0.0909
NC_000024.9	15218792	0.0909
NC_000024.9	15219122	0.0909
NC_000024.9	15219209	0.1818
NC_000024.9	15219782	0.0909
NC_000024.9	15220838	0.0909
NC_000024.9	15223086	0.0909
NC_000024.9	15225520	0.1818
NC_000024.9	15225551	0.2727
NC_000024.9	15225591	0.1818
NC_000024.9	15225653	0.0909
NC_000024.9	15225674	0.0909
NC_000024.9	15225865	0.0909
NC_000024.9	15225892	0.1818
NC_000024.9	15225912	0.1818
NC_000024.9	15225914	0.1818
NC_000024.9	15226250	0.1
NC_000024.9	15226455	0.1818
NC_000024.9	15227266	0.0909
NC_000024.9	15229901	0.2
NC_000024.9	15233101	0.0909
NC_000024.9	15234830	0.1818
NC_000024.9	15237234	0.0909
NC_000024.9	15238511	0.0909
NC_000024.9	15239181	0.0909
NC_000024.9	15242940	0.0909
NC_000024.9	15243120	0.0909
NC_000024.9	15243802	0.1818
NC_000024.9	15243825	0.0909
NC_000024.9	15245780	0.0909
NC_000024.9	15245832	0.1818
NC_000024.9	15246563	0.0909
NC_000024.9	15247788	0.1818
NC_000024.9	15247886	0.0909
NC_000024.9	15248136	0.0909
NC_000024.9	15249083	0.0909
NC_000024.9	15256839	0.0909
NC_000024.9	15257003	0.0909
NC_000024.9	15258583	0.0909
NC_000024.9	15258818	0.0909
NC_000024.9	15259735	0.0909
NC_000024.9	15260575	0.0909
NC_000024.9	15261255	0.1818
NC_000024.9	15267882	0.0909
NC_000024.9	15271994	0.1818
NC_000024.9	15272326	0.0909
NC_000024.9	15278129	0.1818
NC_000024.9	15278771	0.1818
NC_000024.9	15278786	0.0909
NC_000024.9	15278796	0.0909
NC_000024.9	15278806	0.0909
NC_000024.9	15278821	0.2
NC_000024.9	15278841	0.0909
NC_000024.9	15279864	0.0909
NC_000024.9	15281135	0.0909
NC_000024.9	15281691	0.0909
NC_000024.9	15286462	0.1818
NC_000024.9	15286480	0.0909
NC_000024.9	15289866	0.0909
NC_000024.9	15292303	0.1818
NC_000024.9	15293877	0.0909
NC_000024.9	15295944	0.0909
NC_000024.9	15296042	0.0909
NC_000024.9	15296125	0.1818
NC_000024.9	15296303	0.0909
NC_000024.9	15297695	0.0909
NC_000024.9	15299735	0.0833
NC_000024.9	15304653	0.0833
NC_000024.9	15306589	0.1667
NC_000024.9	15307015	0.0833
NC_000024.9	15307092	0.0833
NC_000024.9	15309204	0.0833
NC_000024.9	15309390	0.0833
NC_000024.9	15312020	0.0833
NC_000024.9	15313925	0.0833
NC_000024.9	15319421	0.0833
NC_000024.9	15320840	0.0833
NC_000024.9	15321328	0.2727
NC_000024.9	15321333	0.0833
NC_000024.9	15321876	0.0833
NC_000024.9	15323154	0.0833
NC_000024.9	15323457	0.25
NC_000024.9	15327262	0.0833
NC_000024.9	15328223	0.0833
NC_000024.9	15328578	0.1667
NC_000024.9	15328712	0.0833
NC_000024.9	15329348	0.0833
NC_000024.9	15330000	0.0833
NC_000024.9	15332467	0.0833
NC_000024.9	15333149	0.0833
NC_000024.9	15335185	0.0833
NC_000024.9	15336075	0.0833
NC_000024.9	15338439	0.0833
NC_000024.9	15338622	0.0833
NC_000024.9	15339050	0.1667
NC_000024.9	15344716	0.0833
NC_000024.9	15344987	0.0833
NC_000024.9	15347013	0.0833
NC_000024.9	15349340	0.0833
NC_000024.9	15349830	0.0833
NC_000024.9	15354539	0.0833
NC_000024.9	15354901	0.1667
NC_000024.9	15355973	0.0833
NC_000024.9	15356695	0.0833
NC_000024.9	15356793	0.0833
NC_000024.9	15359714	0.0833
NC_000024.9	15365907	0.1667
NC_000024.9	15369704	0.1667
NC_000024.9	15376440	0.1667
NC_000024.9	15377422	0.0833
NC_000024.9	15378611	0.0833
NC_000024.9	15381787	0.0833
NC_000024.9	15382221	0.0833
NC_000024.9	15382324	0.0833
NC_000024.9	15383844	0.1667
NC_000024.9	15386670	0.0833
NC_000024.9	15391305	0.0833
NC_000024.9	15391933	0.0909
NC_000024.9	15394395	0.1667
NC_000024.9	15394642	0.0833
NC_000024.9	15407604	0.0833
NC_000024.9	15408182	0.0833
NC_000024.9	15409006	0.0833
NC_000024.9	15409274	0.0833
NC_000024.9	15412847	0.0833
NC_000024.9	15419539	0.1667
NC_000024.9	15421071	0.1667
NC_000024.9	15421242	0.0833
NC_000024.9	15421429	0.0833
NC_000024.9	15422028	0.0833
NC_000024.9	15422962	0.1667
NC_000024.9	15423144	0.0833
NC_000024.9	15423305	0.0833
NC_000024.9	15423590	0.0833
NC_000024.9	15424338	0.0833
NC_000024.9	15426248	0.0833
NC_000024.9	15429303	0.0833
NC_000024.9	15434880	0.0833
NC_000024.9	15435051	0.1667
NC_000024.9	15436806	0.0833
NC_000024.9	15437152	0.0833
NC_000024.9	15437564	0.0833
NC_000024.9	15437887	0.0833
NC_000024.9	15439570	0.0833
NC_000024.9	15440126	0.0833
NC_000024.9	15440305	0.0833
NC_000024.9	15442970	0.0833
NC_000024.9	15443453	0.0833
NC_000024.9	15445765	0.0833
NC_000024.9	15449737	0.1667
NC_000024.9	15450357	0.0833
NC_000024.9	15451147	0.0833
NC_000024.9	15456749	0.0833
NC_000024.9	15459505	0.0833
NC_000024.9	15461561	0.0833
NC_000024.9	15462272	0.1667
NC_000024.9	15463060	0.0833
NC_000024.9	15464198	0.25
NC_000024.9	15467824	0.0833
NC_000024.9	15469724	0.1667
NC_000024.9	15469784	0.0833
NC_000024.9	15471925	0.0833
NC_000024.9	15472586	0.0833
NC_000024.9	15477305	0.1667
NC_000024.9	15477600	0.0833
NC_000024.9	15477748	0.0833
NC_000024.9	15480934	0.1667
NC_000024.9	15486770	0.0833
NC_000024.9	15489314	0.1667
NC_000024.9	15489468	0.0833
NC_000024.9	15491904	0.0833
NC_000024.9	15491907	0.0833
NC_000024.9	15491908	0.0833
NC_000024.9	15491909	0.1667
NC_000024.9	15491937	0.1667
NC_000024.9	15491939	0.1667
NC_000024.9	15491941	0.1667
NC_000024.9	15491978	0.1667
NC_000024.9	15495318	0.0833
NC_000024.9	15496762	0.0833
NC_000024.9	15497844	0.0833
NC_000024.9	15498975	0.0833
NC_000024.9	15499228	0.0833
NC_000024.9	15499641	0.0833
NC_000024.9	15499915	0.0833
NC_000024.9	15503982	0.0833
NC_000024.9	15509896	0.0833
NC_000024.9	15511478	0.0833
NC_000024.9	15511651	0.0833
NC_000024.9	15514552	0.0833
NC_000024.9	15517935	0.0833
NC_000024.9	15517954	0.0833
NC_000024.9	15518483	0.0833
NC_000024.9	15525750	0.1667
NC_000024.9	15526751	0.1667
NC_000024.9	15529241	0.1667
NC_000024.9	15529453	0.0833
NC_000024.9	15529918	0.1667
NC_000024.9	15530698	0.1667
NC_000024.9	15532589	0.0833
NC_000024.9	15534527	0.0833
NC_000024.9	15536244	0.0833
NC_000024.9	15541126	0.0833
NC_000024.9	15542606	0.0833
NC_000024.9	15543875	0.0833
NC_000024.9	15545737	0.0833
NC_000024.9	15546604	0.0833
NC_000024.9	15553123	0.1667
NC_000024.9	15558495	0.0833
NC_000024.9	15558761	0.0833
NC_000024.9	15558909	0.0833
NC_000024.9	15560283	0.0833
NC_000024.9	15562216	0.0833
NC_000024.9	15569700	0.0833
NC_000024.9	15569966	0.0833
NC_000024.9	15571113	0.1667
NC_000024.9	15575343	0.1667
NC_000024.9	15576775	0.0833
NC_000024.9	15577721	0.0833
NC_000024.9	15578401	0.0833
NC_000024.9	15581264	0.1667
NC_000024.9	15582609	0.0833
NC_000024.9	15583450	0.0833
NC_000024.9	15587307	0.0833
NC_000024.9	15590674	0.0833
NC_000024.9	15591537	0.0833
NC_000024.9	15593938	0.0833
NC_000024.9	15599372	0.1667
NC_000024.9	15600055	0.0833
NC_000024.9	15600094	0.0833
NC_000024.9	15603611	0.0833
NC_000024.9	15606006	0.0833
NC_000024.9	15611801	0.0833
NC_000024.9	15614295	0.0833
NC_000024.9	15614925	0.0833
NC_000024.9	15615637	0.0833
NC_000024.9	15616996	0.0833
NC_000024.9	15617734	0.0833
NC_000024.9	15620608	0.0833
NC_000024.9	15621272	0.0833
NC_000024.9	15622317	0.0833
NC_000024.9	15622389	0.0833
NC_000024.9	15622610	0.0833
NC_000024.9	15623638	0.0833
NC_000024.9	15626937	0.0833
NC_000024.9	15627882	0.0833
NC_000024.9	15628721	0.1667
NC_000024.9	15628976	0.0833
NC_000024.9	15629626	0.0833
NC_000024.9	15634037	0.0833
NC_000024.9	15634452	0.0833
NC_000024.9	15637276	0.0833
NC_000024.9	15637553	0.1667
NC_000024.9	15638735	0.1667
NC_000024.9	15639038	0.0833
NC_000024.9	15639099	0.0833
NC_000024.9	15639453	0.0833
NC_000024.9	15640189	0.0833
NC_000024.9	15640300	0.0833
NC_000024.9	15641512	0.0833
NC_000024.9	15641547	0.0833
NC_000024.9	15641854	0.1667
NC_000024.9	15641936	0.0833
NC_000024.9	15645401	0.0833
NC_000024.9	15647535	0.0833
NC_000024.9	15647683	0.0833
NC_000024.9	15649242	0.1667
NC_000024.9	15651438	0.0833
NC_000024.9	15651659	0.0833
NC_000024.9	15654983	0.0833
NC_000024.9	15656515	0.0833
NC_000024.9	15656524	0.1667
NC_000024.9	15658129	0.0833
NC_000024.9	15658199	0.0833
NC_000024.9	15658296	0.0833
NC_000024.9	15662633	0.1667
NC_000024.9	15662994	0.1667
NC_000024.9	15666186	0.0833
NC_000024.9	15667235	0.1667
NC_000024.9	15669097	0.0833
NC_000024.9	15670689	0.0833
NC_000024.9	15671723	0.0833
NC_000024.9	15672075	0.0833
NC_000024.9	15674705	0.0833
NC_000024.9	15674878	0.1667
NC_000024.9	15675869	0.0833
NC_000024.9	15676178	0.0833
NC_000024.9	15677416	0.0833
NC_000024.9	15677520	0.1667
NC_000024.9	15680462	0.0833
NC_000024.9	15681751	0.0833
NC_000024.9	15681774	0.0833
NC_000024.9	15682693	0.0833
NC_000024.9	15683455	0.0909
NC_000024.9	15683578	0.0909
NC_000024.9	15694283	0.0909
NC_000024.9	15706746	0.0833
NC_000024.9	15710057	0.0833
NC_000024.9	15712092	0.0833
NC_000024.9	15712801	0.0833
NC_000024.9	15717213	0.0833
NC_000024.9	15717985	0.0833
NC_000024.9	15722493	0.0909
NC_000024.9	15723107	0.0909
NC_000024.9	15725683	0.0909
NC_000024.9	15726103	0.0909
NC_000024.9	15726892	0.1818
NC_000024.9	15729800	0.0909
NC_000024.9	15730992	0.0909
NC_000024.9	15731001	0.1818
NC_000024.9	15731011	0.0909
NC_000024.9	15731012	0.1818
NC_000024.9	15731014	0.0909
NC_000024.9	15731024	0.0909
NC_000024.9	15731034	0.0909
NC_000024.9	15731053	0.0909
NC_000024.9	15731066	0.0909
NC_000024.9	15731067	0.0909
NC_000024.9	15731068	0.0909
NC_000024.9	15731074	0.0909
NC_000024.9	15731082	0.0909
NC_000024.9	15731086	0.0909
NC_000024.9	15731089	0.0909
NC_000024.9	15731093	0.0909
NC_000024.9	15731101	0.0909
NC_000024.9	15731102	0.0909
NC_000024.9	15731107	0.0909
NC_000024.9	15731112	0.1818
NC_000024.9	15731120	0.1818
NC_000024.9	15731121	0.0909
NC_000024.9	15731125	0.0909
NC_000024.9	15731130	0.1818
NC_000024.9	15731137	0.1818
NC_000024.9	15731141	0.1818
NC_000024.9	15731145	0.0909
NC_000024.9	15731151	0.0909
NC_000024.9	15731167	0.1818
NC_000024.9	15731168	0.1818
NC_000024.9	15731177	0.0909
NC_000024.9	15731184	0.0909
NC_000024.9	15731188	0.0909
NC_000024.9	15731189	0.0909
NC_000024.9	15731191	0.0909
NC_000024.9	15731194	0.0909
NC_000024.9	15731216	0.0909
NC_000024.9	15731220	0.1818
NC_000024.9	15731241	0.0909
NC_000024.9	15731251	0.0909
NC_000024.9	15731255	0.0909
NC_000024.9	15731262	0.0909
NC_000024.9	15731263	0.1818
NC_000024.9	15731276	0.0909
NC_000024.9	15731278	0.0909
NC_000024.9	15731281	0.1818
NC_000024.9	15731294	0.0909
NC_000024.9	15731297	0.0909
NC_000024.9	15731298	0.1818
NC_000024.9	15731299	0.0909
NC_000024.9	15731302	0.0909
NC_000024.9	15731307	0.0909
NC_000024.9	15731320	0.0909
NC_000024.9	15731321	0.0909
NC_000024.9	15731328	0.0909
NC_000024.9	15731332	0.1818
NC_000024.9	15731336	0.0909
NC_000024.9	15731338	0.0909
NC_000024.9	15731348	0.1818
NC_000024.9	15731370	0.0909
NC_000024.9	15731373	0.0909
NC_000024.9	15731374	0.0909
NC_000024.9	15731383	0.1818
NC_000024.9	15731578	0.0909
NC_000024.9	15732669	0.1818
NC_000024.9	15732842	0.0909
NC_000024.9	15733657	0.0909
NC_000024.9	15734208	0.0909
NC_000024.9	15737401	0.0909
NC_000024.9	15744380	0.3333
NC_000024.9	15745664	0.0833
NC_000024.9	15746618	0.0833
NC_000024.9	15746718	0.0833
NC_000024.9	15749007	0.0833
NC_000024.9	15749993	0.0833
NC_000024.9	15750550	0.0833
NC_000024.9	15752058	0.0833
NC_000024.9	15752638	0.2727
NC_000024.9	15753197	0.1667
NC_000024.9	15754592	0.0833
NC_000024.9	15755213	0.0833
NC_000024.9	15757267	0.0833
NC_000024.9	15758963	0.0833
NC_000024.9	15760496	0.0909
NC_000024.9	15762839	0.0909
NC_000024.9	15764177	0.0909
NC_000024.9	15767235	0.0833
NC_000024.9	15768559	0.0833
NC_000024.9	15769171	0.0833
NC_000024.9	15771224	0.0833
NC_000024.9	15772820	0.1667
NC_000024.9	15774354	0.0833
NC_000024.9	15775809	0.1667
NC_000024.9	15782949	0.0833
NC_000024.9	15784818	0.0833
NC_000024.9	15785403	0.0833
NC_000024.9	15786242	0.0833
NC_000024.9	15786454	0.0833
NC_000024.9	15790691	0.0833
NC_000024.9	15790968	0.0833
NC_000024.9	15792531	0.0833
NC_000024.9	15794075	0.1667
NC_000024.9	15798050	0.0833
NC_000024.9	15799074	0.1667
NC_000024.9	15799168	0.0833
NC_000024.9	15799177	0.0833
NC_000024.9	15801586	0.1667
NC_000024.9	15803319	0.1667
NC_000024.9	15803534	0.0833
NC_000024.9	15803636	0.1667
NC_000024.9	15804593	0.0833
NC_000024.9	15806422	0.0833
NC_000024.9	15807047	0.0833
NC_000024.9	15807881	0.0833
NC_000024.9	15809326	0.0833
NC_000024.9	15809843	0.0833
NC_000024.9	15810962	0.1667
NC_000024.9	15815235	0.0833
NC_000024.9	15815288	0.0833
NC_000024.9	15815306	0.0833
NC_000024.9	15815327	0.0833
NC_000024.9	15815401	0.0833
NC_000024.9	15816039	0.0833
NC_000024.9	15821023	0.0833
NC_000024.9	15823751	0.0833
NC_000024.9	15823931	0.0833
NC_000024.9	15824711	0.0833
NC_000024.9	15825223	0.0833
NC_000024.9	15825616	0.0833
NC_000024.9	15834705	0.1818
NC_000024.9	15835275	0.0909
NC_000024.9	15835766	0.0909
NC_000024.9	15836779	0.0909
NC_000024.9	15840209	0.0833
NC_000024.9	15843782	0.0833
NC_000024.9	15845034	0.0833
NC_000024.9	15846297	0.0833
NC_000024.9	15847645	0.0833
NC_000024.9	15848310	0.0833
NC_000024.9	15851277	0.0833
NC_000024.9	15855466	0.1667
NC_000024.9	15855480	0.1667
NC_000024.9	15855481	0.1667
NC_000024.9	15855482	0.1667
NC_000024.9	15855499	0.0833
NC_000024.9	15856326	0.0833
NC_000024.9	15856736	0.1667
NC_000024.9	15857908	0.0833
NC_000024.9	15864931	0.1818
NC_000024.9	15866385	0.0909
NC_000024.9	15869722	0.0909
NC_000024.9	15870602	0.0909
NC_000024.9	15875016	0.0909
NC_000024.9	15877467	0.1818
NC_000024.9	15879390	0.1818
NC_000024.9	15879968	0.0909
NC_000024.9	15881010	0.0909
NC_000024.9	15884559	0.0909
NC_000024.9	15885051	0.0909
NC_000024.9	15885159	0.0909
NC_000024.9	15886619	0.0909
NC_000024.9	15888447	0.0909
NC_000024.9	15888512	0.0909
NC_000024.9	15890524	0.1667
NC_000024.9	15894244	0.0833
NC_000024.9	15896404	0.1667
NC_000024.9	15899302	0.0833
NC_000024.9	15900386	0.0833
NC_000024.9	15901818	0.0833
NC_000024.9	15902635	0.0833
NC_000024.9	15904168	0.25
NC_000024.9	15905094	0.0833
NC_000024.9	15909160	0.1667
NC_000024.9	15913078	0.0833
NC_000024.9	15913905	0.0833
NC_000024.9	15916834	0.0833
NC_000024.9	15920321	0.1667
NC_000024.9	15920587	0.0833
NC_000024.9	15924080	0.0833
NC_000024.9	15924081	0.0833
NC_000024.9	15927045	0.0833
NC_000024.9	15928472	0.0833
NC_000024.9	15930424	0.0833
NC_000024.9	15930830	0.0833
NC_000024.9	15931671	0.1667
NC_000024.9	15932327	0.1667
NC_000024.9	15935524	0.0833
NC_000024.9	15936740	0.0833
NC_000024.9	15938949	0.0833
NC_000024.9	15939325	0.0833
NC_000024.9	15940056	0.0833
NC_000024.9	15940090	0.0833
NC_000024.9	15940109	0.1667
NC_000024.9	15943254	0.0833
NC_000024.9	15945309	0.1667
NC_000024.9	15955432	0.0833
NC_000024.9	15955626	0.0833
NC_000024.9	15955962	0.0833
NC_000024.9	15957713	0.0833
NC_000024.9	15958079	0.0833
NC_000024.9	15958994	0.1667
NC_000024.9	15961200	0.1667
NC_000024.9	15961344	0.0833
NC_000024.9	15962085	0.0833
NC_000024.9	15963071	0.0833
NC_000024.9	15967518	0.0833
NC_000024.9	15970993	0.0833
NC_000024.9	15976022	0.0833
NC_000024.9	15976805	0.0833
NC_000024.9	15981191	0.1667
NC_000024.9	15981255	0.0833
NC_000024.9	15984608	0.0833
NC_000024.9	15988850	0.0833
NC_000024.9	15992612	0.1667
NC_000024.9	15995289	0.0833
NC_000024.9	15996400	0.0833
NC_000024.9	15998466	0.0833
NC_000024.9	15998900	0.0833
NC_000024.9	15999749	0.0833
NC_000024.9	16003179	0.0833
NC_000024.9	16003872	0.0833
NC_000024.9	16003896	0.0833
NC_000024.9	16005381	0.0833
NC_000024.9	16007557	0.0833
NC_000024.9	16007597	0.0833
NC_000024.9	16008920	0.0833
NC_000024.9	16015251	0.1
NC_000024.9	16015997	0.1
NC_000024.9	16016012	0.1
NC_000024.9	16016838	0.1
NC_000024.9	16017262	0.1
NC_000024.9	16017485	0.1
NC_000024.9	16018728	0.1
NC_000024.9	16020409	0.1
NC_000024.9	16020429	0.1
NC_000024.9	16020436	0.1
NC_000024.9	16020440	0.1
NC_000024.9	16020441	0.1
NC_000024.9	16020457	0.1
NC_000024.9	16020458	0.1
NC_000024.9	16020463	0.1
NC_000024.9	16020481	0.2
NC_000024.9	16021483	0.1
NC_000024.9	16022602	0.1
NC_000024.9	16022647	0.1
NC_000024.9	16022648	0.1
NC_000024.9	16025620	0.1
NC_000024.9	16025776	0.1
NC_000024.9	16026241	0.1
NC_000024.9	16026686	0.1
NC_000024.9	16026688	0.1
NC_000024.9	16026706	0.1
NC_000024.9	16027301	0.1
NC_000024.9	16027838	0.1
NC_000024.9	16034347	0.1
NC_000024.9	16034742	0.1
NC_000024.9	16035637	0.1
NC_000024.9	16035987	0.1
NC_000024.9	16036087	0.1
NC_000024.9	16036641	0.1
NC_000024.9	16038302	0.1
NC_000024.9	16039526	0.1
NC_000024.9	16040014	0.1
NC_000024.9	16040552	0.1
NC_000024.9	16042898	0.1
NC_000024.9	16045476	0.1
NC_000024.9	16046633	0.1
NC_000024.9	16050092	0.1
NC_000024.9	16050093	0.1
NC_000024.9	16050921	0.1
NC_000024.9	16050958	0.1
NC_000024.9	16050970	0.1
NC_000024.9	16050974	0.1
NC_000024.9	16050978	0.1
NC_000024.9	16050980	0.1
NC_000024.9	16050984	0.1
NC_000024.9	16050996	0.1
NC_000024.9	16059182	0.1
NC_000024.9	16064144	0.1
NC_000024.9	16064524	0.2
NC_000024.9	16065993	0.1
NC_000024.9	16067009	0.1
NC_000024.9	16067013	0.1
NC_000024.9	16067017	0.1
NC_000024.9	16069531	0.2
NC_000024.9	16070836	0.1
NC_000024.9	16072856	0.1
NC_000024.9	16073117	0.1
NC_000024.9	16074112	0.1
NC_000024.9	16074979	0.1
NC_000024.9	16077380	0.1
NC_000024.9	16077586	0.1
NC_000024.9	16077695	0.1
NC_000024.9	16079469	0.1
NC_000024.9	16081011	0.1
NC_000024.9	16082115	0.1
NC_000024.9	16083816	0.1
NC_000024.9	16084233	0.2
NC_000024.9	16084888	0.1
NC_000024.9	16086207	0.1
NC_000024.9	16087649	0.1
NC_000024.9	16095827	0.1
NC_000024.9	16096122	0.1
NC_000024.9	16096206	0.1
NC_000024.9	16131945	0.1818
NC_000024.9	16132308	0.3
NC_000024.9	16132486	0.1818
NC_000024.9	16170788	0.0833
NC_000024.9	16172191	0.0833
NC_000024.9	16173653	0.0833
NC_000024.9	16176668	0.0833
NC_000024.9	16176669	0.0833
NC_000024.9	16178042	0.0833
NC_000024.9	16179004	0.0833
NC_000024.9	16181147	0.0833
NC_000024.9	16184764	0.0833
NC_000024.9	16186948	0.0833
NC_000024.9	16190351	0.0833
NC_000024.9	16193088	0.0833
NC_000024.9	16193717	0.0833
NC_000024.9	16193729	0.0833
NC_000024.9	16198725	0.0833
NC_000024.9	16198737	0.1667
NC_000024.9	16200694	0.0833
NC_000024.9	16200761	0.0833
NC_000024.9	16201360	0.0833
NC_000024.9	16201372	0.0833
NC_000024.9	16202980	0.1667
NC_000024.9	16203354	0.0833
NC_000024.9	16203382	0.1667
NC_000024.9	16203547	0.0833
NC_000024.9	16205737	0.1667
NC_000024.9	16205795	0.0833
NC_000024.9	16206080	0.0833
NC_000024.9	16206314	0.0833
NC_000024.9	16207744	0.1667
NC_000024.9	16207834	0.1667
NC_000024.9	16208264	0.0833
NC_000024.9	16209412	0.0833
NC_000024.9	16212457	0.0833
NC_000024.9	16214875	0.0833
NC_000024.9	16216957	0.1667
NC_000024.9	16223181	0.0833
NC_000024.9	16226253	0.0833
NC_000024.9	16230262	0.0833
NC_000024.9	16239080	0.0833
NC_000024.9	16239359	0.0833
NC_000024.9	16239360	0.0833
NC_000024.9	16240061	0.0833
NC_000024.9	16240725	0.0833
NC_000024.9	16242316	0.0833
NC_000024.9	16242575	0.0833
NC_000024.9	16242588	0.0833
NC_000024.9	16242991	0.0833
NC_000024.9	16243116	0.0833
NC_000024.9	16244798	0.0909
NC_000024.9	16246059	0.1667
NC_000024.9	16249218	0.0833
NC_000024.9	16250518	0.0833
NC_000024.9	16250828	0.0833
NC_000024.9	16252670	0.0833
NC_000024.9	16253070	0.0833
NC_000024.9	16257110	0.0833
NC_000024.9	16261073	0.0833
NC_000024.9	16262390	0.0833
NC_000024.9	16263675	0.0833
NC_000024.9	16264274	0.1667
NC_000024.9	16265315	0.0833
NC_000024.9	16266888	0.0833
NC_000024.9	16270583	0.0833
NC_000024.9	16273067	0.1667
NC_000024.9	16273082	0.0833
NC_000024.9	16275407	0.0833
NC_000024.9	16276805	0.0833
NC_000024.9	16278550	0.0833
NC_000024.9	16280626	0.0833
NC_000024.9	16281806	0.0833
NC_000024.9	16283856	0.0833
NC_000024.9	16290728	0.0909
NC_000024.9	16291631	0.0909
NC_000024.9	16291753	0.0909
NC_000024.9	16292672	0.0909
NC_000024.9	16292866	0.0909
NC_000024.9	16293662	0.0909
NC_000024.9	16294038	0.1111
NC_000024.9	16295543	0.1667
NC_000024.9	16302343	0.0909
NC_000024.9	16302679	0.0909
NC_000024.9	16304004	0.1818
NC_000024.9	16307001	0.0909
NC_000024.9	16311589	0.1818
NC_000024.9	16311963	0.0909
NC_000024.9	16313785	0.0909
NC_000024.9	16314844	0.0909
NC_000024.9	16315111	0.0909
NC_000024.9	16315247	0.0909
NC_000024.9	16318463	0.0909
NC_000024.9	16324120	0.0909
NC_000024.9	16325213	0.0909
NC_000024.9	16325663	0.1818
NC_000024.9	16329093	0.0909
NC_000024.9	16329490	0.0909
NC_000024.9	16329998	0.0909
NC_000024.9	16332337	0.0909
NC_000024.9	16332538	0.0909
NC_000024.9	16332581	0.0909
NC_000024.9	16332962	0.0909
NC_000024.9	16335201	0.0909
NC_000024.9	16338537	0.0909
NC_000024.9	16340858	0.0909
NC_000024.9	16342124	0.0909
NC_000024.9	16344495	0.0909
NC_000024.9	16344528	0.0909
NC_000024.9	16344533	0.1818
NC_000024.9	16345540	0.0909
NC_000024.9	16346117	0.0909
NC_000024.9	16346371	0.0909
NC_000024.9	16346591	0.0909
NC_000024.9	16350427	0.0909
NC_000024.9	16359480	0.0909
NC_000024.9	16359574	0.1818
NC_000024.9	16363655	0.0909
NC_000024.9	16364107	0.1818
NC_000024.9	16364109	0.1818
NC_000024.9	16364111	0.3636
NC_000024.9	16364115	0.0909
NC_000024.9	16364192	0.0909
NC_000024.9	16364286	0.0909
NC_000024.9	16366350	0.0909
NC_000024.9	16368310	0.0909
NC_000024.9	16382815	0.0909
NC_000024.9	16384204	0.0909
NC_000024.9	16386804	0.0909
NC_000024.9	16387247	0.0909
NC_000024.9	16392111	0.0909
NC_000024.9	16392600	0.0909
NC_000024.9	16392856	0.0909
NC_000024.9	16395294	0.0909
NC_000024.9	16397253	0.0909
NC_000024.9	16397663	0.0909
NC_000024.9	16397801	0.0909
NC_000024.9	16400997	0.0909
NC_000024.9	16401339	0.1818
NC_000024.9	16402187	0.0909
NC_000024.9	16402351	0.0909
NC_000024.9	16402912	0.0909
NC_000024.9	16403627	0.2727
NC_000024.9	16405140	0.0909
NC_000024.9	16406535	0.0909
NC_000024.9	16408613	0.0909
NC_000024.9	16409159	0.0909
NC_000024.9	16410632	0.0909
NC_000024.9	16411617	0.0909
NC_000024.9	16413938	0.0909
NC_000024.9	16414051	0.0909
NC_000024.9	16417140	0.0909
NC_000024.9	16417897	0.0909
NC_000024.9	16418214	0.0909
NC_000024.9	16421639	0.0909
NC_000024.9	16424410	0.0909
NC_000024.9	16424535	0.0909
NC_000024.9	16425046	0.0909
NC_000024.9	16425819	0.0909
NC_000024.9	16427700	0.0909
NC_000024.9	16427717	0.1818
NC_000024.9	16427958	0.0909
NC_000024.9	16429036	0.1818
NC_000024.9	16429789	0.0909
NC_000024.9	16430957	0.0909
NC_000024.9	16432104	0.2727
NC_000024.9	16432182	0.0909
NC_000024.9	16437073	0.0909
NC_000024.9	16438533	0.0909
NC_000024.9	16439212	0.0909
NC_000024.9	16440674	0.0909
NC_000024.9	16441971	0.1111
NC_000024.9	16442194	0.0909
NC_000024.9	16445619	0.0909
NC_000024.9	16449255	0.1818
NC_000024.9	16449943	0.0909
NC_000024.9	16450159	0.0909
NC_000024.9	16453826	0.0909
NC_000024.9	16454755	0.0909
NC_000024.9	16454861	0.0909
NC_000024.9	16455820	0.0909
NC_000024.9	16461481	0.0909
NC_000024.9	16462338	0.0909
NC_000024.9	16464564	0.0909
NC_000024.9	16465183	0.0909
NC_000024.9	16465771	0.0909
NC_000024.9	16467111	0.1818
NC_000024.9	16468529	0.1667
NC_000024.9	16468785	0.0833
NC_000024.9	16471066	0.0833
NC_000024.9	16471766	0.0833
NC_000024.9	16473694	0.0833
NC_000024.9	16484019	0.0833
NC_000024.9	16484636	0.1667
NC_000024.9	16486339	0.0833
NC_000024.9	16486653	0.0833
NC_000024.9	16486712	0.0833
NC_000024.9	16490115	0.1667
NC_000024.9	16492030	0.0833
NC_000024.9	16492601	0.0833
NC_000024.9	16494390	0.0833
NC_000024.9	16494392	0.1667
NC_000024.9	16494394	0.25
NC_000024.9	16494398	0.0833
NC_000024.9	16494400	0.0833
NC_000024.9	16494598	0.0833
NC_000024.9	16500799	0.0833
NC_000024.9	16501221	0.0833
NC_000024.9	16502277	0.1667
NC_000024.9	16503655	0.0833
NC_000024.9	16506308	0.0833
NC_000024.9	16508155	0.0833
NC_000024.9	16510313	0.0833
NC_000024.9	16511248	0.1667
NC_000024.9	16511867	0.0833
NC_000024.9	16512593	0.0833
NC_000024.9	16514009	0.0833
NC_000024.9	16516550	0.0833
NC_000024.9	16518464	0.0833
NC_000024.9	16528014	0.0833
NC_000024.9	16528370	0.0833
NC_000024.9	16529275	0.0833
NC_000024.9	16531081	0.1667
NC_000024.9	16533246	0.1667
NC_000024.9	16533367	0.1667
NC_000024.9	16534024	0.0833
NC_000024.9	16536550	0.0833
NC_000024.9	16538095	0.1667
NC_000024.9	16538717	0.1667
NC_000024.9	16540803	0.0833
NC_000024.9	16542133	0.0833
NC_000024.9	16542464	0.0833
NC_000024.9	16542474	0.0833
NC_000024.9	16542862	0.0833
NC_000024.9	16544488	0.0833
NC_000024.9	16548723	0.0833
NC_000024.9	16549877	0.0833
NC_000024.9	16550700	0.0833
NC_000024.9	16550865	0.0833
NC_000024.9	16551160	0.0833
NC_000024.9	16556563	0.0833
NC_000024.9	16558884	0.0833
NC_000024.9	16559971	0.0833
NC_000024.9	16560089	0.0833
NC_000024.9	16560334	0.0833
NC_000024.9	16561390	0.0833
NC_000024.9	16565859	0.0833
NC_000024.9	16566193	0.0833
NC_000024.9	16567551	0.0833
NC_000024.9	16568196	0.0833
NC_000024.9	16568300	0.1667
NC_000024.9	16569132	0.0833
NC_000024.9	16570667	0.0833
NC_000024.9	16574489	0.0833
NC_000024.9	16574499	0.0833
NC_000024.9	16580277	0.0833
NC_000024.9	16583538	0.0833
NC_000024.9	16588289	0.0833
NC_000024.9	16590836	0.0833
NC_000024.9	16592099	0.0833
NC_000024.9	16594435	0.0833
NC_000024.9	16594891	0.0833
NC_000024.9	16595733	0.0833
NC_000024.9	16601038	0.0833
NC_000024.9	16601524	0.0833
NC_000024.9	16601632	0.1
NC_000024.9	16601634	0.0909
NC_000024.9	16601636	0.0833
NC_000024.9	16601638	0.1818
NC_000024.9	16601640	0.0833
NC_000024.9	16601642	0.0833
NC_000024.9	16601664	0.0833
NC_000024.9	16604397	0.0833
NC_000024.9	16605495	0.0833
NC_000024.9	16605627	0.0833
NC_000024.9	16608008	0.0833
NC_000024.9	16610251	0.0833
NC_000024.9	16620983	0.25
NC_000024.9	16621655	0.0833
NC_000024.9	16624183	0.1667
NC_000024.9	16624812	0.1667
NC_000024.9	16627724	0.0833
NC_000024.9	16627728	0.0833
NC_000024.9	16631677	0.0833
NC_000024.9	16635996	0.0833
NC_000024.9	16636022	0.0833
NC_000024.9	16641214	0.0833
NC_000024.9	16643274	0.0833
NC_000024.9	16644467	0.0833
NC_000024.9	16645202	0.0833
NC_000024.9	16647307	0.0833
NC_000024.9	16656685	0.0833
NC_000024.9	16657415	0.0833
NC_000024.9	16657580	0.0833
NC_000024.9	16660796	0.0833
NC_000024.9	16661107	0.0833
NC_000024.9	16661419	0.0833
NC_000024.9	16670327	0.0833
NC_000024.9	16673424	0.0833
NC_000024.9	16676762	0.1667
NC_000024.9	16679241	0.0833
NC_000024.9	16679325	0.0833
NC_000024.9	16679590	0.0833
NC_000024.9	16680601	0.0833
NC_000024.9	16682167	0.1667
NC_000024.9	16682850	0.1667
NC_000024.9	16683797	0.25
NC_000024.9	16683978	0.25
NC_000024.9	16684025	0.25
NC_000024.9	16684063	0.25
NC_000024.9	16684102	0.25
NC_000024.9	16684622	0.0833
NC_000024.9	16685739	0.0833
NC_000024.9	16686463	0.0833
NC_000024.9	16686965	0.0833
NC_000024.9	16688558	0.1667
NC_000024.9	16690313	0.0833
NC_000024.9	16690520	0.1667
NC_000024.9	16690780	0.0833
NC_000024.9	16692102	0.0833
NC_000024.9	16692115	0.0833
NC_000024.9	16692118	0.1818
NC_000024.9	16692412	0.0833
NC_000024.9	16692682	0.0833
NC_000024.9	16694398	0.0833
NC_000024.9	16698215	0.0833
NC_000024.9	16698481	0.0833
NC_000024.9	16699616	0.0833
NC_000024.9	16699835	0.0833
NC_000024.9	16700295	0.0833
NC_000024.9	16701082	0.0833
NC_000024.9	16701321	0.0833
NC_000024.9	16701618	0.0833
NC_000024.9	16702018	0.0833
NC_000024.9	16702039	0.25
NC_000024.9	16707631	0.0833
NC_000024.9	16708524	0.1667
NC_000024.9	16709778	0.0833
NC_000024.9	16709936	0.0833
NC_000024.9	16710277	0.1667
NC_000024.9	16710593	0.0833
NC_000024.9	16710595	0.0833
NC_000024.9	16711962	0.0833
NC_000024.9	16714685	0.0833
NC_000024.9	16715315	0.0833
NC_000024.9	16717870	0.0833
NC_000024.9	16720575	0.0833
NC_000024.9	16723271	0.1667
NC_000024.9	16723439	0.1667
NC_000024.9	16726281	0.0833
NC_000024.9	16731665	0.0833
NC_000024.9	16732473	0.0833
NC_000024.9	16733786	0.0833
NC_000024.9	16735077	0.0833
NC_000024.9	16735919	0.0833
NC_000024.9	16737392	0.0833
NC_000024.9	16743507	0.0833
NC_000024.9	16747442	0.1667
NC_000024.9	16747530	0.0833
NC_000024.9	16750855	0.0833
NC_000024.9	16751001	0.25
NC_000024.9	16751504	0.1667
NC_000024.9	16753623	0.1667
NC_000024.9	16756253	0.1667
NC_000024.9	16756447	0.0833
NC_000024.9	16757900	0.1667
NC_000024.9	16758853	0.1667
NC_000024.9	16759171	0.0833
NC_000024.9	16759380	0.0833
NC_000024.9	16760917	0.0833
NC_000024.9	16762451	0.0833
NC_000024.9	16763208	0.0833
NC_000024.9	16765416	0.25
NC_000024.9	16766467	0.0833
NC_000024.9	16767433	0.0833
NC_000024.9	16768835	0.0833
NC_000024.9	16768851	0.0833
NC_000024.9	16768929	0.0833
NC_000024.9	16769571	0.0833
NC_000024.9	16769850	0.0833
NC_000024.9	16770207	0.0833
NC_000024.9	16773792	0.0909
NC_000024.9	16774597	0.0909
NC_000024.9	16777011	0.0909
NC_000024.9	16779295	0.1818
NC_000024.9	16779462	0.0909
NC_000024.9	16779682	0.0909
NC_000024.9	16780648	0.0909
NC_000024.9	16780809	0.0909
NC_000024.9	16781801	0.0909
NC_000024.9	16783130	0.0909
NC_000024.9	16784896	0.0909
NC_000024.9	16784994	0.0909
NC_000024.9	16785062	0.0909
NC_000024.9	16791856	0.0909
NC_000024.9	16799508	0.0909
NC_000024.9	16808769	0.1818
NC_000024.9	16808859	0.0909
NC_000024.9	16809305	0.0909
NC_000024.9	16811306	0.0909
NC_000024.9	16814169	0.0833
NC_000024.9	16814852	0.0833
NC_000024.9	16815633	0.0833
NC_000024.9	16816310	0.1667
NC_000024.9	16816601	0.0833
NC_000024.9	16817435	0.0833
NC_000024.9	16817508	0.0833
NC_000024.9	16818681	0.0833
NC_000024.9	16818683	0.0833
NC_000024.9	16822011	0.1667
NC_000024.9	16823286	0.0833
NC_000024.9	16824270	0.1667
NC_000024.9	16824727	0.0833
NC_000024.9	16825956	0.0833
NC_000024.9	16827585	0.0833
NC_000024.9	16828515	0.0833
NC_000024.9	16831139	0.0833
NC_000024.9	16832500	0.0833
NC_000024.9	16833690	0.1667
NC_000024.9	16837626	0.0833
NC_000024.9	16838527	0.0833
NC_000024.9	16839641	0.0833
NC_000024.9	16842077	0.0833
NC_000024.9	16844116	0.0833
NC_000024.9	16845530	0.1667
NC_000024.9	16846439	0.0833
NC_000024.9	16847125	0.0833
NC_000024.9	16852406	0.0833
NC_000024.9	16853713	0.0833
NC_000024.9	16854801	0.0833
NC_000024.9	16856436	0.0833
NC_000024.9	16856830	0.0833
NC_000024.9	16856871	0.0833
NC_000024.9	16860778	0.1667
NC_000024.9	16860788	0.25
NC_000024.9	16863259	0.0833
NC_000024.9	16863918	0.0833
NC_000024.9	16864097	0.0833
NC_000024.9	16865757	0.0833
NC_000024.9	16866708	0.0833
NC_000024.9	16867619	0.0833
NC_000024.9	16867682	0.0833
NC_000024.9	16869030	0.0833
NC_000024.9	16870029	0.0833
NC_000024.9	16870060	0.0833
NC_000024.9	16871170	0.0833
NC_000024.9	16871809	0.0833
NC_000024.9	16874320	0.0833
NC_000024.9	16877090	0.0833
NC_000024.9	16880603	0.0833
NC_000024.9	16881142	0.0833
NC_000024.9	16885809	0.0833
NC_000024.9	16886461	0.0833
NC_000024.9	16887063	0.0833
NC_000024.9	16887784	0.1667
NC_000024.9	16891363	0.0833
NC_000024.9	16894685	0.0833
NC_000024.9	16896357	0.0833
NC_000024.9	16896674	0.0833
NC_000024.9	16897618	0.0833
NC_000024.9	16900247	0.0833
NC_000024.9	16906683	0.0833
NC_000024.9	16907088	0.0833
NC_000024.9	16908886	0.0833
NC_000024.9	16912088	0.0833
NC_000024.9	16912464	0.25
NC_000024.9	16912723	0.0833
NC_000024.9	16913442	0.0833
NC_000024.9	16913677	0.0833
NC_000024.9	16916422	0.1667
NC_000024.9	16919784	0.0833
NC_000024.9	16925159	0.0833
NC_000024.9	16927826	0.0833
NC_000024.9	16928745	0.0833
NC_000024.9	16928919	0.1667
NC_000024.9	16932181	0.0833
NC_000024.9	16933354	0.0833
NC_000024.9	16937061	0.0833
NC_000024.9	16938023	0.0833
NC_000024.9	16939816	0.0833
NC_000024.9	16940771	0.0833
NC_000024.9	16942411	0.1667
NC_000024.9	16942645	0.0833
NC_000024.9	16945873	0.0833
NC_000024.9	16946901	0.0833
NC_000024.9	16948834	0.1667
NC_000024.9	16951410	0.0833
NC_000024.9	16952137	0.0833
NC_000024.9	16959482	0.0833
NC_000024.9	16959883	0.0833
NC_000024.9	16960786	0.0833
NC_000024.9	16961033	0.0833
NC_000024.9	16964128	0.1667
NC_000024.9	16964896	0.0833
NC_000024.9	16965889	0.0833
NC_000024.9	16967386	0.0833
NC_000024.9	16968177	0.1667
NC_000024.9	16969553	0.0833
NC_000024.9	16969641	0.0833
NC_000024.9	16969699	0.0833
NC_000024.9	16974190	0.0833
NC_000024.9	16975302	0.1667
NC_000024.9	16975526	0.0833
NC_000024.9	16976026	0.0833
NC_000024.9	16976621	0.0833
NC_000024.9	16977999	0.0833
NC_000024.9	16978870	0.1667
NC_000024.9	16983359	0.0833
NC_000024.9	16984364	0.1667
NC_000024.9	16985450	0.0833
NC_000024.9	16988034	0.0833
NC_000024.9	16988035	0.0833
NC_000024.9	16988506	0.0833
NC_000024.9	16988707	0.1667
NC_000024.9	16990093	0.0833
NC_000024.9	16992983	0.1667
NC_000024.9	16993879	0.0833
NC_000024.9	16994266	0.0833
NC_000024.9	16994286	0.0833
NC_000024.9	16994673	0.0833
NC_000024.9	16994716	0.0833
NC_000024.9	16995559	0.0833
NC_000024.9	16999124	0.0833
NC_000024.9	16999354	0.1667
NC_000024.9	16999825	0.0833
NC_000024.9	17000038	0.0833
NC_000024.9	17000921	0.1667
NC_000024.9	17003761	0.0833
NC_000024.9	17006278	0.0833
NC_000024.9	17009772	0.0833
NC_000024.9	17010813	0.0833
NC_000024.9	17010939	0.0833
NC_000024.9	17011456	0.0833
NC_000024.9	17014229	0.0833
NC_000024.9	17014544	0.0833
NC_000024.9	17018237	0.0833
NC_000024.9	17019059	0.1667
NC_000024.9	17020110	0.0833
NC_000024.9	17022431	0.0833
NC_000024.9	17024778	0.0833
NC_000024.9	17028173	0.1818
NC_000024.9	17028360	0.1818
NC_000024.9	17029126	0.0909
NC_000024.9	17034923	0.0909
NC_000024.9	17034941	0.0909
NC_000024.9	17035168	0.0909
NC_000024.9	17035250	0.0909
NC_000024.9	17035404	0.0909
NC_000024.9	17035436	0.1818
NC_000024.9	17035472	0.0909
NC_000024.9	17035604	0.0909
NC_000024.9	17035649	0.0909
NC_000024.9	17035681	0.0909
NC_000024.9	17035685	0.0909
NC_000024.9	17035705	0.0909
NC_000024.9	17035710	0.0909
NC_000024.9	17035719	0.0909
NC_000024.9	17035734	0.0909
NC_000024.9	17035736	0.0909
NC_000024.9	17035753	0.0909
NC_000024.9	17035804	0.0909
NC_000024.9	17035808	0.0909
NC_000024.9	17035822	0.0909
NC_000024.9	17035845	0.0909
NC_000024.9	17035862	0.0909
NC_000024.9	17035863	0.0909
NC_000024.9	17035873	0.0909
NC_000024.9	17035878	0.0909
NC_000024.9	17035884	0.0909
NC_000024.9	17035885	0.0909
NC_000024.9	17035893	0.0909
NC_000024.9	17035922	0.0909
NC_000024.9	17035970	0.1818
NC_000024.9	17035978	0.0909
NC_000024.9	17036754	0.1818
NC_000024.9	17037979	0.0909
NC_000024.9	17038130	0.0909
NC_000024.9	17039032	0.0909
NC_000024.9	17039142	0.0909
NC_000024.9	17039196	0.0909
NC_000024.9	17039200	0.0909
NC_000024.9	17041558	0.0909
NC_000024.9	17044927	0.0909
NC_000024.9	17047683	0.0909
NC_000024.9	17048470	0.0909
NC_000024.9	17048631	0.1818
NC_000024.9	17049317	0.0909
NC_000024.9	17051711	0.0909
NC_000024.9	17054132	0.0909
NC_000024.9	17054892	0.0909
NC_000024.9	17054913	0.0909
NC_000024.9	17054915	0.1818
NC_000024.9	17054932	0.0909
NC_000024.9	17054936	0.1818
NC_000024.9	17055285	0.0909
NC_000024.9	17063750	0.2
NC_000024.9	17064688	0.0909
NC_000024.9	17065753	0.0909
NC_000024.9	17065808	0.0909
NC_000024.9	17065997	0.0909
NC_000024.9	17068819	0.0909
NC_000024.9	17071346	0.0909
NC_000024.9	17075816	0.1818
NC_000024.9	17077753	0.0909
NC_000024.9	17081250	0.0909
NC_000024.9	17081258	0.0909
NC_000024.9	17081272	0.0909
NC_000024.9	17081276	0.0909
NC_000024.9	17081288	0.3636
NC_000024.9	17081289	0.1818
NC_000024.9	17081290	0.0909
NC_000024.9	17081292	0.1818
NC_000024.9	17081296	0.0909
NC_000024.9	17081310	0.0909
NC_000024.9	17081312	0.1818
NC_000024.9	17083125	0.0909
NC_000024.9	17083713	0.1818
NC_000024.9	17084066	0.0909
NC_000024.9	17084640	0.1818
NC_000024.9	17085555	0.0909
NC_000024.9	17087037	0.2
NC_000024.9	17092499	0.1
NC_000024.9	17096758	0.1
NC_000024.9	17097312	0.1
NC_000024.9	17097669	0.1
NC_000024.9	17099067	0.1
NC_000024.9	17100606	0.1
NC_000024.9	17101173	0.1
NC_000024.9	17101559	0.1
NC_000024.9	17101604	0.1
NC_000024.9	17102467	0.1
NC_000024.9	17103702	0.1
NC_000024.9	17103704	0.1
NC_000024.9	17103836	0.1
NC_000024.9	17104433	0.1
NC_000024.9	17106308	0.1
NC_000024.9	17108534	0.1
NC_000024.9	17110339	0.1
NC_000024.9	17110614	0.1
NC_000024.9	17112900	0.1
NC_000024.9	17114434	0.1
NC_000024.9	17115155	0.1
NC_000024.9	17115298	0.1
NC_000024.9	17118870	0.1
NC_000024.9	17119601	0.1
NC_000024.9	17121032	0.1
NC_000024.9	17122252	0.0909
NC_000024.9	17123088	0.0909
NC_000024.9	17126999	0.0909
NC_000024.9	17127089	0.0909
NC_000024.9	17127574	0.0909
NC_000024.9	17128531	0.0909
NC_000024.9	17129138	0.0909
NC_000024.9	17130125	0.0909
NC_000024.9	17132624	0.0909
NC_000024.9	17132946	0.0909
NC_000024.9	17135924	0.0909
NC_000024.9	17138251	0.0909
NC_000024.9	17138349	0.0909
NC_000024.9	17140219	0.0909
NC_000024.9	17140751	0.0909
NC_000024.9	17142068	0.0909
NC_000024.9	17143891	0.1111
NC_000024.9	17144649	0.0909
NC_000024.9	17147159	0.0909
NC_000024.9	17148848	0.0909
NC_000024.9	17151394	0.0909
NC_000024.9	17152659	0.0909
NC_000024.9	17159357	0.0833
NC_000024.9	17163030	0.0909
NC_000024.9	17163674	0.0909
NC_000024.9	17165749	0.0909
NC_000024.9	17166781	0.0909
NC_000024.9	17174326	0.0833
NC_000024.9	17175773	0.0833
NC_000024.9	17176719	0.0833
NC_000024.9	17176797	0.0833
NC_000024.9	17178098	0.0833
NC_000024.9	17178398	0.0833
NC_000024.9	17178445	0.0833
NC_000024.9	17179160	0.0833
NC_000024.9	17179735	0.0833
NC_000024.9	17186912	0.1
NC_000024.9	17187650	0.2
NC_000024.9	17190082	0.1
NC_000024.9	17192238	0.1818
NC_000024.9	17192307	0.0909
NC_000024.9	17192592	0.0909
NC_000024.9	17192869	0.0909
NC_000024.9	17193299	0.0909
NC_000024.9	17193315	0.0909
NC_000024.9	17193400	0.0909
NC_000024.9	17196748	0.1818
NC_000024.9	17196749	0.2727
NC_000024.9	17198461	0.1
NC_000024.9	17201491	0.0909
NC_000024.9	17201821	0.0909
NC_000024.9	17202886	0.0909
NC_000024.9	17203125	0.0909
NC_000024.9	17203340	0.0909
NC_000024.9	17209379	0.0909
NC_000024.9	17209720	0.0909
NC_000024.9	17209844	0.0909
NC_000024.9	17209845	0.0909
NC_000024.9	17211864	0.0909
NC_000024.9	17213141	0.0909
NC_000024.9	17216441	0.1818
NC_000024.9	17217652	0.0909
NC_000024.9	17217972	0.0909
NC_000024.9	17218295	0.0909
NC_000024.9	17218300	0.1818
NC_000024.9	17220383	0.0909
NC_000024.9	17221026	0.1
NC_000024.9	17223070	0.1
NC_000024.9	17224435	0.1
NC_000024.9	17225713	0.1
NC_000024.9	17226208	0.0909
NC_000024.9	17226229	0.0909
NC_000024.9	17226704	0.1818
NC_000024.9	17226779	0.0909
NC_000024.9	17226879	0.0909
NC_000024.9	17229713	0.0909
NC_000024.9	17230585	0.0909
NC_000024.9	17231636	0.0909
NC_000024.9	17233680	0.0909
NC_000024.9	17234877	0.0909
NC_000024.9	17237170	0.0909
NC_000024.9	17238058	0.1818
NC_000024.9	17238798	0.0909
NC_000024.9	17240607	0.1818
NC_000024.9	17243503	0.0909
NC_000024.9	17244529	0.0909
NC_000024.9	17244639	0.0909
NC_000024.9	17245187	0.0909
NC_000024.9	17246175	0.1818
NC_000024.9	17248586	0.0909
NC_000024.9	17249341	0.0909
NC_000024.9	17255471	0.0909
NC_000024.9	17256018	0.0909
NC_000024.9	17256980	0.1818
NC_000024.9	17257328	0.0909
NC_000024.9	17259443	0.1
NC_000024.9	17261013	0.1
NC_000024.9	17261196	0.1
NC_000024.9	17262837	0.1
NC_000024.9	17263071	0.2
NC_000024.9	17263665	0.1
NC_000024.9	17264635	0.1
NC_000024.9	17266274	0.1
NC_000024.9	17266606	0.1
NC_000024.9	17266625	0.1
NC_000024.9	17266951	0.1
NC_000024.9	17268266	0.1
NC_000024.9	17269532	0.1
NC_000024.9	17270774	0.1
NC_000024.9	17270785	0.1
NC_000024.9	17270957	0.2
NC_000024.9	17272038	0.1
NC_000024.9	17272626	0.1
NC_000024.9	17275011	0.2
NC_000024.9	17280752	0.1
NC_000024.9	17281258	0.5
NC_000024.9	17284081	0.1
NC_000024.9	17286006	0.1
NC_000024.9	17287394	0.1
NC_000024.9	17287913	0.1
NC_000024.9	17288465	0.1
NC_000024.9	17288469	0.1
NC_000024.9	17289184	0.1
NC_000024.9	17291351	0.0909
NC_000024.9	17292354	0.0909
NC_000024.9	17292503	0.0909
NC_000024.9	17293768	0.0909
NC_000024.9	17294914	0.0909
NC_000024.9	17296275	0.0909
NC_000024.9	17298439	0.0909
NC_000024.9	17299921	0.1
NC_000024.9	17300616	0.1818
NC_000024.9	17300728	0.0909
NC_000024.9	17300742	0.0909
NC_000024.9	17300774	0.1818
NC_000024.9	17301733	0.1818
NC_000024.9	17301834	0.0909
NC_000024.9	17304483	0.0909
NC_000024.9	17304960	0.1818
NC_000024.9	17307101	0.1
NC_000024.9	17309966	0.1
NC_000024.9	17310139	0.2
NC_000024.9	17310846	0.1
NC_000024.9	17311975	0.1818
NC_000024.9	17314682	0.0909
NC_000024.9	17315690	0.0909
NC_000024.9	17319884	0.0909
NC_000024.9	17319949	0.1818
NC_000024.9	17319971	0.0909
NC_000024.9	17322135	0.2727
NC_000024.9	17324151	0.0909
NC_000024.9	17325559	0.1818
NC_000024.9	17325752	0.0909
NC_000024.9	17327729	0.1818
NC_000024.9	17328425	0.0909
NC_000024.9	17330730	0.0909
NC_000024.9	17338465	0.2727
NC_000024.9	17339311	0.1818
NC_000024.9	17341195	0.0909
NC_000024.9	17342568	0.0909
NC_000024.9	17345432	0.0909
NC_000024.9	17347859	0.0909
NC_000024.9	17350617	0.0909
NC_000024.9	17353147	0.0909
NC_000024.9	17354066	0.2
NC_000024.9	17355660	0.1818
NC_000024.9	17363410	0.0909
NC_000024.9	17363788	0.0909
NC_000024.9	17366249	0.0909
NC_000024.9	17366257	0.0909
NC_000024.9	17367377	0.0909
NC_000024.9	17368606	0.0909
NC_000024.9	17370345	0.0909
NC_000024.9	17371903	0.1818
NC_000024.9	17372321	0.0909
NC_000024.9	17374429	0.0909
NC_000024.9	17375720	0.0909
NC_000024.9	17377024	0.0909
NC_000024.9	17377744	0.0909
NC_000024.9	17379868	0.1818
NC_000024.9	17381069	0.0909
NC_000024.9	17384819	0.0909
NC_000024.9	17384938	0.0909
NC_000024.9	17387296	0.1818
NC_000024.9	17388557	0.0909
NC_000024.9	17388578	0.0909
NC_000024.9	17389053	0.0909
NC_000024.9	17393971	0.1818
NC_000024.9	17394111	0.0909
NC_000024.9	17398598	0.1818
NC_000024.9	17400319	0.2727
NC_000024.9	17400710	0.0909
NC_000024.9	17401403	0.0909
NC_000024.9	17402303	0.0909
NC_000024.9	17403736	0.0909
NC_000024.9	17405809	0.0909
NC_000024.9	17407350	0.0909
NC_000024.9	17407648	0.0909
NC_000024.9	17408569	0.0909
NC_000024.9	17408622	0.0909
NC_000024.9	17411192	0.0909
NC_000024.9	17411874	0.0909
NC_000024.9	17412198	0.0909
NC_000024.9	17413485	0.0909
NC_000024.9	17413500	0.0909
NC_000024.9	17413705	0.0909
NC_000024.9	17416212	0.0909
NC_000024.9	17417958	0.0909
NC_000024.9	17420017	0.0909
NC_000024.9	17420225	0.0909
NC_000024.9	17421212	0.1818
NC_000024.9	17428960	0.0909
NC_000024.9	17429515	0.0909
NC_000024.9	17431387	0.0909
NC_000024.9	17431787	0.0909
NC_000024.9	17432400	0.0909
NC_000024.9	17435559	0.0909
NC_000024.9	17435615	0.0909
NC_000024.9	17435777	0.0909
NC_000024.9	17440464	0.0909
NC_000024.9	17441215	0.0909
NC_000024.9	17441673	0.0909
NC_000024.9	17441986	0.0909
NC_000024.9	17443989	0.0909
NC_000024.9	17446167	0.0909
NC_000024.9	17449285	0.0909
NC_000024.9	17449959	0.0909
NC_000024.9	17451127	0.0909
NC_000024.9	17453188	0.0909
NC_000024.9	17453348	0.1818
NC_000024.9	17453361	0.0909
NC_000024.9	17455047	0.0909
NC_000024.9	17455478	0.0909
NC_000024.9	17456634	0.0909
NC_000024.9	17457010	0.0909
NC_000024.9	17458734	0.0909
NC_000024.9	17458857	0.0909
NC_000024.9	17462590	0.0909
NC_000024.9	17463247	0.0909
NC_000024.9	17464197	0.1818
NC_000024.9	17464199	0.0909
NC_000024.9	17464786	0.0909
NC_000024.9	17471207	0.0909
NC_000024.9	17471620	0.1818
NC_000024.9	17471820	0.0909
NC_000024.9	17472424	0.1818
NC_000024.9	17473663	0.0909
NC_000024.9	17474122	0.0909
NC_000024.9	17474945	0.0909
NC_000024.9	17478208	0.0909
NC_000024.9	17481903	0.0909
NC_000024.9	17483730	0.0909
NC_000024.9	17485537	0.0909
NC_000024.9	17488995	0.0909
NC_000024.9	17491543	0.0909
NC_000024.9	17491662	0.0909
NC_000024.9	17492281	0.0909
NC_000024.9	17493513	0.0909
NC_000024.9	17495045	0.1818
NC_000024.9	17495224	0.0909
NC_000024.9	17497521	0.0909
NC_000024.9	17498828	0.0909
NC_000024.9	17501401	0.1818
NC_000024.9	17502617	0.0909
NC_000024.9	17504731	0.0909
NC_000024.9	17505622	0.0909
NC_000024.9	17506038	0.0909
NC_000024.9	17506867	0.0909
NC_000024.9	17508142	0.0909
NC_000024.9	17509176	0.0909
NC_000024.9	17510373	0.0909
NC_000024.9	17511533	0.0909
NC_000024.9	17511829	0.0909
NC_000024.9	17514700	0.1818
NC_000024.9	17515027	0.1818
NC_000024.9	17515601	0.0909
NC_000024.9	17516094	0.0909
NC_000024.9	17517587	0.1818
NC_000024.9	17518563	0.0909
NC_000024.9	17518730	0.0909
NC_000024.9	17519723	0.0909
NC_000024.9	17519834	0.0909
NC_000024.9	17520598	0.0909
NC_000024.9	17521169	0.0909
NC_000024.9	17522348	0.0909
NC_000024.9	17522375	0.0909
NC_000024.9	17523528	0.0909
NC_000024.9	17525078	0.0909
NC_000024.9	17527354	0.1818
NC_000024.9	17527438	0.0909
NC_000024.9	17531621	0.0909
NC_000024.9	17533255	0.0909
NC_000024.9	17534376	0.0909
NC_000024.9	17534389	0.2727
NC_000024.9	17535140	0.0909
NC_000024.9	17536832	0.0909
NC_000024.9	17540729	0.0909
NC_000024.9	17540859	0.0909
NC_000024.9	17542233	0.0909
NC_000024.9	17542498	0.0909
NC_000024.9	17545978	0.0909
NC_000024.9	17549522	0.0909
NC_000024.9	17549523	0.0909
NC_000024.9	17549820	0.0909
NC_000024.9	17550447	0.0909
NC_000024.9	17551116	0.0909
NC_000024.9	17551455	0.0909
NC_000024.9	17567396	0.0909
NC_000024.9	17568812	0.1
NC_000024.9	17569529	0.1
NC_000024.9	17570146	0.1
NC_000024.9	17571812	0.1
NC_000024.9	17572991	0.2
NC_000024.9	17581184	0.1
NC_000024.9	17581948	0.1
NC_000024.9	17582699	0.1
NC_000024.9	17582916	0.1
NC_000024.9	17587412	0.1
NC_000024.9	17588750	0.1
NC_000024.9	17589298	0.1
NC_000024.9	17589395	0.1
NC_000024.9	17591619	0.1
NC_000024.9	17592490	0.1
NC_000024.9	17597158	0.1
NC_000024.9	17598136	0.1
NC_000024.9	17599102	0.1
NC_000024.9	17602994	0.1
NC_000024.9	17610631	0.1
NC_000024.9	17612676	0.2
NC_000024.9	17613574	0.1
NC_000024.9	17614632	0.1
NC_000024.9	17619976	0.1
NC_000024.9	17620657	0.1
NC_000024.9	17622755	0.2
NC_000024.9	17622756	0.2
NC_000024.9	17622855	0.1
NC_000024.9	17623113	0.1
NC_000024.9	17623760	0.1
NC_000024.9	17625320	0.1
NC_000024.9	17626970	0.1
NC_000024.9	17627484	0.1
NC_000024.9	17627523	0.1
NC_000024.9	17628156	0.1
NC_000024.9	17628664	0.1
NC_000024.9	17629712	0.1
NC_000024.9	17630000	0.1
NC_000024.9	17630903	0.1
NC_000024.9	17631550	0.1
NC_000024.9	17632471	0.1
NC_000024.9	17639265	0.1
NC_000024.9	17639829	0.1
NC_000024.9	17642965	0.1
NC_000024.9	17643584	0.2
NC_000024.9	17643607	0.1
NC_000024.9	17645307	0.1
NC_000024.9	17645335	0.1
NC_000024.9	17648352	0.1
NC_000024.9	17649424	0.1
NC_000024.9	17650717	0.1
NC_000024.9	17654092	0.1
NC_000024.9	17655641	0.1
NC_000024.9	17655837	0.1
NC_000024.9	17656884	0.1
NC_000024.9	17659832	0.1
NC_000024.9	17663118	0.1
NC_000024.9	17663590	0.1
NC_000024.9	17665475	0.1
NC_000024.9	17665849	0.1
NC_000024.9	17669128	0.1
NC_000024.9	17670046	0.1
NC_000024.9	17670179	0.1
NC_000024.9	17670193	0.1
NC_000024.9	17674985	0.1
NC_000024.9	17676233	0.1
NC_000024.9	17676845	0.1
NC_000024.9	17677323	0.1
NC_000024.9	17678257	0.1
NC_000024.9	17679006	0.1
NC_000024.9	17681356	0.1818
NC_000024.9	17682132	0.0909
NC_000024.9	17683906	0.0909
NC_000024.9	17684717	0.0909
NC_000024.9	17686886	0.0909
NC_000024.9	17687548	0.0909
NC_000024.9	17689245	0.0909
NC_000024.9	17691229	0.0909
NC_000024.9	17691277	0.0909
NC_000024.9	17692234	0.0909
NC_000024.9	17692832	0.0909
NC_000024.9	17692975	0.0909
NC_000024.9	17693834	0.1
NC_000024.9	17697847	0.0909
NC_000024.9	17698816	0.0909
NC_000024.9	17699393	0.1818
NC_000024.9	17702701	0.0909
NC_000024.9	17703282	0.1818
NC_000024.9	17705987	0.0909
NC_000024.9	17708828	0.0909
NC_000024.9	17708877	0.0909
NC_000024.9	17710924	0.1818
NC_000024.9	17712208	0.0909
NC_000024.9	17716223	0.1818
NC_000024.9	17718432	0.1818
NC_000024.9	17719340	0.0909
NC_000024.9	17721132	0.0909
NC_000024.9	17721907	0.0909
NC_000024.9	17723403	0.0909
NC_000024.9	17725343	0.1818
NC_000024.9	17726102	0.0909
NC_000024.9	17726474	0.0909
NC_000024.9	17726606	0.0909
NC_000024.9	17726918	0.0909
NC_000024.9	17728330	0.0909
NC_000024.9	17728727	0.0909
NC_000024.9	17732039	0.0909
NC_000024.9	17732361	0.0909
NC_000024.9	17732587	0.0909
NC_000024.9	17733547	0.0909
NC_000024.9	17733625	0.0909
NC_000024.9	17734077	0.0909
NC_000024.9	17736322	0.0909
NC_000024.9	17737313	0.0909
NC_000024.9	17742131	0.0909
NC_000024.9	17746069	0.0909
NC_000024.9	17747198	0.1818
NC_000024.9	17748163	0.0909
NC_000024.9	17749464	0.0909
NC_000024.9	17750457	0.0909
NC_000024.9	17750472	0.0909
NC_000024.9	17751557	0.0909
NC_000024.9	17752482	0.0909
NC_000024.9	17753650	0.0909
NC_000024.9	17753780	0.0909
NC_000024.9	17753892	0.0909
NC_000024.9	17758018	0.1818
NC_000024.9	17758206	0.0909
NC_000024.9	17758428	0.0909
NC_000024.9	17759959	0.0909
NC_000024.9	17760560	0.0909
NC_000024.9	17760741	0.0909
NC_000024.9	17761893	0.0909
NC_000024.9	17762668	0.0909
NC_000024.9	17764235	0.0909
NC_000024.9	17765245	0.1818
NC_000024.9	17767976	0.2727
NC_000024.9	17770379	0.1818
NC_000024.9	17773908	0.0909
NC_000024.9	17774222	0.0909
NC_000024.9	17776585	0.0909
NC_000024.9	17776656	0.0909
NC_000024.9	17780707	0.0909
NC_000024.9	17781687	0.0909
NC_000024.9	17784325	0.0909
NC_000024.9	17786336	0.0909
NC_000024.9	17788502	0.0909
NC_000024.9	17789031	0.0909
NC_000024.9	17789082	0.0909
NC_000024.9	17790143	0.0909
NC_000024.9	17793458	0.0909
NC_000024.9	17793914	0.0909
NC_000024.9	17794234	0.1818
NC_000024.9	17794236	0.1818
NC_000024.9	17794237	0.0909
NC_000024.9	17794254	0.1818
NC_000024.9	17794256	0.0909
NC_000024.9	17794258	0.0909
NC_000024.9	17794713	0.0909
NC_000024.9	17794747	0.0909
NC_000024.9	17796093	0.0909
NC_000024.9	17800868	0.0909
NC_000024.9	17803021	0.0909
NC_000024.9	17803577	0.0909
NC_000024.9	17803995	0.0909
NC_000024.9	17805243	0.0909
NC_000024.9	17805895	0.0909
NC_000024.9	17808832	0.0909
NC_000024.9	17810050	0.0909
NC_000024.9	17810347	0.0909
NC_000024.9	17811024	0.0909
NC_000024.9	17811603	0.0909
NC_000024.9	17813114	0.0909
NC_000024.9	17814087	0.0909
NC_000024.9	17815544	0.0909
NC_000024.9	17816008	0.0909
NC_000024.9	17817111	0.0909
NC_000024.9	17818754	0.0909
NC_000024.9	17819969	0.0833
NC_000024.9	17820514	0.0833
NC_000024.9	17820762	0.0833
NC_000024.9	17830111	0.0833
NC_000024.9	17830115	0.1667
NC_000024.9	17831207	0.0909
NC_000024.9	17831795	0.0833
NC_000024.9	17832176	0.1667
NC_000024.9	17832657	0.1667
NC_000024.9	17833394	0.0833
NC_000024.9	17834771	0.0909
NC_000024.9	17835095	0.0909
NC_000024.9	17835276	0.0909
NC_000024.9	17835739	0.0909
NC_000024.9	17835751	0.0909
NC_000024.9	17835894	0.0909
NC_000024.9	17836368	0.0909
NC_000024.9	17836470	0.1818
NC_000024.9	17836476	0.0909
NC_000024.9	17836478	0.0909
NC_000024.9	17836623	0.0909
NC_000024.9	17838701	0.0909
NC_000024.9	17839771	0.0909
NC_000024.9	17839884	0.0909
NC_000024.9	17840394	0.0833
NC_000024.9	17840849	0.0833
NC_000024.9	17844579	0.0833
NC_000024.9	17846754	0.1667
NC_000024.9	17848948	0.0833
NC_000024.9	17850180	0.25
NC_000024.9	17850350	0.0833
NC_000024.9	17850952	0.0833
NC_000024.9	17851862	0.0833
NC_000024.9	17851988	0.0833
NC_000024.9	17853378	0.0909
NC_000024.9	17854551	0.0909
NC_000024.9	17855267	0.0909
NC_000024.9	17855405	0.0909
NC_000024.9	17856582	0.0909
NC_000024.9	17857489	0.0833
NC_000024.9	17857717	0.0833
NC_000024.9	17858228	0.0833
NC_000024.9	17861076	0.0833
NC_000024.9	17861474	0.0833
NC_000024.9	17861975	0.25
NC_000024.9	17862195	0.0833
NC_000024.9	17864700	0.0833
NC_000024.9	17864947	0.25
NC_000024.9	17865060	0.0833
NC_000024.9	17866469	0.0833
NC_000024.9	17867791	0.0909
NC_000024.9	17870591	0.0909
NC_000024.9	17871703	0.0909
NC_000024.9	17872078	0.0909
NC_000024.9	17872702	0.0909
NC_000024.9	17873996	0.0909
NC_000024.9	17876081	0.0909
NC_000024.9	17876508	0.0909
NC_000024.9	17879482	0.0909
NC_000024.9	17880656	0.0909
NC_000024.9	17881797	0.0909
NC_000024.9	17882893	0.125
NC_000024.9	17885553	0.0833
NC_000024.9	17886479	0.0833
NC_000024.9	17888130	0.0833
NC_000024.9	17892508	0.0833
NC_000024.9	17893151	0.0833
NC_000024.9	17894256	0.0833
NC_000024.9	17894575	0.25
NC_000024.9	17895302	0.0833
NC_000024.9	17897543	0.0833
NC_000024.9	17899097	0.0833
NC_000024.9	17899805	0.0833
NC_000024.9	17900181	0.0833
NC_000024.9	17901415	0.0833
NC_000024.9	17903900	0.0833
NC_000024.9	17905093	0.0833
NC_000024.9	17907131	0.0833
NC_000024.9	17909260	0.0833
NC_000024.9	17909505	0.0833
NC_000024.9	17909881	0.0833
NC_000024.9	17915676	0.0833
NC_000024.9	17917509	0.0833
NC_000024.9	17917899	0.1667
NC_000024.9	17918598	0.0833
NC_000024.9	17918711	0.25
NC_000024.9	17919115	0.0833
NC_000024.9	17919129	0.0833
NC_000024.9	17919995	0.0833
NC_000024.9	17920486	0.0833
NC_000024.9	17920873	0.1667
NC_000024.9	17921798	0.0833
NC_000024.9	17924625	0.0833
NC_000024.9	17925378	0.1667
NC_000024.9	17929092	0.0833
NC_000024.9	17930177	0.0833
NC_000024.9	17931406	0.0833
NC_000024.9	17931844	0.0833
NC_000024.9	17940510	0.0833
NC_000024.9	17940788	0.0833
NC_000024.9	17943698	0.1667
NC_000024.9	17945313	0.1667
NC_000024.9	17947414	0.0833
NC_000024.9	17947542	0.0833
NC_000024.9	17947672	0.1667
NC_000024.9	17948936	0.0833
NC_000024.9	17949580	0.0833
NC_000024.9	17954827	0.25
NC_000024.9	17955866	0.0833
NC_000024.9	17957903	0.0833
NC_000024.9	17958770	0.0833
NC_000024.9	17959424	0.0833
NC_000024.9	17959805	0.25
NC_000024.9	17961512	0.0833
NC_000024.9	17962111	0.0833
NC_000024.9	17964057	0.0833
NC_000024.9	17966904	0.0833
NC_000024.9	17972614	0.0833
NC_000024.9	17975155	0.0833
NC_000024.9	17975927	0.0833
NC_000024.9	17976711	0.0833
NC_000024.9	17980084	0.1667
NC_000024.9	17980714	0.0833
NC_000024.9	17981253	0.1667
NC_000024.9	17981817	0.0833
NC_000024.9	17985255	0.0833
NC_000024.9	17997142	0.0909
NC_000024.9	17998030	0.1818
NC_000024.9	17998537	0.0909
NC_000024.9	17999842	0.2727
NC_000024.9	18000240	0.1818
NC_000024.9	18000250	0.1429
NC_000024.9	18000871	0.0909
NC_000024.9	18000901	0.1818
NC_000024.9	18001898	0.1818
NC_000024.9	18005126	0.0909
NC_000024.9	18006025	0.0909
NC_000024.9	18006836	0.2
NC_000024.9	18007124	0.1
NC_000024.9	18017152	0.1667
NC_000024.9	18018070	0.0833
NC_000024.9	18018988	0.0833
NC_000024.9	18020091	0.0833
NC_000024.9	18022608	0.1667
NC_000024.9	18022859	0.0833
NC_000024.9	18023975	0.0833
NC_000024.9	18025230	0.0833
NC_000024.9	18028105	0.0833
NC_000024.9	18028204	0.0833
NC_000024.9	18030738	0.0833
NC_000024.9	18033091	0.0833
NC_000024.9	18033394	0.1667
NC_000024.9	18034705	0.0833
NC_000024.9	18036128	0.0833
NC_000024.9	18040700	0.2727
NC_000024.9	18040823	0.0909
NC_000024.9	18041498	0.0909
NC_000024.9	18041777	0.1818
NC_000024.9	18042644	0.0909
NC_000024.9	18044427	0.0909
NC_000024.9	18045601	0.0909
NC_000024.9	18047571	0.0909
NC_000024.9	18049010	0.0909
NC_000024.9	18051289	0.0909
NC_000024.9	18052319	0.0909
NC_000024.9	18053867	0.0909
NC_000024.9	18054506	0.0909
NC_000024.9	18056280	0.0909
NC_000024.9	18056942	0.0909
NC_000024.9	18056959	0.0909
NC_000024.9	18058064	0.0909
NC_000024.9	18058492	0.1818
NC_000024.9	18059380	0.0909
NC_000024.9	18059688	0.1818
NC_000024.9	18060870	0.0909
NC_000024.9	18061167	0.1818
NC_000024.9	18061594	0.1818
NC_000024.9	18063802	0.0909
NC_000024.9	18063853	0.0909
NC_000024.9	18063994	0.0909
NC_000024.9	18064269	0.0909
NC_000024.9	18064622	0.0909
NC_000024.9	18065174	0.0909
NC_000024.9	18065432	0.0909
NC_000024.9	18066438	0.0909
NC_000024.9	18067088	0.0909
NC_000024.9	18067456	0.1818
NC_000024.9	18067460	0.1818
NC_000024.9	18067468	0.0909
NC_000024.9	18067472	0.1818
NC_000024.9	18068500	0.0909
NC_000024.9	18069115	0.1818
NC_000024.9	18070855	0.0909
NC_000024.9	18071843	0.0909
NC_000024.9	18073861	0.0909
NC_000024.9	18073939	0.0909
NC_000024.9	18074053	0.0909
NC_000024.9	18076366	0.0909
NC_000024.9	18077322	0.0909
NC_000024.9	18077583	0.0909
NC_000024.9	18079542	0.0833
NC_000024.9	18079828	0.0833
NC_000024.9	18081095	0.0833
NC_000024.9	18081435	0.0833
NC_000024.9	18082801	0.0833
NC_000024.9	18086000	0.0833
NC_000024.9	18087005	0.0833
NC_000024.9	18088599	0.0833
NC_000024.9	18089514	0.0833
NC_000024.9	18089640	0.1667
NC_000024.9	18092973	0.1667
NC_000024.9	18093142	0.0833
NC_000024.9	18095383	0.0833
NC_000024.9	18096256	0.0833
NC_000024.9	18097251	0.0833
NC_000024.9	18097519	0.0833
NC_000024.9	18103101	0.0833
NC_000024.9	18106506	0.1667
NC_000024.9	18106757	0.0833
NC_000024.9	18106997	0.0833
NC_000024.9	18110280	0.1667
NC_000024.9	18110362	0.0833
NC_000024.9	18110954	0.0833
NC_000024.9	18112538	0.0833
NC_000024.9	18113302	0.0833
NC_000024.9	18113973	0.0833
NC_000024.9	18115963	0.0833
NC_000024.9	18118014	0.0833
NC_000024.9	18118314	0.0833
NC_000024.9	18118658	0.0833
NC_000024.9	18119231	0.0833
NC_000024.9	18121163	0.0833
NC_000024.9	18121600	0.0833
NC_000024.9	18122893	0.0833
NC_000024.9	18125698	0.0833
NC_000024.9	18127996	0.0833
NC_000024.9	18128574	0.0833
NC_000024.9	18132232	0.0833
NC_000024.9	18132698	0.0833
NC_000024.9	18133150	0.1667
NC_000024.9	18133678	0.25
NC_000024.9	18135022	0.0833
NC_000024.9	18135094	0.0833
NC_000024.9	18138301	0.0833
NC_000024.9	18139746	0.0833
NC_000024.9	18140041	0.0833
NC_000024.9	18140231	0.0833
NC_000024.9	18144023	0.1667
NC_000024.9	18149594	0.1667
NC_000024.9	18149598	0.1667
NC_000024.9	18150566	0.0833
NC_000024.9	18150827	0.0833
NC_000024.9	18150909	0.0833
NC_000024.9	18152393	0.1667
NC_000024.9	18153156	0.0833
NC_000024.9	18153538	0.0833
NC_000024.9	18153622	0.0833
NC_000024.9	18155548	0.0833
NC_000024.9	18155754	0.0833
NC_000024.9	18156756	0.1667
NC_000024.9	18157111	0.0833
NC_000024.9	18157127	0.0833
NC_000024.9	18158154	0.0833
NC_000024.9	18160178	0.0833
NC_000024.9	18162272	0.1667
NC_000024.9	18162739	0.0833
NC_000024.9	18162835	0.0833
NC_000024.9	18164463	0.0833
NC_000024.9	18167916	0.1667
NC_000024.9	18170053	0.0833
NC_000024.9	18170764	0.0833
NC_000024.9	18173194	0.1667
NC_000024.9	18176125	0.0833
NC_000024.9	18177009	0.1667
NC_000024.9	18178091	0.1667
NC_000024.9	18178176	0.0833
NC_000024.9	18179043	0.0833
NC_000024.9	18179224	0.1667
NC_000024.9	18179929	0.0833
NC_000024.9	18180294	0.0833
NC_000024.9	18181803	0.0833
NC_000024.9	18182041	0.0833
NC_000024.9	18186596	0.0833
NC_000024.9	18187545	0.0833
NC_000024.9	18187990	0.0833
NC_000024.9	18190601	0.0833
NC_000024.9	18192016	0.0833
NC_000024.9	18193205	0.1667
NC_000024.9	18193794	0.0833
NC_000024.9	18194095	0.0909
NC_000024.9	18195204	0.0833
NC_000024.9	18196261	0.1667
NC_000024.9	18200920	0.0833
NC_000024.9	18203565	0.0833
NC_000024.9	18206187	0.0833
NC_000024.9	18207283	0.0833
NC_000024.9	18209165	0.0833
NC_000024.9	18210130	0.0833
NC_000024.9	18212003	0.0833
NC_000024.9	18216831	0.0833
NC_000024.9	18216993	0.0833
NC_000024.9	18219322	0.0833
NC_000024.9	18220453	0.0833
NC_000024.9	18221489	0.0833
NC_000024.9	18221617	0.0833
NC_000024.9	18221618	0.1667
NC_000024.9	18222623	0.1667
NC_000024.9	18224126	0.0833
NC_000024.9	18225924	0.1667
NC_000024.9	18226901	0.1667
NC_000024.9	18230615	0.0833
NC_000024.9	18231951	0.0833
NC_000024.9	18241560	0.0833
NC_000024.9	18242741	0.1667
NC_000024.9	18242832	0.0833
NC_000024.9	18243631	0.0833
NC_000024.9	18245411	0.0833
NC_000024.9	18245819	0.0833
NC_000024.9	18249909	0.0833
NC_000024.9	18250986	0.0833
NC_000024.9	18255014	0.0833
NC_000024.9	18257484	0.0833
NC_000024.9	18259777	0.0833
NC_000024.9	18261632	0.0833
NC_000024.9	18262817	0.0833
NC_000024.9	18266293	0.0833
NC_000024.9	18269175	0.0833
NC_000024.9	18269675	0.0833
NC_000024.9	18270162	0.0833
NC_000024.9	18271025	0.0909
NC_000024.9	18382057	0.0833
NC_000024.9	18382597	0.0833
NC_000024.9	18383029	0.0833
NC_000024.9	18384832	0.0833
NC_000024.9	18384838	0.0833
NC_000024.9	18386369	0.0833
NC_000024.9	18386763	0.0833
NC_000024.9	18387146	0.0833
NC_000024.9	18387272	0.0833
NC_000024.9	18387494	0.1667
NC_000024.9	18388326	0.0833
NC_000024.9	18388662	0.0833
NC_000024.9	18388824	0.0833
NC_000024.9	18389678	0.0833
NC_000024.9	18391323	0.0833
NC_000024.9	18393820	0.1667
NC_000024.9	18394322	0.0833
NC_000024.9	18394382	0.0833
NC_000024.9	18395778	0.1667
NC_000024.9	18396607	0.0833
NC_000024.9	18396715	0.0833
NC_000024.9	18398174	0.0833
NC_000024.9	18398188	0.1667
NC_000024.9	18398279	0.0833
NC_000024.9	18402026	0.0833
NC_000024.9	18402404	0.0833
NC_000024.9	18405692	0.0833
NC_000024.9	18405739	0.0833
NC_000024.9	18405844	0.0833
NC_000024.9	18407557	0.0833
NC_000024.9	18408568	0.0833
NC_000024.9	18409094	0.0833
NC_000024.9	18410696	0.0833
NC_000024.9	18411806	0.0833
NC_000024.9	18415171	0.0833
NC_000024.9	18415375	0.0833
NC_000024.9	18422633	0.0833
NC_000024.9	18422661	0.0833
NC_000024.9	18425045	0.0833
NC_000024.9	18426079	0.0833
NC_000024.9	18426748	0.0833
NC_000024.9	18538297	0.0909
NC_000024.9	18540404	0.1
NC_000024.9	18540512	0.1
NC_000024.9	18542334	0.1
NC_000024.9	18542643	0.1
NC_000024.9	18542991	0.1
NC_000024.9	18544402	0.1
NC_000024.9	18546656	0.0909
NC_000024.9	18547341	0.0909
NC_000024.9	18549116	0.0909
NC_000024.9	18549141	0.1818
NC_000024.9	18549196	0.1818
NC_000024.9	18551922	0.0909
NC_000024.9	18552461	0.0909
NC_000024.9	18556564	0.0909
NC_000024.9	18561042	0.0909
NC_000024.9	18565334	0.0909
NC_000024.9	18566121	0.0909
NC_000024.9	18567127	0.0909
NC_000024.9	18572332	0.0909
NC_000024.9	18573064	0.0909
NC_000024.9	18573243	0.0909
NC_000024.9	18576541	0.0909
NC_000024.9	18578476	0.0909
NC_000024.9	18580969	0.0909
NC_000024.9	18581828	0.0909
NC_000024.9	18584188	0.0909
NC_000024.9	18585407	0.0909
NC_000024.9	18585419	0.0909
NC_000024.9	18589521	0.1818
NC_000024.9	18589697	0.0909
NC_000024.9	18589703	0.2727
NC_000024.9	18592027	0.1818
NC_000024.9	18592273	0.0909
NC_000024.9	18592845	0.1818
NC_000024.9	18595444	0.0909
NC_000024.9	18596137	0.0909
NC_000024.9	18596847	0.1818
NC_000024.9	18599215	0.1818
NC_000024.9	18600375	0.0909
NC_000024.9	18601274	0.1818
NC_000024.9	18602090	0.0909
NC_000024.9	18602891	0.1818
NC_000024.9	18606465	0.0909
NC_000024.9	18607387	0.0909
NC_000024.9	18607673	0.0909
NC_000024.9	18610942	0.0909
NC_000024.9	18612761	0.0909
NC_000024.9	18612763	0.0909
NC_000024.9	18612891	0.0909
NC_000024.9	18613753	0.1818
NC_000024.9	18614094	0.0909
NC_000024.9	18616467	0.0909
NC_000024.9	18616474	0.0909
NC_000024.9	18617336	0.0909
NC_000024.9	18618290	0.0909
NC_000024.9	18622326	0.1818
NC_000024.9	18626279	0.0909
NC_000024.9	18628317	0.0909
NC_000024.9	18633816	0.1818
NC_000024.9	18636154	0.0909
NC_000024.9	18637397	0.0909
NC_000024.9	18641901	0.0909
NC_000024.9	18643546	0.0909
NC_000024.9	18647318	0.0909
NC_000024.9	18649870	0.0909
NC_000024.9	18652433	0.0909
NC_000024.9	18656672	0.0909
NC_000024.9	18659813	0.0909
NC_000024.9	18661202	0.0909
NC_000024.9	18662674	0.0909
NC_000024.9	18663693	0.0909
NC_000024.9	18663706	0.0909
NC_000024.9	18666110	0.0909
NC_000024.9	18667515	0.0909
NC_000024.9	18672746	0.1818
NC_000024.9	18683100	0.0909
NC_000024.9	18684148	0.0909
NC_000024.9	18688468	0.0909
NC_000024.9	18688521	0.0909
NC_000024.9	18689177	0.0909
NC_000024.9	18693289	0.0909
NC_000024.9	18693709	0.1818
NC_000024.9	18693710	0.0909
NC_000024.9	18693711	0.0909
NC_000024.9	18693980	0.0909
NC_000024.9	18694500	0.0909
NC_000024.9	18695443	0.0909
NC_000024.9	18696602	0.0909
NC_000024.9	18698574	0.0909
NC_000024.9	18698825	0.1818
NC_000024.9	18698831	0.0909
NC_000024.9	18699250	0.0909
NC_000024.9	18702659	0.0909
NC_000024.9	18702961	0.0909
NC_000024.9	18703395	0.0909
NC_000024.9	18706870	0.0909
NC_000024.9	18710325	0.0909
NC_000024.9	18712140	0.0909
NC_000024.9	18715075	0.0909
NC_000024.9	18719198	0.1818
NC_000024.9	18725148	0.0909
NC_000024.9	18725818	0.0909
NC_000024.9	18726668	0.0909
NC_000024.9	18728067	0.0909
NC_000024.9	18728618	0.1818
NC_000024.9	18728947	0.1818
NC_000024.9	18729272	0.0909
NC_000024.9	18738829	0.0909
NC_000024.9	18741512	0.0909
NC_000024.9	18742202	0.1818
NC_000024.9	18743292	0.0909
NC_000024.9	18743471	0.1818
NC_000024.9	18751418	0.0909
NC_000024.9	18754056	0.0909
NC_000024.9	18756185	0.0909
NC_000024.9	18759107	0.0909
NC_000024.9	18759708	0.0909
NC_000024.9	18759833	0.0909
NC_000024.9	18761755	0.0909
NC_000024.9	18763888	0.0909
NC_000024.9	18764662	0.0909
NC_000024.9	18765649	0.0909
NC_000024.9	18769623	0.0909
NC_000024.9	18776629	0.0909
NC_000024.9	18787125	0.0909
NC_000024.9	18787351	0.0909
NC_000024.9	18788327	0.0909
NC_000024.9	18790703	0.0909
NC_000024.9	18790705	0.0909
NC_000024.9	18796445	0.0909
NC_000024.9	18797196	0.0909
NC_000024.9	18797373	0.0909
NC_000024.9	18799784	0.0909
NC_000024.9	18799952	0.0909
NC_000024.9	18803903	0.0909
NC_000024.9	18804048	0.0909
NC_000024.9	18804948	0.1818
NC_000024.9	18806027	0.1818
NC_000024.9	18806152	0.0909
NC_000024.9	18814330	0.0909
NC_000024.9	18814579	0.0909
NC_000024.9	18814791	0.0909
NC_000024.9	18818812	0.0909
NC_000024.9	18820084	0.1818
NC_000024.9	18823372	0.0909
NC_000024.9	18828188	0.0909
NC_000024.9	18831285	0.0909
NC_000024.9	18831580	0.0909
NC_000024.9	18832743	0.0909
NC_000024.9	18832816	0.0909
NC_000024.9	18833174	0.0909
NC_000024.9	18833212	0.0909
NC_000024.9	18834534	0.1818
NC_000024.9	18837871	0.0909
NC_000024.9	18838495	0.0909
NC_000024.9	18839157	0.0909
NC_000024.9	18843140	0.1818
NC_000024.9	18843372	0.1818
NC_000024.9	18843564	0.0909
NC_000024.9	18847258	0.0909
NC_000024.9	18848155	0.0909
NC_000024.9	18848593	0.0909
NC_000024.9	18855509	0.0909
NC_000024.9	18855743	0.0909
NC_000024.9	18860537	0.0909
NC_000024.9	18862133	0.0909
NC_000024.9	18864208	0.0909
NC_000024.9	18865996	0.0909
NC_000024.9	18868481	0.0909
NC_000024.9	18872082	0.0909
NC_000024.9	18872197	0.0909
NC_000024.9	18872200	0.0909
NC_000024.9	18872207	0.0909
NC_000024.9	18872211	0.0909
NC_000024.9	18872215	0.0909
NC_000024.9	18872219	0.0909
NC_000024.9	18872224	0.0909
NC_000024.9	18872235	0.0909
NC_000024.9	18872239	0.0909
NC_000024.9	18872243	0.0909
NC_000024.9	18872248	0.0909
NC_000024.9	18875673	0.0909
NC_000024.9	18876095	0.0909
NC_000024.9	18876501	0.0909
NC_000024.9	18877183	0.0909
NC_000024.9	18877667	0.0909
NC_000024.9	18878873	0.0909
NC_000024.9	18880183	0.0909
NC_000024.9	18880574	0.1818
NC_000024.9	18883765	0.0909
NC_000024.9	18885075	0.0909
NC_000024.9	18886898	0.0909
NC_000024.9	18887936	0.0909
NC_000024.9	18890063	0.0909
NC_000024.9	18890549	0.0909
NC_000024.9	18890631	0.0909
NC_000024.9	18890635	0.0909
NC_000024.9	18890947	0.0909
NC_000024.9	18890967	0.0909
NC_000024.9	18891947	0.0909
NC_000024.9	18892286	0.0909
NC_000024.9	18894036	0.0909
NC_000024.9	18894151	0.0909
NC_000024.9	18894827	0.0909
NC_000024.9	18900525	0.0909
NC_000024.9	18903833	0.0909
NC_000024.9	18904838	0.1818
NC_000024.9	18905190	0.0909
NC_000024.9	18907927	0.0909
NC_000024.9	18908112	0.1
NC_000024.9	18908922	0.1
NC_000024.9	18909165	0.1
NC_000024.9	18914179	0.1
NC_000024.9	18916748	0.0909
NC_000024.9	18917306	0.0909
NC_000024.9	18917853	0.0909
NC_000024.9	18919195	0.0909
NC_000024.9	18921992	0.0909
NC_000024.9	18924938	0.1818
NC_000024.9	18925314	0.1818
NC_000024.9	18925318	0.0909
NC_000024.9	18925322	0.0909
NC_000024.9	18929279	0.0909
NC_000024.9	18932826	0.0909
NC_000024.9	18933787	0.0909
NC_000024.9	18934621	0.1818
NC_000024.9	18935901	0.0909
NC_000024.9	18940112	0.0909
NC_000024.9	18940202	0.0909
NC_000024.9	18940541	0.1818
NC_000024.9	18941729	0.0909
NC_000024.9	18942571	0.0909
NC_000024.9	18948988	0.1818
NC_000024.9	18950932	0.0909
NC_000024.9	18951098	0.2727
NC_000024.9	18951666	0.0909
NC_000024.9	18952224	0.0909
NC_000024.9	18952225	0.1818
NC_000024.9	18953062	0.0909
NC_000024.9	18954295	0.0909
NC_000024.9	18954670	0.0909
NC_000024.9	18955786	0.0909
NC_000024.9	18957717	0.0909
NC_000024.9	18958249	0.0909
NC_000024.9	18958429	0.0909
NC_000024.9	18959193	0.0909
NC_000024.9	18961511	0.0909
NC_000024.9	18961874	0.0909
NC_000024.9	18962004	0.1818
NC_000024.9	18963135	0.0909
NC_000024.9	18963497	0.0909
NC_000024.9	18964479	0.1818
NC_000024.9	18965237	0.0909
NC_000024.9	18966890	0.0909
NC_000024.9	18966922	0.0909
NC_000024.9	18967708	0.0909
NC_000024.9	18967879	0.1818
NC_000024.9	18968285	0.1818
NC_000024.9	18968651	0.0909
NC_000024.9	18971275	0.1818
NC_000024.9	18973184	0.0909
NC_000024.9	18974195	0.1818
NC_000024.9	18975603	0.1818
NC_000024.9	18976881	0.0909
NC_000024.9	18979835	0.0909
NC_000024.9	18981282	0.0909
NC_000024.9	18981570	0.0909
NC_000024.9	18982614	0.0909
NC_000024.9	18986931	0.0909
NC_000024.9	18987761	0.1818
NC_000024.9	18990246	0.0909
NC_000024.9	18992262	0.0909
NC_000024.9	18992956	0.0909
NC_000024.9	18995090	0.0909
NC_000024.9	18996993	0.0909
NC_000024.9	18998581	0.0909
NC_000024.9	19001112	0.1818
NC_000024.9	19001117	0.1818
NC_000024.9	19001500	0.0909
NC_000024.9	19002550	0.0909
NC_000024.9	19003974	0.0909
NC_000024.9	19004007	0.0909
NC_000024.9	19004180	0.0909
NC_000024.9	19006877	0.0909
NC_000024.9	19008632	0.0833
NC_000024.9	19012415	0.0833
NC_000024.9	19013473	0.0833
NC_000024.9	19013477	0.0833
NC_000024.9	19013584	0.0833
NC_000024.9	19013600	0.0833
NC_000024.9	19013999	0.0833
NC_000024.9	19015368	0.0833
NC_000024.9	19016242	0.1667
NC_000024.9	19016409	0.0833
NC_000024.9	19016514	0.25
NC_000024.9	19016577	0.0833
NC_000024.9	19018994	0.1667
NC_000024.9	19019097	0.0833
NC_000024.9	19019408	0.25
NC_000024.9	19020250	0.0833
NC_000024.9	19022181	0.0833
NC_000024.9	19022250	0.0833
NC_000024.9	19024013	0.0833
NC_000024.9	19024719	0.0833
NC_000024.9	19024864	0.0833
NC_000024.9	19025650	0.0833
NC_000024.9	19025831	0.0833
NC_000024.9	19027168	0.25
NC_000024.9	19028365	0.0833
NC_000024.9	19029466	0.0833
NC_000024.9	19029493	0.0833
NC_000024.9	19029770	0.1667
NC_000024.9	19029838	0.0833
NC_000024.9	19030999	0.0833
NC_000024.9	19033459	0.25
NC_000024.9	19039750	0.0833
NC_000024.9	19044814	0.0833
NC_000024.9	19047854	0.0833
NC_000024.9	19048392	0.1667
NC_000024.9	19048394	0.0833
NC_000024.9	19048725	0.1667
NC_000024.9	19050300	0.0833
NC_000024.9	19050477	0.0833
NC_000024.9	19054050	0.0833
NC_000024.9	19054503	0.0833
NC_000024.9	19054602	0.1667
NC_000024.9	19055642	0.0833
NC_000024.9	19058376	0.0833
NC_000024.9	19058901	0.0833
NC_000024.9	19059200	0.1667
NC_000024.9	19059881	0.0833
NC_000024.9	19062969	0.1667
NC_000024.9	19065445	0.0833
NC_000024.9	19067407	0.0833
NC_000024.9	19069909	0.0833
NC_000024.9	19072083	0.0833
NC_000024.9	19072340	0.0833
NC_000024.9	19073022	0.0833
NC_000024.9	19073088	0.0833
NC_000024.9	19073954	0.1667
NC_000024.9	19075524	0.0833
NC_000024.9	19077394	0.0833
NC_000024.9	19078035	0.0833
NC_000024.9	19081517	0.0833
NC_000024.9	19081763	0.0833
NC_000024.9	19083312	0.0833
NC_000024.9	19083880	0.0833
NC_000024.9	19083968	0.0833
NC_000024.9	19084387	0.0833
NC_000024.9	19085394	0.0833
NC_000024.9	19087905	0.0833
NC_000024.9	19088569	0.0833
NC_000024.9	19090637	0.1667
NC_000024.9	19091577	0.0833
NC_000024.9	19091666	0.0833
NC_000024.9	19092075	0.0833
NC_000024.9	19095865	0.1667
NC_000024.9	19095957	0.0833
NC_000024.9	19097655	0.0833
NC_000024.9	19099295	0.0833
NC_000024.9	19099847	0.0833
NC_000024.9	19101088	0.0833
NC_000024.9	19102384	0.0833
NC_000024.9	19102826	0.0833
NC_000024.9	19103401	0.0833
NC_000024.9	19103626	0.0833
NC_000024.9	19103890	0.0833
NC_000024.9	19103894	0.0833
NC_000024.9	19103898	0.0833
NC_000024.9	19105166	0.0833
NC_000024.9	19108190	0.0833
NC_000024.9	19109333	0.1667
NC_000024.9	19110600	0.1667
NC_000024.9	19110916	0.0833
NC_000024.9	19112568	0.1667
NC_000024.9	19114679	0.0833
NC_000024.9	19114835	0.0833
NC_000024.9	19117677	0.0833
NC_000024.9	19118181	0.1667
NC_000024.9	19120543	0.0833
NC_000024.9	19121298	0.0833
NC_000024.9	19121806	0.0833
NC_000024.9	19121938	0.0833
NC_000024.9	19121939	0.0833
NC_000024.9	19127645	0.1667
NC_000024.9	19127647	0.0833
NC_000024.9	19127667	0.0833
NC_000024.9	19127669	0.1667
NC_000024.9	19128758	0.1667
NC_000024.9	19128936	0.0833
NC_000024.9	19129333	0.0833
NC_000024.9	19132472	0.0833
NC_000024.9	19132890	0.0833
NC_000024.9	19138353	0.3
NC_000024.9	19138355	0.1818
NC_000024.9	19138967	0.1818
NC_000024.9	19140032	0.0909
NC_000024.9	19140679	0.1818
NC_000024.9	19142850	0.0909
NC_000024.9	19146735	0.0909
NC_000024.9	19146877	0.0909
NC_000024.9	19148674	0.0909
NC_000024.9	19149553	0.0909
NC_000024.9	19149592	0.0909
NC_000024.9	19150527	0.0909
NC_000024.9	19151874	0.0909
NC_000024.9	19152071	0.0909
NC_000024.9	19152368	0.0909
NC_000024.9	19153905	0.0909
NC_000024.9	19154471	0.0909
NC_000024.9	19155627	0.0909
NC_000024.9	19159383	0.0909
NC_000024.9	19160748	0.0909
NC_000024.9	19165908	0.1818
NC_000024.9	19167672	0.0909
NC_000024.9	19168727	0.0909
NC_000024.9	19168976	0.0909
NC_000024.9	19169483	0.0909
NC_000024.9	19170454	0.1
NC_000024.9	19174046	0.0909
NC_000024.9	19177003	0.0909
NC_000024.9	19177004	0.0909
NC_000024.9	19177322	0.0909
NC_000024.9	19177611	0.0909
NC_000024.9	19178141	0.0909
NC_000024.9	19180450	0.0909
NC_000024.9	19182708	0.1818
NC_000024.9	19182853	0.0909
NC_000024.9	19183345	0.0909
NC_000024.9	19183832	0.0909
NC_000024.9	19191302	0.0909
NC_000024.9	19193027	0.1818
NC_000024.9	19194065	0.0909
NC_000024.9	19197872	0.0909
NC_000024.9	19202083	0.0909
NC_000024.9	19205814	0.0909
NC_000024.9	19207781	0.0909
NC_000024.9	19207843	0.0909
NC_000024.9	19209962	0.0909
NC_000024.9	19211902	0.0909
NC_000024.9	19212279	0.0909
NC_000024.9	19212465	0.0909
NC_000024.9	19218037	0.0909
NC_000024.9	19218668	0.0909
NC_000024.9	19219721	0.0909
NC_000024.9	19220444	0.0909
NC_000024.9	19224902	0.0909
NC_000024.9	19227300	0.0909
NC_000024.9	19228895	0.1818
NC_000024.9	19229144	0.0909
NC_000024.9	19233322	0.0909
NC_000024.9	19233990	0.0909
NC_000024.9	19233993	0.0909
NC_000024.9	19235029	0.1818
NC_000024.9	19235631	0.0909
NC_000024.9	19236699	0.0909
NC_000024.9	19237093	0.1818
NC_000024.9	19237562	0.0909
NC_000024.9	19238301	0.0909
NC_000024.9	19241501	0.0909
NC_000024.9	19242090	0.0909
NC_000024.9	19243735	0.0833
NC_000024.9	19244877	0.1667
NC_000024.9	19245080	0.0833
NC_000024.9	19245202	0.0833
NC_000024.9	19245473	0.0833
NC_000024.9	19246276	0.0833
NC_000024.9	19246538	0.1667
NC_000024.9	19247347	0.0833
NC_000024.9	19249565	0.0833
NC_000024.9	19250342	0.0833
NC_000024.9	19251399	0.0833
NC_000024.9	19252125	0.0833
NC_000024.9	19252200	0.0833
NC_000024.9	19253244	0.0833
NC_000024.9	19253610	0.0833
NC_000024.9	19257385	0.0833
NC_000024.9	19258890	0.1667
NC_000024.9	19260655	0.0833
NC_000024.9	19260818	0.0833
NC_000024.9	19261216	0.0833
NC_000024.9	19264016	0.0833
NC_000024.9	19265971	0.0833
NC_000024.9	19266180	0.0833
NC_000024.9	19268198	0.0909
NC_000024.9	19269306	0.0833
NC_000024.9	19269854	0.0833
NC_000024.9	19269898	0.0833
NC_000024.9	19271087	0.0833
NC_000024.9	19271400	0.0833
NC_000024.9	19273081	0.0833
NC_000024.9	19274282	0.0833
NC_000024.9	19277746	0.0833
NC_000024.9	19279765	0.0833
NC_000024.9	19283093	0.0833
NC_000024.9	19284019	0.0833
NC_000024.9	19284099	0.0833
NC_000024.9	19285980	0.0833
NC_000024.9	19285988	0.0833
NC_000024.9	19286019	0.0833
NC_000024.9	19286405	0.0833
NC_000024.9	19289420	0.1667
NC_000024.9	19294571	0.0833
NC_000024.9	19295056	0.0833
NC_000024.9	19298138	0.0833
NC_000024.9	19298406	0.0833
NC_000024.9	19300456	0.0833
NC_000024.9	19301681	0.0833
NC_000024.9	19302194	0.1667
NC_000024.9	19302603	0.0833
NC_000024.9	19302678	0.0833
NC_000024.9	19303324	0.0833
NC_000024.9	19306455	0.1667
NC_000024.9	19306530	0.0833
NC_000024.9	19310069	0.0833
NC_000024.9	19313179	0.0833
NC_000024.9	19314111	0.0833
NC_000024.9	19316389	0.0833
NC_000024.9	19317082	0.0833
NC_000024.9	19318507	0.1667
NC_000024.9	19322973	0.1667
NC_000024.9	19323160	0.0833
NC_000024.9	19323526	0.0833
NC_000024.9	19324624	0.0833
NC_000024.9	19325165	0.0833
NC_000024.9	19325221	0.0833
NC_000024.9	19325905	0.0833
NC_000024.9	19326156	0.0833
NC_000024.9	19326907	0.0833
NC_000024.9	19327508	0.1667
NC_000024.9	19330403	0.0833
NC_000024.9	19332507	0.0833
NC_000024.9	19333821	0.1667
NC_000024.9	19334314	0.0833
NC_000024.9	19337259	0.0833
NC_000024.9	19338287	0.0833
NC_000024.9	19340785	0.0833
NC_000024.9	19341592	0.0833
NC_000024.9	19349615	0.0833
NC_000024.9	19349711	0.0833
NC_000024.9	19353691	0.0833
NC_000024.9	19354579	0.0833
NC_000024.9	19355048	0.0833
NC_000024.9	19355475	0.0833
NC_000024.9	19355962	0.0833
NC_000024.9	19356993	0.0833
NC_000024.9	19357965	0.0833
NC_000024.9	19360672	0.0833
NC_000024.9	19360968	0.0833
NC_000024.9	19361507	0.0833
NC_000024.9	19361702	0.1667
NC_000024.9	19363733	0.0833
NC_000024.9	19367892	0.0833
NC_000024.9	19370916	0.0833
NC_000024.9	19372386	0.1667
NC_000024.9	19372528	0.0833
NC_000024.9	19375658	0.1667
NC_000024.9	19375874	0.0833
NC_000024.9	19377408	0.0833
NC_000024.9	19377412	0.0833
NC_000024.9	19377439	0.4167
NC_000024.9	19377946	0.0833
NC_000024.9	19377976	0.0833
NC_000024.9	19379113	0.0833
NC_000024.9	19379842	0.0833
NC_000024.9	19380486	0.1667
NC_000024.9	19384407	0.0833
NC_000024.9	19385512	0.1667
NC_000024.9	19388473	0.1667
NC_000024.9	19389380	0.0833
NC_000024.9	19390790	0.0833
NC_000024.9	19391620	0.0833
NC_000024.9	19391626	0.0833
NC_000024.9	19391922	0.0833
NC_000024.9	19392803	0.0833
NC_000024.9	19393160	0.0833
NC_000024.9	19399548	0.0833
NC_000024.9	19399989	0.0833
NC_000024.9	19402470	0.0833
NC_000024.9	19404303	0.1667
NC_000024.9	19404956	0.0833
NC_000024.9	19405037	0.0833
NC_000024.9	19406440	0.0833
NC_000024.9	19406760	0.0833
NC_000024.9	19407727	0.0833
NC_000024.9	19408080	0.0833
NC_000024.9	19411754	0.0833
NC_000024.9	19414474	0.1667
NC_000024.9	19414736	0.0833
NC_000024.9	19414935	0.0833
NC_000024.9	19414994	0.0833
NC_000024.9	19415285	0.0833
NC_000024.9	19416000	0.0833
NC_000024.9	19417588	0.0833
NC_000024.9	19418569	0.25
NC_000024.9	19421388	0.0833
NC_000024.9	19422531	0.0833
NC_000024.9	19424283	0.1667
NC_000024.9	19427094	0.0833
NC_000024.9	19428153	0.0833
NC_000024.9	19428877	0.0833
NC_000024.9	19429477	0.0833
NC_000024.9	19431608	0.0833
NC_000024.9	19433464	0.0833
NC_000024.9	19434488	0.0833
NC_000024.9	19436676	0.2727
NC_000024.9	19436730	0.0833
NC_000024.9	19436734	0.0833
NC_000024.9	19436738	0.0833
NC_000024.9	19436746	0.0833
NC_000024.9	19439452	0.0833
NC_000024.9	19443039	0.0833
NC_000024.9	19444918	0.0833
NC_000024.9	19445252	0.1667
NC_000024.9	19445973	0.0833
NC_000024.9	19447453	0.0833
NC_000024.9	19448811	0.0833
NC_000024.9	19451396	0.0833
NC_000024.9	19454965	0.1667
NC_000024.9	19457443	0.0833
NC_000024.9	19457726	0.0833
NC_000024.9	19458410	0.0833
NC_000024.9	19459098	0.0833
NC_000024.9	19459474	0.0833
NC_000024.9	19460062	0.0833
NC_000024.9	19461599	0.1667
NC_000024.9	19462994	0.0833
NC_000024.9	19463648	0.0833
NC_000024.9	19464829	0.0833
NC_000024.9	19467830	0.0833
NC_000024.9	19469877	0.3333
NC_000024.9	19469878	0.1667
NC_000024.9	19469886	0.1667
NC_000024.9	19475075	0.0833
NC_000024.9	19478979	0.0833
NC_000024.9	19479332	0.0833
NC_000024.9	19479728	0.0833
NC_000024.9	19481868	0.1667
NC_000024.9	19482627	0.0833
NC_000024.9	19487065	0.0833
NC_000024.9	19489872	0.0833
NC_000024.9	19495587	0.0833
NC_000024.9	19498122	0.0833
NC_000024.9	19499378	0.0833
NC_000024.9	19499789	0.0833
NC_000024.9	19500107	0.0833
NC_000024.9	19500986	0.1
NC_000024.9	19503081	0.2
NC_000024.9	19503700	0.1
NC_000024.9	19504301	0.1
NC_000024.9	19506492	0.1
NC_000024.9	19513070	0.1
NC_000024.9	19515280	0.1
NC_000024.9	19517872	0.2
NC_000024.9	19519830	0.1
NC_000024.9	19520273	0.1
NC_000024.9	19520932	0.1
NC_000024.9	19521803	0.1
NC_000024.9	19522104	0.1
NC_000024.9	19522153	0.1
NC_000024.9	19525122	0.1
NC_000024.9	19525421	0.2
NC_000024.9	19529660	0.1
NC_000024.9	19531490	0.1
NC_000024.9	19534824	0.1
NC_000024.9	19536410	0.1
NC_000024.9	19537991	0.1
NC_000024.9	19540826	0.1
NC_000024.9	19543467	0.1
NC_000024.9	19543905	0.1
NC_000024.9	19544804	0.1
NC_000024.9	19546501	0.2
NC_000024.9	19547365	0.1
NC_000024.9	19547986	0.1
NC_000024.9	19549763	0.1
NC_000024.9	19550228	0.1
NC_000024.9	19550902	0.1
NC_000024.9	19551340	0.1
NC_000024.9	19551464	0.1
NC_000024.9	19552715	0.1
NC_000024.9	19554011	0.1
NC_000024.9	19555949	0.1
NC_000024.9	19557734	0.1
NC_000024.9	19558219	0.1
NC_000024.9	19558446	0.1
NC_000024.9	19559309	0.1
NC_000024.9	19560004	0.1
NC_000024.9	19560059	0.1
NC_000024.9	19561747	0.1
NC_000024.9	19561956	0.1
NC_000024.9	19562066	0.1
NC_000024.9	19562073	0.2
NC_000024.9	19562084	0.1
NC_000024.9	19562096	0.2
NC_000024.9	19562164	0.2
NC_000024.9	19562217	0.1
NC_000024.9	19562540	0.2
NC_000024.9	19564027	0.1
NC_000024.9	19565341	0.1
NC_000024.9	19565790	0.1
NC_000024.9	20063142	0.0909
NC_000024.9	20065012	0.1818
NC_000024.9	20065735	0.0909
NC_000024.9	20802880	0.0833
NC_000024.9	20803402	0.0833
NC_000024.9	20804155	0.0833
NC_000024.9	20804626	0.0833
NC_000024.9	20804883	0.0833
NC_000024.9	20804885	0.25
NC_000024.9	20805936	0.0833
NC_000024.9	20809509	0.1667
NC_000024.9	20810543	0.0833
NC_000024.9	20810624	0.0833
NC_000024.9	20812311	0.25
NC_000024.9	20813280	0.0833
NC_000024.9	20813650	0.0833
NC_000024.9	20815454	0.1
NC_000024.9	20815456	0.1
NC_000024.9	20815458	0.1
NC_000024.9	20815591	0.1
NC_000024.9	20817229	0.1
NC_000024.9	20820626	0.2
NC_000024.9	20822707	0.1
NC_000024.9	20825072	0.1
NC_000024.9	20825329	0.1
NC_000024.9	20826427	0.2
NC_000024.9	20827458	0.1
NC_000024.9	20828710	0.1111
NC_000024.9	20828941	0.1111
NC_000024.9	20829192	0.1111
NC_000024.9	20831144	0.1111
NC_000024.9	20835461	0.1111
NC_000024.9	20836064	0.1111
NC_000024.9	20840489	0.1111
NC_000024.9	20840674	0.1111
NC_000024.9	21033306	0.1111
NC_000024.9	21035305	0.0909
NC_000024.9	21043446	0.0833
NC_000024.9	21046119	0.0833
NC_000024.9	21046360	0.0833
NC_000024.9	21048785	0.0833
NC_000024.9	21049317	0.0833
NC_000024.9	21053143	0.0833
NC_000024.9	21053952	0.0833
NC_000024.9	21055821	0.1667
NC_000024.9	21055976	0.0833
NC_000024.9	21057290	0.0833
NC_000024.9	21058460	0.0833
NC_000024.9	21058968	0.0833
NC_000024.9	21061667	0.1667
NC_000024.9	21065042	0.0833
NC_000024.9	21066866	0.0833
NC_000024.9	21067906	0.1667
NC_000024.9	21068485	0.0833
NC_000024.9	21069381	0.0833
NC_000024.9	21076821	0.0833
NC_000024.9	21076827	0.0833
NC_000024.9	21077935	0.0833
NC_000024.9	21080707	0.0833
NC_000024.9	21083420	0.0833
NC_000024.9	21084331	0.0833
NC_000024.9	21084333	0.0833
NC_000024.9	21084441	0.1667
NC_000024.9	21085302	0.1667
NC_000024.9	21087030	0.0833
NC_000024.9	21087879	0.1667
NC_000024.9	21088454	0.0833
NC_000024.9	21092195	0.0833
NC_000024.9	21092276	0.1667
NC_000024.9	21093637	0.0833
NC_000024.9	21095178	0.0833
NC_000024.9	21095622	0.0833
NC_000024.9	21096574	0.0833
NC_000024.9	21097023	0.0833
NC_000024.9	21101023	0.0833
NC_000024.9	21104123	0.0833
NC_000024.9	21106044	0.0833
NC_000024.9	21109703	0.0833
NC_000024.9	21110154	0.0833
NC_000024.9	21112882	0.1667
NC_000024.9	21112906	0.1667
NC_000024.9	21113936	0.0833
NC_000024.9	21116317	0.0833
NC_000024.9	21116903	0.0833
NC_000024.9	21117042	0.0833
NC_000024.9	21119922	0.1667
NC_000024.9	21119967	0.0833
NC_000024.9	21120870	0.0833
NC_000024.9	21121655	0.0833
NC_000024.9	21122071	0.0833
NC_000024.9	21122964	0.1667
NC_000024.9	21122967	0.0833
NC_000024.9	21127920	0.0833
NC_000024.9	21130396	0.0833
NC_000024.9	21131587	0.1667
NC_000024.9	21131760	0.0833
NC_000024.9	21132049	0.0833
NC_000024.9	21132981	0.1667
NC_000024.9	21135017	0.1667
NC_000024.9	21136800	0.0833
NC_000024.9	21136919	0.0833
NC_000024.9	21141088	0.0833
NC_000024.9	21142443	0.0833
NC_000024.9	21144483	0.1667
NC_000024.9	21145418	0.0833
NC_000024.9	21147336	0.1667
NC_000024.9	21149734	0.0833
NC_000024.9	21150332	0.0833
NC_000024.9	21151188	0.1667
NC_000024.9	21157165	0.1667
NC_000024.9	21161523	0.0833
NC_000024.9	21161761	0.0833
NC_000024.9	21163785	0.1667
NC_000024.9	21166375	0.0833
NC_000024.9	21172326	0.0833
NC_000024.9	21174069	0.0833
NC_000024.9	21175831	0.0833
NC_000024.9	21175957	0.0833
NC_000024.9	21175958	0.0833
NC_000024.9	21177056	0.1667
NC_000024.9	21177092	0.0833
NC_000024.9	21177214	0.0833
NC_000024.9	21177219	0.0833
NC_000024.9	21177220	0.0833
NC_000024.9	21183571	0.0833
NC_000024.9	21183650	0.0833
NC_000024.9	21186044	0.0833
NC_000024.9	21186263	0.0833
NC_000024.9	21186558	0.0833
NC_000024.9	21187372	0.1667
NC_000024.9	21189597	0.0833
NC_000024.9	21190570	0.0833
NC_000024.9	21190727	0.0833
NC_000024.9	21192906	0.0833
NC_000024.9	21193523	0.0833
NC_000024.9	21196892	0.0833
NC_000024.9	21197051	0.0833
NC_000024.9	21198293	0.1667
NC_000024.9	21202683	0.0833
NC_000024.9	21203132	0.0833
NC_000024.9	21207867	0.0833
NC_000024.9	21211397	0.0833
NC_000024.9	21212018	0.0833
NC_000024.9	21213401	0.1667
NC_000024.9	21214889	0.0833
NC_000024.9	21216994	0.0833
NC_000024.9	21217762	0.0833
NC_000024.9	21218406	0.0833
NC_000024.9	21219338	0.1667
NC_000024.9	21222366	0.0833
NC_000024.9	21223243	0.0833
NC_000024.9	21224855	0.0833
NC_000024.9	21227423	0.0833
NC_000024.9	21229756	0.0833
NC_000024.9	21231023	0.0833
NC_000024.9	21231281	0.0833
NC_000024.9	21232961	0.0833
NC_000024.9	21233654	0.0833
NC_000024.9	21238206	0.1667
NC_000024.9	21239061	0.0833
NC_000024.9	21244437	0.0833
NC_000024.9	21245436	0.0833
NC_000024.9	21247623	0.0833
NC_000024.9	21248105	0.1667
NC_000024.9	21248962	0.1667
NC_000024.9	21249694	0.1667
NC_000024.9	21250559	0.1667
NC_000024.9	21250984	0.0833
NC_000024.9	21252049	0.0833
NC_000024.9	21252716	0.0833
NC_000024.9	21253574	0.1667
NC_000024.9	21255456	0.0833
NC_000024.9	21255887	0.0833
NC_000024.9	21256219	0.0833
NC_000024.9	21258894	0.1667
NC_000024.9	21259569	0.1667
NC_000024.9	21260427	0.0833
NC_000024.9	21261032	0.1667
NC_000024.9	21261737	0.0833
NC_000024.9	21263425	0.0833
NC_000024.9	21265326	0.0833
NC_000024.9	21266479	0.1667
NC_000024.9	21267106	0.25
NC_000024.9	21267676	0.1667
NC_000024.9	21268114	0.0833
NC_000024.9	21269622	0.0833
NC_000024.9	21270561	0.0833
NC_000024.9	21270630	0.1667
NC_000024.9	21272190	0.0833
NC_000024.9	21273057	0.0833
NC_000024.9	21273093	0.0833
NC_000024.9	21273641	0.0833
NC_000024.9	21273978	0.0833
NC_000024.9	21275194	0.0833
NC_000024.9	21275860	0.0833
NC_000024.9	21277411	0.1667
NC_000024.9	21279556	0.0833
NC_000024.9	21279707	0.0833
NC_000024.9	21279946	0.0833
NC_000024.9	21281103	0.0833
NC_000024.9	21281349	0.1667
NC_000024.9	21281606	0.0833
NC_000024.9	21281715	0.0833
NC_000024.9	21282774	0.0833
NC_000024.9	21284874	0.0833
NC_000024.9	21285194	0.1667
NC_000024.9	21285882	0.0833
NC_000024.9	21289152	0.0833
NC_000024.9	21291275	0.0833
NC_000024.9	21291715	0.0833
NC_000024.9	21291717	0.0833
NC_000024.9	21292327	0.0833
NC_000024.9	21292518	0.0833
NC_000024.9	21293967	0.0833
NC_000024.9	21294103	0.0833
NC_000024.9	21297390	0.0833
NC_000024.9	21301364	0.0833
NC_000024.9	21304729	0.0833
NC_000024.9	21306315	0.0833
NC_000024.9	21307898	0.0833
NC_000024.9	21310650	0.0833
NC_000024.9	21311141	0.0833
NC_000024.9	21311670	0.0833
NC_000024.9	21314704	0.0833
NC_000024.9	21315642	0.0833
NC_000024.9	21315746	0.0833
NC_000024.9	21316471	0.0833
NC_000024.9	21317196	0.0833
NC_000024.9	21318180	0.0833
NC_000024.9	21320016	0.0833
NC_000024.9	21321168	0.0833
NC_000024.9	21323286	0.1667
NC_000024.9	21325789	0.25
NC_000024.9	21326695	0.0833
NC_000024.9	21329363	0.1667
NC_000024.9	21331627	0.0833
NC_000024.9	21335566	0.0833
NC_000024.9	21335610	0.0833
NC_000024.9	21338305	0.0833
NC_000024.9	21339082	0.0833
NC_000024.9	21339931	0.1667
NC_000024.9	21341344	0.0833
NC_000024.9	21343559	0.0833
NC_000024.9	21343629	0.0833
NC_000024.9	21343645	0.0833
NC_000024.9	21344508	0.0833
NC_000024.9	21344588	0.0833
NC_000024.9	21344788	0.1667
NC_000024.9	21346777	0.1667
NC_000024.9	21346974	0.0833
NC_000024.9	21346975	0.0833
NC_000024.9	21346982	0.0833
NC_000024.9	21348619	0.0833
NC_000024.9	21349119	0.0833
NC_000024.9	21349945	0.0833
NC_000024.9	21352682	0.0833
NC_000024.9	21352940	0.0833
NC_000024.9	21353355	0.0833
NC_000024.9	21353965	0.1667
NC_000024.9	21356005	0.0833
NC_000024.9	21358197	0.0833
NC_000024.9	21359047	0.0833
NC_000024.9	21360365	0.0833
NC_000024.9	21361236	0.0833
NC_000024.9	21361241	0.0833
NC_000024.9	21365076	0.0833
NC_000024.9	21365661	0.1667
NC_000024.9	21367668	0.0833
NC_000024.9	21368212	0.25
NC_000024.9	21368217	0.1667
NC_000024.9	21370262	0.0833
NC_000024.9	21370911	0.0833
NC_000024.9	21375255	0.0833
NC_000024.9	21375629	0.1667
NC_000024.9	21376110	0.0909
NC_000024.9	21377039	0.0909
NC_000024.9	21378573	0.1818
NC_000024.9	21382013	0.0833
NC_000024.9	21384598	0.0833
NC_000024.9	21385153	0.0833
NC_000024.9	21385724	0.1667
NC_000024.9	21387175	0.0833
NC_000024.9	21388443	0.0833
NC_000024.9	21389240	0.0833
NC_000024.9	21389292	0.0833
NC_000024.9	21389667	0.0833
NC_000024.9	21390314	0.0833
NC_000024.9	21391240	0.1667
NC_000024.9	21391476	0.0833
NC_000024.9	21391651	0.0833
NC_000024.9	21391851	0.0833
NC_000024.9	21394950	0.0909
NC_000024.9	21395650	0.0909
NC_000024.9	21396960	0.0909
NC_000024.9	21397186	0.0909
NC_000024.9	21397457	0.0909
NC_000024.9	21397875	0.0909
NC_000024.9	21398584	0.1667
NC_000024.9	21399727	0.1667
NC_000024.9	21399932	0.0833
NC_000024.9	21402029	0.0833
NC_000024.9	21402461	0.0833
NC_000024.9	21405771	0.0833
NC_000024.9	21408046	0.0833
NC_000024.9	21410887	0.0833
NC_000024.9	21412820	0.0833
NC_000024.9	21412975	0.1667
NC_000024.9	21413635	0.1667
NC_000024.9	21414338	0.0833
NC_000024.9	21414940	0.0833
NC_000024.9	21423620	0.0833
NC_000024.9	21424472	0.1667
NC_000024.9	21425145	0.0833
NC_000024.9	21425375	0.0833
NC_000024.9	21426909	0.0833
NC_000024.9	21427599	0.0833
NC_000024.9	21427667	0.1667
NC_000024.9	21429988	0.1667
NC_000024.9	21434384	0.0833
NC_000024.9	21440147	0.0833
NC_000024.9	21440936	0.0833
NC_000024.9	21446957	0.0833
NC_000024.9	21447936	0.0833
NC_000024.9	21448884	0.0833
NC_000024.9	21449186	0.0833
NC_000024.9	21451978	0.1818
NC_000024.9	21451986	0.0909
NC_000024.9	21452201	0.0909
NC_000024.9	21452334	0.0909
NC_000024.9	21453551	0.0909
NC_000024.9	21454143	0.0833
NC_000024.9	21458735	0.0833
NC_000024.9	21459431	0.0833
NC_000024.9	21459855	0.1667
NC_000024.9	21459875	0.0833
NC_000024.9	21460403	0.0833
NC_000024.9	21463326	0.0833
NC_000024.9	21464227	0.0833
NC_000024.9	21466457	0.0833
NC_000024.9	21466597	0.0833
NC_000024.9	21466829	0.0833
NC_000024.9	21467117	0.0833
NC_000024.9	21468591	0.0833
NC_000024.9	21469036	0.0833
NC_000024.9	21469416	0.1667
NC_000024.9	21470547	0.0833
NC_000024.9	21471729	0.0833
NC_000024.9	21472301	0.0833
NC_000024.9	21473970	0.0833
NC_000024.9	21475706	0.0833
NC_000024.9	21476270	0.0833
NC_000024.9	21476473	0.0833
NC_000024.9	21477220	0.0833
NC_000024.9	21477232	0.1667
NC_000024.9	21477238	0.1667
NC_000024.9	21478706	0.0833
NC_000024.9	21479219	0.0833
NC_000024.9	21481429	0.0833
NC_000024.9	21481967	0.0833
NC_000024.9	21482483	0.1667
NC_000024.9	21483180	0.0833
NC_000024.9	21486590	0.0833
NC_000024.9	21487779	0.0833
NC_000024.9	21488609	0.0833
NC_000024.9	21490191	0.0833
NC_000024.9	21490252	0.0833
NC_000024.9	21491115	0.0833
NC_000024.9	21492793	0.0833
NC_000024.9	21494124	0.0833
NC_000024.9	21494207	0.0833
NC_000024.9	21495716	0.0833
NC_000024.9	21495767	0.0833
NC_000024.9	21495976	0.0833
NC_000024.9	21496242	0.0833
NC_000024.9	21499188	0.0833
NC_000024.9	21499947	0.0833
NC_000024.9	21504019	0.0833
NC_000024.9	21504449	0.0833
NC_000024.9	21510396	0.0833
NC_000024.9	21510637	0.0833
NC_000024.9	21511143	0.0833
NC_000024.9	21511636	0.0833
NC_000024.9	21512419	0.0833
NC_000024.9	21517021	0.0833
NC_000024.9	21518721	0.0833
NC_000024.9	21519016	0.0833
NC_000024.9	21519333	0.0833
NC_000024.9	21519815	0.0833
NC_000024.9	21522435	0.1667
NC_000024.9	21524159	0.1667
NC_000024.9	21527279	0.0833
NC_000024.9	21527556	0.0833
NC_000024.9	21528513	0.0833
NC_000024.9	21532389	0.0833
NC_000024.9	21532835	0.0833
NC_000024.9	21533405	0.0833
NC_000024.9	21533955	0.0833
NC_000024.9	21534869	0.0833
NC_000024.9	21535052	0.0833
NC_000024.9	21537491	0.0833
NC_000024.9	21537520	0.1667
NC_000024.9	21538192	0.1667
NC_000024.9	21539624	0.0833
NC_000024.9	21540987	0.0833
NC_000024.9	21540988	0.0833
NC_000024.9	21541028	0.1667
NC_000024.9	21542214	0.0833
NC_000024.9	21543868	0.0833
NC_000024.9	21545990	0.0833
NC_000024.9	21550337	0.0909
NC_000024.9	21551652	0.0909
NC_000024.9	21551672	0.0909
NC_000024.9	21551692	0.0909
NC_000024.9	21551693	0.0909
NC_000024.9	21551712	0.1818
NC_000024.9	21551767	0.0909
NC_000024.9	21551823	0.0909
NC_000024.9	21551825	0.2727
NC_000024.9	21551843	0.0909
NC_000024.9	21551885	0.0909
NC_000024.9	21551917	0.1818
NC_000024.9	21552448	0.0909
NC_000024.9	21553510	0.0909
NC_000024.9	21553949	0.0909
NC_000024.9	21553959	0.0909
NC_000024.9	21555038	0.0833
NC_000024.9	21556537	0.0833
NC_000024.9	21556877	0.0833
NC_000024.9	21561705	0.0833
NC_000024.9	21562115	0.1667
NC_000024.9	21562790	0.0833
NC_000024.9	21563894	0.1667
NC_000024.9	21564654	0.0833
NC_000024.9	21565962	0.1667
NC_000024.9	21566042	0.0833
NC_000024.9	21567671	0.0833
NC_000024.9	21567686	0.0833
NC_000024.9	21567932	0.0833
NC_000024.9	21568587	0.0833
NC_000024.9	21570232	0.0833
NC_000024.9	21570603	0.1667
NC_000024.9	21571136	0.0833
NC_000024.9	21571895	0.0833
NC_000024.9	21573177	0.0833
NC_000024.9	21573840	0.1667
NC_000024.9	21574858	0.0833
NC_000024.9	21576051	0.0833
NC_000024.9	21576702	0.0833
NC_000024.9	21577109	0.0833
NC_000024.9	21577766	0.0833
NC_000024.9	21579111	0.0833
NC_000024.9	21579398	0.1667
NC_000024.9	21580662	0.0833
NC_000024.9	21582138	0.0833
NC_000024.9	21582351	0.0833
NC_000024.9	21582497	0.0833
NC_000024.9	21583031	0.0833
NC_000024.9	21584482	0.0833
NC_000024.9	21584795	0.0833
NC_000024.9	21585410	0.0833
NC_000024.9	21585514	0.1667
NC_000024.9	21587924	0.0833
NC_000024.9	21592147	0.0833
NC_000024.9	21597897	0.1667
NC_000024.9	21598829	0.0833
NC_000024.9	21600665	0.0833
NC_000024.9	21609817	0.0833
NC_000024.9	21610831	0.0833
NC_000024.9	21612618	0.1667
NC_000024.9	21616190	0.1667
NC_000024.9	21616522	0.0833
NC_000024.9	21616693	0.0833
NC_000024.9	21617793	0.0833
NC_000024.9	21618013	0.1667
NC_000024.9	21618583	0.0833
NC_000024.9	21618856	0.0833
NC_000024.9	21621564	0.0833
NC_000024.9	21622096	0.0833
NC_000024.9	21622381	0.0833
NC_000024.9	21624571	0.1667
NC_000024.9	21624634	0.1667
NC_000024.9	21627877	0.0909
NC_000024.9	21628729	0.0909
NC_000024.9	21633451	0.0833
NC_000024.9	21637002	0.0833
NC_000024.9	21637759	0.1667
NC_000024.9	21639068	0.0833
NC_000024.9	21639595	0.0833
NC_000024.9	21643140	0.0833
NC_000024.9	21644505	0.0833
NC_000024.9	21646196	0.0833
NC_000024.9	21646577	0.0833
NC_000024.9	21648948	0.0833
NC_000024.9	21650140	0.0833
NC_000024.9	21650141	0.0833
NC_000024.9	21650381	0.0833
NC_000024.9	21651669	0.25
NC_000024.9	21652284	0.0833
NC_000024.9	21655526	0.0833
NC_000024.9	21658631	0.0833
NC_000024.9	21662435	0.0833
NC_000024.9	21665439	0.0833
NC_000024.9	21666182	0.0833
NC_000024.9	21669658	0.1667
NC_000024.9	21670910	0.0833
NC_000024.9	21672696	0.0833
NC_000024.9	21674225	0.0833
NC_000024.9	21674378	0.1667
NC_000024.9	21678616	0.0833
NC_000024.9	21680540	0.0833
NC_000024.9	21683734	0.0833
NC_000024.9	21687985	0.1667
NC_000024.9	21688001	0.0833
NC_000024.9	21688177	0.0833
NC_000024.9	21690291	0.0833
NC_000024.9	21691570	0.0833
NC_000024.9	21694285	0.0833
NC_000024.9	21698424	0.1667
NC_000024.9	21698503	0.0833
NC_000024.9	21698651	0.0833
NC_000024.9	21699526	0.0833
NC_000024.9	21700267	0.1667
NC_000024.9	21706626	0.0833
NC_000024.9	21707315	0.0833
NC_000024.9	21715326	0.0833
NC_000024.9	21717208	0.1667
NC_000024.9	21720515	0.0833
NC_000024.9	21724309	0.0833
NC_000024.9	21724552	0.0833
NC_000024.9	21732664	0.0833
NC_000024.9	21734239	0.0833
NC_000024.9	21735190	0.0833
NC_000024.9	21738268	0.1667
NC_000024.9	21739754	0.0833
NC_000024.9	21740716	0.0833
NC_000024.9	21741703	0.0833
NC_000024.9	21741743	0.0833
NC_000024.9	21741755	0.0833
NC_000024.9	21744532	0.1667
NC_000024.9	21745109	0.0833
NC_000024.9	21747107	0.0833
NC_000024.9	21750701	0.0833
NC_000024.9	21753140	0.0833
NC_000024.9	21758870	0.0833
NC_000024.9	21761947	0.0833
NC_000024.9	21762384	0.0833
NC_000024.9	21764586	0.0833
NC_000024.9	21767959	0.0833
NC_000024.9	21768404	0.0833
NC_000024.9	21772834	0.0833
NC_000024.9	21775041	0.1667
NC_000024.9	21775260	0.0833
NC_000024.9	21775402	0.1667
NC_000024.9	21775935	0.0833
NC_000024.9	21776861	0.0833
NC_000024.9	21777040	0.0833
NC_000024.9	21777218	0.0833
NC_000024.9	21778998	0.0833
NC_000024.9	21779685	0.1667
NC_000024.9	21781501	0.0833
NC_000024.9	21782311	0.0833
NC_000024.9	21784347	0.0833
NC_000024.9	21786816	0.0833
NC_000024.9	21786996	0.0833
NC_000024.9	21787123	0.0833
NC_000024.9	21787923	0.0833
NC_000024.9	21788031	0.0833
NC_000024.9	21791369	0.1667
NC_000024.9	21791371	0.1667
NC_000024.9	21791838	0.0833
NC_000024.9	21792125	0.0833
NC_000024.9	21792158	0.0833
NC_000024.9	21793754	0.0833
NC_000024.9	21797330	0.0833
NC_000024.9	21797754	0.0833
NC_000024.9	21797986	0.0833
NC_000024.9	21798185	0.0833
NC_000024.9	21799247	0.0833
NC_000024.9	21799753	0.0833
NC_000024.9	21803060	0.0833
NC_000024.9	21803239	0.25
NC_000024.9	21803813	0.0833
NC_000024.9	21803897	0.0833
NC_000024.9	21805713	0.0833
NC_000024.9	21806392	0.0833
NC_000024.9	21807381	0.0833
NC_000024.9	21807859	0.1818
NC_000024.9	21809035	0.0833
NC_000024.9	21810124	0.0833
NC_000024.9	21811276	0.1667
NC_000024.9	21813040	0.1667
NC_000024.9	21814150	0.0833
NC_000024.9	21815245	0.0833
NC_000024.9	21816454	0.1667
NC_000024.9	21821561	0.0833
NC_000024.9	21822881	0.0833
NC_000024.9	21823126	0.0833
NC_000024.9	21823552	0.0833
NC_000024.9	21826877	0.0833
NC_000024.9	21829482	0.0833
NC_000024.9	21830000	0.0833
NC_000024.9	21832665	0.0833
NC_000024.9	21839969	0.0833
NC_000024.9	21839970	0.0833
NC_000024.9	21840117	0.0833
NC_000024.9	21841432	0.0833
NC_000024.9	21843141	0.0833
NC_000024.9	21849397	0.0833
NC_000024.9	21850400	0.1667
NC_000024.9	21850890	0.1667
NC_000024.9	21853063	0.0833
NC_000024.9	21853778	0.0909
NC_000024.9	21853779	0.2
NC_000024.9	21853780	0.0833
NC_000024.9	21859617	0.0833
NC_000024.9	21861523	0.0833
NC_000024.9	21862193	0.1667
NC_000024.9	21863143	0.0833
NC_000024.9	21863617	0.0833
NC_000024.9	21865453	0.0833
NC_000024.9	21866491	0.0833
NC_000024.9	21866840	0.0833
NC_000024.9	21868056	0.1667
NC_000024.9	21874309	0.0833
NC_000024.9	21874796	0.0833
NC_000024.9	21875538	0.0833
NC_000024.9	21883582	0.0833
NC_000024.9	21884326	0.0833
NC_000024.9	21884353	0.0833
NC_000024.9	21886838	0.0833
NC_000024.9	21886948	0.0833
NC_000024.9	21887712	0.0833
NC_000024.9	21888634	0.0833
NC_000024.9	21891700	0.0833
NC_000024.9	21891933	0.0833
NC_000024.9	21891955	0.0833
NC_000024.9	21896049	0.0833
NC_000024.9	21896548	0.0833
NC_000024.9	21897903	0.0833
NC_000024.9	21899853	0.1667
NC_000024.9	21903853	0.0833
NC_000024.9	21904463	0.0833
NC_000024.9	21906427	0.0833
NC_000024.9	21909401	0.0833
NC_000024.9	21909529	0.0833
NC_000024.9	21913888	0.1667
NC_000024.9	21914290	0.0833
NC_000024.9	21915659	0.0833
NC_000024.9	21917313	0.0833
NC_000024.9	21918161	0.0833
NC_000024.9	21922407	0.0833
NC_000024.9	21923836	0.0833
NC_000024.9	21927387	0.0833
NC_000024.9	21927923	0.0833
NC_000024.9	21927924	0.1667
NC_000024.9	21928952	0.0833
NC_000024.9	21928983	0.0833
NC_000024.9	21930259	0.0833
NC_000024.9	21935749	0.0833
NC_000024.9	21936857	0.0833
NC_000024.9	21937573	0.0833
NC_000024.9	21938158	0.0833
NC_000024.9	21942555	0.0833
NC_000024.9	21943125	0.0833
NC_000024.9	21943496	0.1667
NC_000024.9	21944598	0.0833
NC_000024.9	21946207	0.0833
NC_000024.9	21946408	0.1667
NC_000024.9	21947464	0.0833
NC_000024.9	21947989	0.0833
NC_000024.9	21950104	0.1667
NC_000024.9	21950315	0.0833
NC_000024.9	21951680	0.1667
NC_000024.9	21958683	0.0833
NC_000024.9	21960248	0.0833
NC_000024.9	21960436	0.0833
NC_000024.9	21965474	0.0833
NC_000024.9	21966807	0.0833
NC_000024.9	21966890	0.0833
NC_000024.9	21968581	0.0833
NC_000024.9	21968587	0.0833
NC_000024.9	21970057	0.25
NC_000024.9	21972926	0.0833
NC_000024.9	21974118	0.0833
NC_000024.9	21974190	0.0833
NC_000024.9	21974364	0.0833
NC_000024.9	21975362	0.0833
NC_000024.9	21975540	0.0833
NC_000024.9	21977569	0.0833
NC_000024.9	21977714	0.0833
NC_000024.9	21983472	0.0833
NC_000024.9	21983698	0.0833
NC_000024.9	21984265	0.1667
NC_000024.9	21986516	0.1667
NC_000024.9	21986698	0.0833
NC_000024.9	21987428	0.0833
NC_000024.9	21988601	0.0833
NC_000024.9	21991152	0.0833
NC_000024.9	21992676	0.0833
NC_000024.9	21994261	0.0833
NC_000024.9	21995247	0.0833
NC_000024.9	22001099	0.0833
NC_000024.9	22001694	0.0833
NC_000024.9	22002716	0.0833
NC_000024.9	22005827	0.0909
NC_000024.9	22006676	0.0909
NC_000024.9	22007989	0.0909
NC_000024.9	22009869	0.0909
NC_000024.9	22011930	0.0909
NC_000024.9	22012657	0.0909
NC_000024.9	22014732	0.0909
NC_000024.9	22015037	0.1818
NC_000024.9	22015176	0.0909
NC_000024.9	22018759	0.0909
NC_000024.9	22019952	0.0909
NC_000024.9	22022237	0.0909
NC_000024.9	22023063	0.0909
NC_000024.9	22023233	0.0909
NC_000024.9	22023532	0.0909
NC_000024.9	22024547	0.1818
NC_000024.9	22024891	0.0909
NC_000024.9	22025458	0.0909
NC_000024.9	22027847	0.0833
NC_000024.9	22028368	0.1667
NC_000024.9	22033157	0.1667
NC_000024.9	22033158	0.0833
NC_000024.9	22036892	0.0833
NC_000024.9	22042987	0.0833
NC_000024.9	22047217	0.0833
NC_000024.9	22055246	0.0833
NC_000024.9	22055342	0.1667
NC_000024.9	22058593	0.0833
NC_000024.9	22062576	0.0833
NC_000024.9	22062727	0.0833
NC_000024.9	22062846	0.0833
NC_000024.9	22066278	0.1667
NC_000024.9	22066461	0.0833
NC_000024.9	22067044	0.0833
NC_000024.9	22069042	0.0833
NC_000024.9	22073611	0.0833
NC_000024.9	22076795	0.0833
NC_000024.9	22076925	0.0833
NC_000024.9	22079278	0.1667
NC_000024.9	22082341	0.0833
NC_000024.9	22082945	0.0833
NC_000024.9	22083660	0.0833
NC_000024.9	22084600	0.0833
NC_000024.9	22086350	0.0833
NC_000024.9	22086661	0.1667
NC_000024.9	22087244	0.0833
NC_000024.9	22087691	0.0833
NC_000024.9	22088222	0.0833
NC_000024.9	22089175	0.0833
NC_000024.9	22089258	0.0833
NC_000024.9	22093390	0.0833
NC_000024.9	22097831	0.1667
NC_000024.9	22098674	0.0833
NC_000024.9	22100730	0.0833
NC_000024.9	22103786	0.1667
NC_000024.9	22104647	0.1667
NC_000024.9	22107715	0.0833
NC_000024.9	22108101	0.1667
NC_000024.9	22110086	0.1667
NC_000024.9	22111732	0.0833
NC_000024.9	22113838	0.0833
NC_000024.9	22114536	0.1667
NC_000024.9	22117633	0.0833
NC_000024.9	22125138	0.1667
NC_000024.9	22129214	0.0833
NC_000024.9	22130485	0.0833
NC_000024.9	22136242	0.1667
NC_000024.9	22137032	0.0833
NC_000024.9	22137240	0.0833
NC_000024.9	22138373	0.0833
NC_000024.9	22138654	0.0833
NC_000024.9	22140486	0.0833
NC_000024.9	22143034	0.0833
NC_000024.9	22144055	0.0833
NC_000024.9	22144921	0.0833
NC_000024.9	22146824	0.1667
NC_000024.9	22147826	0.1667
NC_000024.9	22150804	0.25
NC_000024.9	22151291	0.0833
NC_000024.9	22151889	0.0833
NC_000024.9	22151981	0.0833
NC_000024.9	22152515	0.0833
NC_000024.9	22154421	0.0833
NC_000024.9	22155250	0.0833
NC_000024.9	22156248	0.0833
NC_000024.9	22156498	0.0833
NC_000024.9	22156852	0.0833
NC_000024.9	22157629	0.0833
NC_000024.9	22158261	0.0833
NC_000024.9	22159207	0.0833
NC_000024.9	22160158	0.0833
NC_000024.9	22160826	0.1667
NC_000024.9	22161502	0.0833
NC_000024.9	22161783	0.0833
NC_000024.9	22161891	0.0833
NC_000024.9	22163015	0.0833
NC_000024.9	22168468	0.0833
NC_000024.9	22168522	0.0833
NC_000024.9	22168598	0.1667
NC_000024.9	22170600	0.0833
NC_000024.9	22174553	0.0833
NC_000024.9	22175388	0.0833
NC_000024.9	22175999	0.0833
NC_000024.9	22176853	0.1667
NC_000024.9	22176859	0.0833
NC_000024.9	22177486	0.0833
NC_000024.9	22178004	0.0833
NC_000024.9	22178817	0.1667
NC_000024.9	22180636	0.0833
NC_000024.9	22181731	0.0833
NC_000024.9	22182562	0.0833
NC_000024.9	22183085	0.0833
NC_000024.9	22184587	0.0833
NC_000024.9	22185679	0.0833
NC_000024.9	22187626	0.0833
NC_000024.9	22188128	0.0833
NC_000024.9	22188682	0.0833
NC_000024.9	22191243	0.0833
NC_000024.9	22192088	0.0833
NC_000024.9	22193299	0.0833
NC_000024.9	22193981	0.0833
NC_000024.9	22194543	0.0833
NC_000024.9	22195698	0.0833
NC_000024.9	22196289	0.1667
NC_000024.9	22196501	0.0833
NC_000024.9	22196627	0.0833
NC_000024.9	22197880	0.0833
NC_000024.9	22199307	0.0833
NC_000024.9	22201371	0.1667
NC_000024.9	22202464	0.1667
NC_000024.9	22203130	0.0833
NC_000024.9	22203237	0.0833
NC_000024.9	22203465	0.0909
NC_000024.9	22203556	0.1
NC_000024.9	22204159	0.0909
NC_000024.9	22204702	0.0909
NC_000024.9	22205352	0.0909
NC_000024.9	22208408	0.0909
NC_000024.9	22208599	0.0909
NC_000024.9	22210505	0.125
NC_000024.9	22212735	0.0833
NC_000024.9	22213135	0.0833
NC_000024.9	22214221	0.0833
NC_000024.9	22215270	0.0833
NC_000024.9	22215364	0.0833
NC_000024.9	22215838	0.0833
NC_000024.9	22216155	0.0833
NC_000024.9	22513117	0.0833
NC_000024.9	22513921	0.0833
NC_000024.9	22514013	0.0833
NC_000024.9	22514078	0.1667
NC_000024.9	22516827	0.0833
NC_000024.9	22517413	0.25
NC_000024.9	22520223	0.0833
NC_000024.9	22520506	0.0833
NC_000024.9	22521304	0.0833
NC_000024.9	22521507	0.0833
NC_000024.9	22521638	0.1667
NC_000024.9	22521712	0.1667
NC_000024.9	22524458	0.0833
NC_000024.9	22524776	0.0833
NC_000024.9	22525625	0.0833
NC_000024.9	22525710	0.0833
NC_000024.9	22526652	0.0833
NC_000024.9	22528602	0.0833
NC_000024.9	22529438	0.0833
NC_000024.9	22529475	0.0833
NC_000024.9	22531260	0.0833
NC_000024.9	22532007	0.0833
NC_000024.9	22532055	0.1667
NC_000024.9	22533735	0.0833
NC_000024.9	22534032	0.1667
NC_000024.9	22534231	0.0833
NC_000024.9	22534784	0.0833
NC_000024.9	22535215	0.1667
NC_000024.9	22535535	0.0833
NC_000024.9	22535695	0.0833
NC_000024.9	22536464	0.0833
NC_000024.9	22537183	0.0833
NC_000024.9	22538799	0.0833
NC_000024.9	22540001	0.0833
NC_000024.9	22540512	0.0833
NC_000024.9	22540540	0.1667
NC_000024.9	22540571	0.1667
NC_000024.9	22541120	0.1667
NC_000024.9	22542059	0.0833
NC_000024.9	22542250	0.1667
NC_000024.9	22542302	0.1667
NC_000024.9	22542499	0.0833
NC_000024.9	22543193	0.0833
NC_000024.9	22543612	0.0833
NC_000024.9	22544103	0.1667
NC_000024.9	22544523	0.0833
NC_000024.9	22545399	0.1667
NC_000024.9	22546336	0.0833
NC_000024.9	22547245	0.0833
NC_000024.9	22547919	0.0833
NC_000024.9	22548992	0.0833
NC_000024.9	22549566	0.0833
NC_000024.9	22551169	0.0833
NC_000024.9	22551940	0.0833
NC_000024.9	22552054	0.0833
NC_000024.9	22553976	0.0833
NC_000024.9	22557810	0.0833
NC_000024.9	22559600	0.0833
NC_000024.9	22562821	0.1667
NC_000024.9	22564026	0.0833
NC_000024.9	22564809	0.0833
NC_000024.9	22565622	0.0833
NC_000024.9	22567345	0.1667
NC_000024.9	22567648	0.0833
NC_000024.9	22567951	0.0833
NC_000024.9	22569871	0.1667
NC_000024.9	22571221	0.0833
NC_000024.9	22571947	0.0833
NC_000024.9	22574375	0.1667
NC_000024.9	22575140	0.0833
NC_000024.9	22575539	0.0833
NC_000024.9	22575788	0.0833
NC_000024.9	22576530	0.0833
NC_000024.9	22578344	0.0833
NC_000024.9	22579451	0.0833
NC_000024.9	22579949	0.0833
NC_000024.9	22581381	0.0833
NC_000024.9	22582871	0.0833
NC_000024.9	22586506	0.0833
NC_000024.9	22587966	0.0833
NC_000024.9	22588254	0.1667
NC_000024.9	22589063	0.0833
NC_000024.9	22590845	0.0909
NC_000024.9	22591410	0.0909
NC_000024.9	22593111	0.0909
NC_000024.9	22593509	0.0909
NC_000024.9	22594175	0.0833
NC_000024.9	22594299	0.1667
NC_000024.9	22594751	0.0833
NC_000024.9	22595210	0.0833
NC_000024.9	22596245	0.0833
NC_000024.9	22597915	0.1667
NC_000024.9	22598263	0.0833
NC_000024.9	22604209	0.1667
NC_000024.9	22604735	0.0833
NC_000024.9	22605575	0.0833
NC_000024.9	22606947	0.0833
NC_000024.9	22607207	0.0833
NC_000024.9	22609786	0.1667
NC_000024.9	22610289	0.0833
NC_000024.9	22611609	0.0833
NC_000024.9	22614049	0.0833
NC_000024.9	22624911	0.0833
NC_000024.9	22625358	0.0833
NC_000024.9	22625732	0.0833
NC_000024.9	22626501	0.0833
NC_000024.9	22627485	0.0833
NC_000024.9	22631570	0.0833
NC_000024.9	22634506	0.0833
NC_000024.9	22639802	0.0833
NC_000024.9	22642601	0.0833
NC_000024.9	22645002	0.0833
NC_000024.9	22646683	0.0833
NC_000024.9	22646728	0.0833
NC_000024.9	22648330	0.0833
NC_000024.9	22653287	0.1667
NC_000024.9	22655873	0.0833
NC_000024.9	22660802	0.0833
NC_000024.9	22664767	0.0833
NC_000024.9	22665004	0.0833
NC_000024.9	22665262	0.0833
NC_000024.9	22666274	0.0833
NC_000024.9	22666365	0.0833
NC_000024.9	22667818	0.1667
NC_000024.9	22671460	0.0833
NC_000024.9	22671606	0.0833
NC_000024.9	22672214	0.0833
NC_000024.9	22672554	0.0833
NC_000024.9	22673903	0.0833
NC_000024.9	22681905	0.25
NC_000024.9	22687532	0.0833
NC_000024.9	22688703	0.0833
NC_000024.9	22688731	0.0833
NC_000024.9	22690044	0.1667
NC_000024.9	22690216	0.0833
NC_000024.9	22693602	0.0833
NC_000024.9	22696976	0.1667
NC_000024.9	22698865	0.0833
NC_000024.9	22700429	0.0833
NC_000024.9	22705644	0.0833
NC_000024.9	22706365	0.0833
NC_000024.9	22706694	0.0833
NC_000024.9	22707835	0.0833
NC_000024.9	22709024	0.0833
NC_000024.9	22714249	0.0833
NC_000024.9	22719912	0.0833
NC_000024.9	22721522	0.0833
NC_000024.9	22722792	0.0833
NC_000024.9	22726491	0.0833
NC_000024.9	22726752	0.0833
NC_000024.9	22727889	0.1667
NC_000024.9	22728625	0.0833
NC_000024.9	22729936	0.0833
NC_000024.9	22730555	0.0833
NC_000024.9	22730777	0.0833
NC_000024.9	22733284	0.0833
NC_000024.9	22733760	0.0833
NC_000024.9	22742407	0.0833
NC_000024.9	22742528	0.1667
NC_000024.9	22742666	0.0833
NC_000024.9	22743701	0.0833
NC_000024.9	22744945	0.0833
NC_000024.9	22748506	0.0833
NC_000024.9	22750975	0.1667
NC_000024.9	22751997	0.1667
NC_000024.9	22762208	0.0833
NC_000024.9	22766386	0.0833
NC_000024.9	22768626	0.0833
NC_000024.9	22769564	0.1667
NC_000024.9	22774150	0.0833
NC_000024.9	22775162	0.0833
NC_000024.9	22780278	0.1667
NC_000024.9	22781942	0.0833
NC_000024.9	22784669	0.0833
NC_000024.9	22786268	0.0833
NC_000024.9	22788835	0.0833
NC_000024.9	22789639	0.0833
NC_000024.9	22789701	0.0833
NC_000024.9	22790410	0.0833
NC_000024.9	22790601	0.25
NC_000024.9	22792896	0.0833
NC_000024.9	22793470	0.0833
NC_000024.9	22795832	0.0833
NC_000024.9	22798411	0.0833
NC_000024.9	22798764	0.0833
NC_000024.9	22802725	0.0833
NC_000024.9	22802815	0.0833
NC_000024.9	22802823	0.0833
NC_000024.9	22803996	0.0833
NC_000024.9	22805400	0.0833
NC_000024.9	22805541	0.0833
NC_000024.9	22809740	0.0833
NC_000024.9	22813695	0.0833
NC_000024.9	22815524	0.1667
NC_000024.9	22815525	0.25
NC_000024.9	22816222	0.1667
NC_000024.9	22816223	0.1667
NC_000024.9	22816242	0.1667
NC_000024.9	22816252	0.0833
NC_000024.9	22816284	0.0833
NC_000024.9	22816289	0.0833
NC_000024.9	22817840	0.1667
NC_000024.9	22821302	0.0833
NC_000024.9	22822418	0.1667
NC_000024.9	22823374	0.0833
NC_000024.9	22824261	0.0833
NC_000024.9	22824873	0.0833
NC_000024.9	22826447	0.0833
NC_000024.9	22828730	0.1667
NC_000024.9	22829376	0.1667
NC_000024.9	22834217	0.0833
NC_000024.9	22835237	0.0833
NC_000024.9	22837235	0.25
NC_000024.9	22846293	0.0833
NC_000024.9	22847778	0.0833
NC_000024.9	22847909	0.0833
NC_000024.9	22850240	0.0833
NC_000024.9	22853119	0.0833
NC_000024.9	22859747	0.0833
NC_000024.9	22861503	0.0833
NC_000024.9	22863784	0.0833
NC_000024.9	22866729	0.0833
NC_000024.9	22866913	0.0833
NC_000024.9	22870780	0.1667
NC_000024.9	22872115	0.1667
NC_000024.9	22872796	0.0833
NC_000024.9	22879049	0.0833
NC_000024.9	22881506	0.0833
NC_000024.9	22881961	0.0833
NC_000024.9	22884322	0.1667
NC_000024.9	22884954	0.0833
NC_000024.9	22886713	0.0833
NC_000024.9	22888319	0.0833
NC_000024.9	22890739	0.1667
NC_000024.9	22893834	0.0833
NC_000024.9	22898216	0.0833
NC_000024.9	22898979	0.0833
NC_000024.9	22903616	0.0833
NC_000024.9	22909288	0.0833
NC_000024.9	22909618	0.0833
NC_000024.9	22914979	0.0833
NC_000024.9	22915709	0.0833
NC_000024.9	22917231	0.0833
NC_000024.9	22918577	0.0833
NC_000024.9	22919967	0.0833
NC_000024.9	22920654	0.0833
NC_000024.9	22921768	0.1667
NC_000024.9	22923095	0.0833
NC_000024.9	22924372	0.0833
NC_000024.9	22924740	0.0833
NC_000024.9	22928066	0.0833
NC_000024.9	22930241	0.0833
NC_000024.9	22931431	0.0833
NC_000024.9	22931502	0.0833
NC_000024.9	22937380	0.0833
NC_000024.9	22938991	0.0833
NC_000024.9	22940524	0.0833
NC_000024.9	22941490	0.0833
NC_000024.9	22949598	0.1667
NC_000024.9	22950108	0.25
NC_000024.9	22952457	0.0833
NC_000024.9	22955024	0.0833
NC_000024.9	22957136	0.1667
NC_000024.9	22962154	0.0833
NC_000024.9	22962303	0.0833
NC_000024.9	22962800	0.0833
NC_000024.9	22965978	0.0833
NC_000024.9	22968144	0.0833
NC_000024.9	22968173	0.0833
NC_000024.9	22968980	0.0833
NC_000024.9	22970201	0.0833
NC_000024.9	22971943	0.0833
NC_000024.9	22974152	0.0833
NC_000024.9	22974510	0.1667
NC_000024.9	22974783	0.0833
NC_000024.9	22978346	0.0833
NC_000024.9	22978713	0.0833
NC_000024.9	22980230	0.0833
NC_000024.9	22981235	0.0833
NC_000024.9	22981819	0.0833
NC_000024.9	22981820	0.0833
NC_000024.9	22982322	0.0833
NC_000024.9	22984334	0.0833
NC_000024.9	22985384	0.0833
NC_000024.9	22985894	0.0833
NC_000024.9	22985896	0.1667
NC_000024.9	22987047	0.25
NC_000024.9	22987215	0.0833
NC_000024.9	22988227	0.1667
NC_000024.9	22988621	0.25
NC_000024.9	22989041	0.0909
NC_000024.9	22989098	0.1818
NC_000024.9	22989718	0.0833
NC_000024.9	22989742	0.0833
NC_000024.9	22990283	0.0833
NC_000024.9	22991064	0.1667
NC_000024.9	22993301	0.0909
NC_000024.9	22993472	0.0909
NC_000024.9	22999492	0.0909
NC_000024.9	22999882	0.0909
NC_000024.9	22999898	0.0909
NC_000024.9	23000838	0.0909
NC_000024.9	23001378	0.0909
NC_000024.9	23003779	0.1818
NC_000024.9	23004225	0.0909
NC_000024.9	23005081	0.0909
NC_000024.9	23005170	0.0909
NC_000024.9	23006218	0.1
NC_000024.9	23006413	0.1
NC_000024.9	23008488	0.0909
NC_000024.9	23009991	0.0909
NC_000024.9	23010471	0.0909
NC_000024.9	23011376	0.0909
NC_000024.9	23011519	0.0909
NC_000024.9	23013797	0.0909
NC_000024.9	23016766	0.0909
NC_000024.9	23018125	0.1818
NC_000024.9	23018861	0.0909
NC_000024.9	23020085	0.0909
NC_000024.9	23021729	0.0909
NC_000024.9	23022455	0.0909
NC_000024.9	23023974	0.0909
NC_000024.9	23025365	0.0909
NC_000024.9	23030404	0.1
NC_000024.9	23030717	0.1
NC_000024.9	23031542	0.1
NC_000024.9	23031841	0.1
NC_000024.9	23032020	0.1
NC_000024.9	23033455	0.1
NC_000024.9	23033528	0.1
NC_000024.9	23034542	0.1
NC_000024.9	23036030	0.1
NC_000024.9	23036288	0.1
NC_000024.9	23037362	0.1
NC_000024.9	23037849	0.1
NC_000024.9	23038071	0.1
NC_000024.9	23038171	0.1
NC_000024.9	23038899	0.1
NC_000024.9	23038902	0.1
NC_000024.9	23039152	0.1
NC_000024.9	23039783	0.1
NC_000024.9	23040647	0.1
NC_000024.9	23041792	0.1
NC_000024.9	23043943	0.1
NC_000024.9	23043976	0.1
NC_000024.9	23045482	0.1
NC_000024.9	23045843	0.1
NC_000024.9	23046295	0.1
NC_000024.9	23048146	0.1
NC_000024.9	23049011	0.1
NC_000024.9	23050748	0.1
NC_000024.9	23052518	0.1
NC_000024.9	23054925	0.1
NC_000024.9	23057067	0.1
NC_000024.9	23057447	0.1
NC_000024.9	23058362	0.1
NC_000024.9	23059591	0.1
NC_000024.9	23060487	0.1
NC_000024.9	23066312	0.1
NC_000024.9	23067031	0.1
NC_000024.9	23067770	0.1
NC_000024.9	23069036	0.1
NC_000024.9	23070534	0.2
NC_000024.9	23070852	0.1
NC_000024.9	23070865	0.1
NC_000024.9	23071126	0.1
NC_000024.9	23071182	0.1
NC_000024.9	23077324	0.0909
NC_000024.9	23077581	0.0909
NC_000024.9	23077874	0.0909
NC_000024.9	23078118	0.0909
NC_000024.9	23079324	0.0909
NC_000024.9	23079589	0.0909
NC_000024.9	23081753	0.0909
NC_000024.9	23081806	0.1818
NC_000024.9	23082077	0.0909
NC_000024.9	23084195	0.0909
NC_000024.9	23085251	0.0909
NC_000024.9	23085333	0.1818
NC_000024.9	23085361	0.1818
NC_000024.9	23086465	0.0909
NC_000024.9	23086875	0.0909
NC_000024.9	23087369	0.0909
NC_000024.9	23087403	0.0909
NC_000024.9	23087922	0.0909
NC_000024.9	23089185	0.0909
NC_000024.9	23089917	0.0909
NC_000024.9	23090404	0.0909
NC_000024.9	23092930	0.0909
NC_000024.9	23093685	0.0833
NC_000024.9	23095506	0.0833
NC_000024.9	23097835	0.0833
NC_000024.9	23098028	0.0833
NC_000024.9	23098171	0.0833
NC_000024.9	23099088	0.0833
NC_000024.9	23099824	0.0833
NC_000024.9	23099933	0.1667
NC_000024.9	23100967	0.1667
NC_000024.9	23101407	0.0833
NC_000024.9	23101591	0.0833
NC_000024.9	23102470	0.1667
NC_000024.9	23104948	0.0833
NC_000024.9	23105586	0.0833
NC_000024.9	23106149	0.0909
NC_000024.9	23106212	0.0909
NC_000024.9	23107978	0.1818
NC_000024.9	23108169	0.0909
NC_000024.9	23109096	0.0909
NC_000024.9	23109543	0.0909
NC_000024.9	23110603	0.0909
NC_000024.9	23111277	0.0909
NC_000024.9	23112744	0.0833
NC_000024.9	23113295	0.0833
NC_000024.9	23115653	0.0833
NC_000024.9	23115827	0.0833
NC_000024.9	23116966	0.0833
NC_000024.9	23117154	0.0833
NC_000024.9	23117567	0.0833
NC_000024.9	23119491	0.0833
NC_000024.9	23120464	0.0833
NC_000024.9	23120719	0.0833
NC_000024.9	23121287	0.1667
NC_000024.9	23123109	0.0833
NC_000024.9	23124130	0.0833
NC_000024.9	23124547	0.0833
NC_000024.9	23125630	0.0833
NC_000024.9	23125773	0.0833
NC_000024.9	23125972	0.0833
NC_000024.9	23126086	0.1667
NC_000024.9	23127441	0.0833
NC_000024.9	23127578	0.0833
NC_000024.9	23128486	0.1667
NC_000024.9	23131585	0.0833
NC_000024.9	23131627	0.0833
NC_000024.9	23134454	0.0833
NC_000024.9	23135484	0.0833
NC_000024.9	23137669	0.0833
NC_000024.9	23138653	0.0833
NC_000024.9	23139617	0.1667
NC_000024.9	23139618	0.0833
NC_000024.9	23142339	0.0833
NC_000024.9	23143577	0.1667
NC_000024.9	23145908	0.0833
NC_000024.9	23147848	0.1667
NC_000024.9	23148395	0.0833
NC_000024.9	23148929	0.0833
NC_000024.9	23151893	0.0833
NC_000024.9	23153631	0.0833
NC_000024.9	23154209	0.0833
NC_000024.9	23155572	0.1667
NC_000024.9	23158264	0.0833
NC_000024.9	23158930	0.0833
NC_000024.9	23159113	0.0833
NC_000024.9	23159640	0.0833
NC_000024.9	23161024	0.0833
NC_000024.9	23162250	0.0833
NC_000024.9	23163723	0.0833
NC_000024.9	23163914	0.0833
NC_000024.9	23163938	0.0833
NC_000024.9	23164144	0.0833
NC_000024.9	23166645	0.0833
NC_000024.9	23167028	0.0833
NC_000024.9	23168437	0.1818
NC_000024.9	23169366	0.1
NC_000024.9	23169710	0.1
NC_000024.9	23170748	0.1
NC_000024.9	23171301	0.1
NC_000024.9	23171320	0.1
NC_000024.9	23171534	0.1
NC_000024.9	23171705	0.1
NC_000024.9	23173503	0.1
NC_000024.9	23173523	0.1
NC_000024.9	23173682	0.1
NC_000024.9	23174372	0.3636
NC_000024.9	23174991	0.0909
NC_000024.9	23175257	0.1818
NC_000024.9	23176901	0.0909
NC_000024.9	23177868	0.0909
NC_000024.9	23179471	0.0909
NC_000024.9	23225981	0.0909
NC_000024.9	23227482	0.0909
NC_000024.9	23227517	0.1818
NC_000024.9	23227526	0.1818
NC_000024.9	23227529	0.0909
NC_000024.9	23227587	0.1818
NC_000024.9	23227589	0.0909
NC_000024.9	23227597	0.0909
NC_000024.9	23227598	0.1818
NC_000024.9	23227611	0.1818
NC_000024.9	23227621	0.0909
NC_000024.9	23227636	0.1818
NC_000024.9	23227639	0.1818
NC_000024.9	23227761	0.0909
NC_000024.9	23227769	0.1818
NC_000024.9	23227772	0.1818
NC_000024.9	23227775	0.1818
NC_000024.9	23227801	0.1818
NC_000024.9	23227806	0.0909
NC_000024.9	23227877	0.1818
NC_000024.9	23227883	0.0909
NC_000024.9	23228131	0.1818
NC_000024.9	23228622	0.0909
NC_000024.9	23229615	0.0909
NC_000024.9	23229972	0.0909
NC_000024.9	23230406	0.1818
NC_000024.9	23231181	0.0909
NC_000024.9	23233175	0.0909
NC_000024.9	23233272	0.0909
NC_000024.9	23234708	0.0909
NC_000024.9	23234852	0.0909
NC_000024.9	23235373	0.0909
NC_000024.9	23236755	0.0909
NC_000024.9	23237493	0.0909
NC_000024.9	23238489	0.0909
NC_000024.9	23238843	0.0909
NC_000024.9	23238985	0.0909
NC_000024.9	23240528	0.0909
NC_000024.9	23241832	0.0909
NC_000024.9	23244049	0.0909
NC_000024.9	23248047	0.0909
NC_000024.9	23249378	0.0909
NC_000024.9	23251394	0.0909
NC_000024.9	23252199	0.0909
NC_000024.9	23256074	0.1818
NC_000024.9	23257875	0.0909
NC_000024.9	23258160	0.0909
NC_000024.9	23258771	0.0909
NC_000024.9	23264209	0.1
NC_000024.9	23265828	0.1
NC_000024.9	23268660	0.0909
NC_000024.9	23268923	0.0909
NC_000024.9	23270727	0.0909
NC_000024.9	23271913	0.0909
NC_000024.9	23272451	0.0909
NC_000024.9	23279322	0.0909
NC_000024.9	23279424	0.0909
NC_000024.9	23280823	0.0909
NC_000024.9	23281928	0.1818
NC_000024.9	23284588	0.0909
NC_000024.9	23288212	0.0909
NC_000024.9	23288812	0.0909
NC_000024.9	23288854	0.1818
NC_000024.9	23290087	0.0909
NC_000024.9	23293596	0.0909
NC_000024.9	23293598	0.2727
NC_000024.9	23294247	0.1818
NC_000024.9	23294786	0.0909
NC_000024.9	23294948	0.0909
NC_000024.9	23295435	0.1818
NC_000024.9	23297975	0.0909
NC_000024.9	23298645	0.1818
NC_000024.9	23298813	0.0909
NC_000024.9	23302389	0.0909
NC_000024.9	23304971	0.0909
NC_000024.9	23306921	0.0909
NC_000024.9	23309116	0.0909
NC_000024.9	23309183	0.1818
NC_000024.9	23310415	0.0909
NC_000024.9	23311204	0.2727
NC_000024.9	23311212	0.1818
NC_000024.9	23311224	0.0909
NC_000024.9	23311265	0.0909
NC_000024.9	23314070	0.0909
NC_000024.9	23315961	0.1818
NC_000024.9	23316000	0.0909
NC_000024.9	23317714	0.0909
NC_000024.9	23318414	0.0909
NC_000024.9	23318888	0.0909
NC_000024.9	23320258	0.0909
NC_000024.9	23321847	0.0909
NC_000024.9	23327851	0.1818
NC_000024.9	23328431	0.1818
NC_000024.9	23332022	0.1818
NC_000024.9	23333446	0.0909
NC_000024.9	23335199	0.0909
NC_000024.9	23335246	0.0909
NC_000024.9	23335993	0.0909
NC_000024.9	23340106	0.0909
NC_000024.9	23342757	0.0909
NC_000024.9	23343449	0.0909
NC_000024.9	23345299	0.0909
NC_000024.9	23347971	0.0909
NC_000024.9	23348257	0.0909
NC_000024.9	23348611	0.0909
NC_000024.9	23349328	0.0833
NC_000024.9	23350688	0.0833
NC_000024.9	23351411	0.0833
NC_000024.9	23353901	0.0909
NC_000024.9	23357148	0.0909
NC_000024.9	23358182	0.0909
NC_000024.9	23358475	0.0909
NC_000024.9	23359299	0.2727
NC_000024.9	23367005	0.0909
NC_000024.9	23368876	0.0909
NC_000024.9	23369133	0.1818
NC_000024.9	23370336	0.0909
NC_000024.9	23370337	0.0909
NC_000024.9	23370402	0.0909
NC_000024.9	23371314	0.0909
NC_000024.9	23371879	0.0909
NC_000024.9	23376565	0.0909
NC_000024.9	23378174	0.0909
NC_000024.9	23385769	0.0909
NC_000024.9	23385959	0.0909
NC_000024.9	23388830	0.0909
NC_000024.9	23398609	0.1
NC_000024.9	23404711	0.1
NC_000024.9	23405276	0.1
NC_000024.9	23405883	0.1
NC_000024.9	23407446	0.1
NC_000024.9	23409735	0.1
NC_000024.9	23411411	0.1
NC_000024.9	23411914	0.1
NC_000024.9	23412043	0.1
NC_000024.9	23414494	0.1
NC_000024.9	23415316	0.1
NC_000024.9	23415340	0.1
NC_000024.9	23415342	0.1
NC_000024.9	23415344	0.1
NC_000024.9	23415346	0.1
NC_000024.9	23415873	0.1
NC_000024.9	23420165	0.1
NC_000024.9	23425309	0.1
NC_000024.9	23425384	0.2
NC_000024.9	23430285	0.1
NC_000024.9	23430306	0.1
NC_000024.9	23440388	0.1
NC_000024.9	23440815	0.1
NC_000024.9	23442231	0.1
NC_000024.9	23442648	0.2
NC_000024.9	23443613	0.1
NC_000024.9	23443971	0.1
NC_000024.9	23446521	0.1
NC_000024.9	23446926	0.1
NC_000024.9	23448326	0.1
NC_000024.9	23452327	0.1
NC_000024.9	23455072	0.1
NC_000024.9	23455556	0.1
NC_000024.9	23457682	0.1
NC_000024.9	23458825	0.1
NC_000024.9	23459374	0.1
NC_000024.9	23460447	0.1
NC_000024.9	23461373	0.1
NC_000024.9	23463283	0.1
NC_000024.9	23464197	0.1
NC_000024.9	23465345	0.1
NC_000024.9	23466289	0.1
NC_000024.9	23466468	0.1
NC_000024.9	23470235	0.1
NC_000024.9	23474348	0.2
NC_000024.9	23475853	0.1
NC_000024.9	23476015	0.1
NC_000024.9	23479535	0.0909
NC_000024.9	23480336	0.1818
NC_000024.9	23482539	0.0909
NC_000024.9	23485136	0.0909
NC_000024.9	23487864	0.1
NC_000024.9	23488824	0.0909
NC_000024.9	23488865	0.0909
NC_000024.9	23490117	0.0909
NC_000024.9	23493994	0.0909
NC_000024.9	23495950	0.0909
NC_000024.9	23500026	0.0909
NC_000024.9	23501980	0.1818
NC_000024.9	23506607	0.0909
NC_000024.9	23507478	0.0909
NC_000024.9	23509636	0.0909
NC_000024.9	23510867	0.0909
NC_000024.9	23513654	0.0909
NC_000024.9	23513836	0.0909
NC_000024.9	23514402	0.0909
NC_000024.9	23516334	0.0909
NC_000024.9	23523406	0.0909
NC_000024.9	23525307	0.0909
NC_000024.9	23527881	0.0909
NC_000024.9	23531944	0.0909
NC_000024.9	23538555	0.0909
NC_000024.9	23539931	0.0909
NC_000024.9	23539988	0.1818
NC_000024.9	23541657	0.0909
NC_000024.9	23544901	0.0909
NC_000024.9	23546762	0.0909
NC_000024.9	23547445	0.0909
NC_000024.9	23551003	0.0909
NC_000024.9	23551419	0.0909
NC_000024.9	23551460	0.0909
NC_000024.9	23553006	0.0909
NC_000024.9	23554606	0.0909
NC_000024.9	23554711	0.0909
NC_000024.9	23554731	0.0909
NC_000024.9	23554733	0.0909
NC_000024.9	23554761	0.2727
NC_000024.9	23554765	0.0909
NC_000024.9	23554773	0.1818
NC_000024.9	23554774	0.0909
NC_000024.9	23554777	0.0909
NC_000024.9	23555082	0.0909
NC_000024.9	23557902	0.0909
NC_000024.9	23558260	0.0909
NC_000024.9	23558791	0.0833
NC_000024.9	23559062	0.0833
NC_000024.9	23560290	0.0833
NC_000024.9	23560816	0.0833
NC_000024.9	23561669	0.0833
NC_000024.9	23565114	0.1667
NC_000024.9	23565361	0.0833
NC_000024.9	23565385	0.25
NC_000024.9	23565413	0.1667
NC_000024.9	23565420	0.1667
NC_000024.9	23565421	0.0833
NC_000024.9	23565424	0.0833
NC_000024.9	23565428	0.0833
NC_000024.9	23565795	0.0833
NC_000024.9	23566290	0.0833
NC_000024.9	23567930	0.0833
NC_000024.9	23569229	0.0833
NC_000024.9	23571841	0.0833
NC_000024.9	23572106	0.1667
NC_000024.9	23572495	0.1667
NC_000024.9	23583631	0.0833
NC_000024.9	23589309	0.0833
NC_000024.9	23590779	0.0833
NC_000024.9	23590780	0.0833
NC_000024.9	23595017	0.0909
NC_000024.9	23596262	0.0909
NC_000024.9	23597603	0.0909
NC_000024.9	23598135	0.0909
NC_000024.9	23600700	0.0909
NC_000024.9	23601156	0.0909
NC_000024.9	23603585	0.0909
NC_000024.9	23607660	0.1818
NC_000024.9	23607731	0.1818
NC_000024.9	23609441	0.1667
NC_000024.9	23613559	0.0833
NC_000024.9	23613562	0.1667
NC_000024.9	23613566	0.0833
NC_000024.9	23613568	0.1667
NC_000024.9	23613569	0.1667
NC_000024.9	23613572	0.0833
NC_000024.9	23613573	0.0833
NC_000024.9	23613574	0.0833
NC_000024.9	23613575	0.0833
NC_000024.9	23613576	0.1667
NC_000024.9	23613577	0.0833
NC_000024.9	23613579	0.0833
NC_000024.9	23613580	0.0833
NC_000024.9	23613581	0.0833
NC_000024.9	23613582	0.0833
NC_000024.9	23613588	0.1667
NC_000024.9	23613589	0.0833
NC_000024.9	23613593	0.0833
NC_000024.9	23613594	0.0833
NC_000024.9	23613595	0.0833
NC_000024.9	23613597	0.0833
NC_000024.9	23614600	0.0909
NC_000024.9	23615491	0.0909
NC_000024.9	23617006	0.0833
NC_000024.9	23618826	0.1667
NC_000024.9	23623262	0.1667
NC_000024.9	23627289	0.0833
NC_000024.9	23629008	0.0833
NC_000024.9	23633372	0.0833
NC_000024.9	23635056	0.0833
NC_000024.9	23639025	0.25
NC_000024.9	23639224	0.25
NC_000024.9	23639529	0.0833
NC_000024.9	23642309	0.0833
NC_000024.9	23642375	0.0833
NC_000024.9	23648697	0.0833
NC_000024.9	23652150	0.0833
NC_000024.9	23654339	0.1667
NC_000024.9	23654467	0.0833
NC_000024.9	23654647	0.0833
NC_000024.9	23654651	0.0833
NC_000024.9	23655582	0.25
NC_000024.9	23655813	0.25
NC_000024.9	23656391	0.0833
NC_000024.9	23656491	0.1667
NC_000024.9	23656679	0.0833
NC_000024.9	23656691	0.0833
NC_000024.9	23656854	0.1667
NC_000024.9	23657708	0.3333
NC_000024.9	23658358	0.4167
NC_000024.9	23658384	0.0833
NC_000024.9	23661049	0.0833
NC_000024.9	23662344	0.25
NC_000024.9	23662767	0.0833
NC_000024.9	23663421	0.1667
NC_000024.9	23663775	0.1667
NC_000024.9	23663801	0.0833
NC_000024.9	23663869	0.4167
NC_000024.9	23664268	0.0833
NC_000024.9	23665520	0.0833
NC_000024.9	23665918	0.0833
NC_000024.9	23666404	0.1667
NC_000024.9	23729273	0.1667
NC_000024.9	23729355	0.1667
NC_000024.9	23729403	0.0833
NC_000024.9	23729493	0.1667
NC_000024.9	23729509	0.1667
NC_000024.9	23729546	0.0833
NC_000024.9	23729676	0.0833
NC_000024.9	23729773	0.1667
NC_000024.9	23729876	0.0833
NC_000024.9	23729951	0.0833
NC_000024.9	23730340	0.0833
NC_000024.9	23731883	0.1667
NC_000024.9	23735964	0.0833
NC_000024.9	23736003	0.1667
NC_000024.9	23736615	0.0833
NC_000024.9	23740943	0.1667
NC_000024.9	23741141	0.0833
NC_000024.9	23741684	0.0833
NC_000024.9	23743620	0.0833
NC_000024.9	23744630	0.0833
NC_000024.9	23745090	0.0833
NC_000024.9	23747095	0.0833
NC_000024.9	23747109	0.0833
NC_000024.9	23750023	0.0833
NC_000024.9	23751338	0.0833
NC_000024.9	23751343	0.1667
NC_000024.9	23751374	0.0833
NC_000024.9	23751691	0.0833
NC_000024.9	23753976	0.0833
NC_000024.9	23755132	0.0833
NC_000024.9	23755248	0.1667
NC_000024.9	23757465	0.0833
NC_000024.9	23760466	0.1667
NC_000024.9	23761418	0.0833
NC_000024.9	23761608	0.0833
NC_000024.9	23761672	0.3333
NC_000024.9	23764138	0.0833
NC_000024.9	23765025	0.0833
NC_000024.9	23765556	0.0833
NC_000024.9	23769373	0.0833
NC_000024.9	23770980	0.0833
NC_000024.9	23771147	0.0833
NC_000024.9	23771978	0.1667
NC_000024.9	23774104	0.1667
NC_000024.9	23774390	0.0833
NC_000024.9	23776442	0.1
NC_000024.9	23781504	0.2
NC_000024.9	23785250	0.1
NC_000024.9	23785414	0.1
NC_000024.9	23785914	0.1
NC_000024.9	23788433	0.1
NC_000024.9	23788598	0.1
NC_000024.9	23789220	0.1
NC_000024.9	23789356	0.1
NC_000024.9	23790461	0.1
NC_000024.9	23790758	0.2
NC_000024.9	23796979	0.1
NC_000024.9	23800192	0.1
NC_000024.9	23801321	0.1
NC_000024.9	23801803	0.2
NC_000024.9	23802773	0.1
NC_000024.9	23805710	0.1
NC_000024.9	24356128	0.1111
NC_000024.9	24357953	0.1111
NC_000024.9	24358157	0.1111
NC_000024.9	24358251	0.1111
NC_000024.9	24359523	0.1111
NC_000024.9	24359931	0.1111
NC_000024.9	24364890	0.1111
NC_000024.9	24364899	0.1111
NC_000024.9	24365081	0.1111
NC_000024.9	24366190	0.1111
NC_000024.9	24371684	0.1111
NC_000024.9	24372351	0.1111
NC_000024.9	24374719	0.1111
NC_000024.9	24375418	0.1111
NC_000024.9	24375455	0.1111
NC_000024.9	24377456	0.2222
NC_000024.9	24377718	0.2222
NC_000024.9	24377975	0.1111
NC_000024.9	24378626	0.1111
NC_000024.9	24381399	0.1111
NC_000024.9	24381403	0.2222
NC_000024.9	24382390	0.1111
NC_000024.9	24385428	0.1111
NC_000024.9	24386063	0.1111
NC_000024.9	24386124	0.1111
NC_000024.9	24386153	0.2222
NC_000024.9	24386563	0.1111
NC_000024.9	24386834	0.2222
NC_000024.9	24386838	0.1111
NC_000024.9	24386847	0.1111
NC_000024.9	24386862	0.1111
NC_000024.9	24386875	0.1111
NC_000024.9	24386891	0.1111
NC_000024.9	24386894	0.2222
NC_000024.9	24386929	0.1111
NC_000024.9	24386930	0.1111
NC_000024.9	24386943	0.1111
NC_000024.9	24386992	0.1111
NC_000024.9	24387035	0.125
NC_000024.9	24387485	0.1111
NC_000024.9	24387513	0.1111
NC_000024.9	24387541	0.3333
NC_000024.9	24387569	0.1111
NC_000024.9	24387624	0.125
NC_000024.9	24387645	0.2222
NC_000024.9	24387647	0.2222
NC_000024.9	24387652	0.1111
NC_000024.9	24387654	0.1111
NC_000024.9	24387673	0.3333
NC_000024.9	24387686	0.1111
NC_000024.9	24387699	0.2222
NC_000024.9	24387704	0.1111
NC_000024.9	24387793	0.1111
NC_000024.9	24387801	0.1111
NC_000024.9	24387944	0.1111
NC_000024.9	24387990	0.1111
NC_000024.9	24388108	0.2222
NC_000024.9	24389735	0.1111
NC_000024.9	24391629	0.1111
NC_000024.9	24391891	0.1111
NC_000024.9	24392082	0.1111
NC_000024.9	24392634	0.1111
NC_000024.9	24392653	0.1111
NC_000024.9	24393657	0.1111
NC_000024.9	24395870	0.1111
NC_000024.9	24395883	0.1111
NC_000024.9	24396212	0.1111
NC_000024.9	24397850	0.1111
NC_000024.9	24399592	0.1111
NC_000024.9	24401266	0.1111
NC_000024.9	24401940	0.1111
NC_000024.9	24403204	0.1111
NC_000024.9	24406601	0.1111
NC_000024.9	24408846	0.2222
NC_000024.9	24415718	0.1111
NC_000024.9	24415778	0.1111
NC_000024.9	24415780	0.2222
NC_000024.9	24417242	0.1111
NC_000024.9	24417486	0.1111
NC_000024.9	24420879	0.1111
NC_000024.9	24422830	0.1111
NC_000024.9	24425085	0.1111
NC_000024.9	24425215	0.1111
NC_000024.9	24427595	0.1111
NC_000024.9	24430582	0.1111
NC_000024.9	24432289	0.1111
NC_000024.9	24432666	0.1111
NC_000024.9	24435163	0.1111
NC_000024.9	24437979	0.1111
NC_000024.9	24439196	0.1111
NC_000024.9	24441979	0.1111
NC_000024.9	24442767	0.1111
NC_000024.9	24443898	0.1111
NC_000024.9	24444048	0.1111
NC_000024.9	24446850	0.3333
NC_000024.9	24446852	0.4444
NC_000024.9	24448526	0.1111
NC_000024.9	24450928	0.1111
NC_000024.9	24450929	0.1111
NC_000024.9	24450930	0.1111
NC_000024.9	24451187	0.1111
NC_000024.9	24451549	0.1111
NC_000024.9	24454609	0.1111
NC_000024.9	24456412	0.1111
NC_000024.9	24457719	0.1111
NC_000024.9	24459940	0.1111
NC_000024.9	24460880	0.1111
NC_000024.9	24461802	0.1111
NC_000024.9	24465292	0.2222
NC_000024.9	24465957	0.1111
NC_000024.9	24469806	0.1111
NC_000024.9	24470911	0.1111
NC_000024.9	24472010	0.1111
NC_000024.9	24472050	0.1111
NC_000024.9	24472112	0.1111
NC_000024.9	24472868	0.1111
NC_000024.9	24475328	0.1111
NC_000024.9	24475511	0.1111
NC_000024.9	24479517	0.1111
NC_000024.9	24482675	0.1111
NC_000024.9	24483068	0.1111
NC_000024.9	24483232	0.1111
NC_000024.9	24483588	0.1111
NC_000024.9	24483844	0.1111
NC_000024.9	24487701	0.1111
NC_000024.9	24489256	0.1111
NC_000024.9	24490008	0.1111
NC_000024.9	24491756	0.1111
NC_000024.9	24492875	0.1111
NC_000024.9	24497127	0.1111
NC_000024.9	24497454	0.1111
NC_000024.9	24498437	0.1111
NC_000024.9	24500850	0.1111
NC_000024.9	24505075	0.1111
NC_000024.9	24506339	0.1111
NC_000024.9	24509299	0.1111
NC_000024.9	24511620	0.1111
NC_000024.9	24518155	0.1111
NC_000024.9	24518578	0.1111
NC_000024.9	24523204	0.1111
NC_000024.9	25505303	0.25
NC_000024.9	28457607	0.125
NC_000024.9	28459738	0.125
NC_000024.9	28461220	0.125
NC_000024.9	28462907	0.125
NC_000024.9	28463925	0.125
NC_000024.9	28464303	0.125
NC_000024.9	28464779	0.125
NC_000024.9	28466660	0.125
NC_000024.9	28469495	0.125
NC_000024.9	28472215	0.125
NC_000024.9	28476831	0.125
NC_000024.9	28478038	0.25
NC_000024.9	28479915	0.125
NC_000024.9	28480783	0.125
NC_000024.9	28482731	0.125
NC_000024.9	28483762	0.125
NC_000024.9	28484763	0.125
NC_000024.9	28484889	0.125
NC_000024.9	28484897	0.125
NC_000024.9	28485035	0.125
NC_000024.9	28490199	0.1111
NC_000024.9	28490390	0.1111
NC_000024.9	28492107	0.1111
NC_000024.9	28495899	0.1111
NC_000024.9	28497211	0.1111
NC_000024.9	28504055	0.1111
NC_000024.9	28504104	0.1111
NC_000024.9	28504133	0.1111
NC_000024.9	28504690	0.1111
NC_000024.9	28504732	0.1111
NC_000024.9	28507838	0.1111
NC_000024.9	28510737	0.1111
NC_000024.9	28511278	0.1111
NC_000024.9	28511879	0.1111
NC_000024.9	28515630	0.1111
NC_000024.9	28517320	0.1111
NC_000024.9	28517353	0.1111
NC_000024.9	28518685	0.1111
NC_000024.9	28522142	0.1111
NC_000024.9	28522335	0.1111
NC_000024.9	28523308	0.1111
NC_000024.9	28524870	0.1111
NC_000024.9	28527450	0.1111
NC_000024.9	28529562	0.2222
NC_000024.9	28531368	0.1111
NC_000024.9	28532654	0.1111
NC_000024.9	28534195	0.1111
NC_000024.9	28534940	0.125
NC_000024.9	28536271	0.1111
NC_000024.9	28543446	0.1111
NC_000024.9	28543691	0.1111
NC_000024.9	28551254	0.1111
NC_000024.9	28551627	0.1111
NC_000024.9	28551957	0.1111
NC_000024.9	28558619	0.1111
NC_000024.9	28558916	0.1111
NC_000024.9	28565748	0.2222
NC_000024.9	28567814	0.1111
NC_000024.9	28567952	0.1111
NC_000024.9	28568934	0.1111
NC_000024.9	28570540	0.1111
NC_000024.9	28572228	0.1111
NC_000024.9	28573874	0.1111
NC_000024.9	28574998	0.1111
NC_000024.9	28575717	0.1111
NC_000024.9	28576827	0.1111
NC_000024.9	28577678	0.1111
NC_000024.9	28579866	0.1111
NC_000024.9	28581666	0.1111
NC_000024.9	28581668	0.1111
NC_000024.9	28582024	0.1111
NC_000024.9	28583229	0.1111
NC_000024.9	28587640	0.1111
NC_000024.9	28587963	0.1111
NC_000024.9	28588986	0.1111
NC_000024.9	28589070	0.1111
NC_000024.9	28590251	0.1111
NC_000024.9	28590906	0.1111
NC_000024.9	28592697	0.125
NC_000024.9	28593199	0.125
NC_000024.9	28594071	0.125
NC_000024.9	28597368	0.125
NC_000024.9	28599792	0.125
NC_000024.9	28600983	0.125
NC_000024.9	28602059	0.125
NC_000024.9	28604753	0.125
NC_000024.9	28607245	0.125
NC_000024.9	28608645	0.125
NC_000024.9	28609906	0.125
NC_000024.9	28610418	0.125
NC_000024.9	28610509	0.125
NC_000024.9	28612372	0.125
NC_000024.9	28612448	0.125
NC_000024.9	28612905	0.125
NC_000024.9	28614916	0.125
NC_000024.9	28616106	0.125
NC_000024.9	28619052	0.125
NC_000024.9	28620226	0.125
NC_000024.9	28621116	0.125
NC_000024.9	28627699	0.125
NC_000024.9	28628091	0.125
NC_000024.9	28628440	0.125
NC_000024.9	28628460	0.125
NC_000024.9	28628508	0.125
NC_000024.9	28628510	0.125
NC_000024.9	28628816	0.125
NC_000024.9	28629143	0.125
NC_000024.9	28633856	0.125
NC_000024.9	28636726	0.125
NC_000024.9	28638029	0.125
NC_000024.9	28640367	0.125
NC_000024.9	28644623	0.125
NC_000024.9	28646357	0.125
NC_000024.9	28647622	0.125
NC_000024.9	28650343	0.125
NC_000024.9	28650362	0.125
NC_000024.9	28653610	0.125
NC_000024.9	28654384	0.125
NC_000024.9	28657055	0.125
NC_000024.9	28657056	0.125
NC_000024.9	28658249	0.125
NC_000024.9	28658277	0.125
NC_000024.9	28659620	0.125
NC_000024.9	28661198	0.1111
NC_000024.9	28663631	0.1111
NC_000024.9	28664245	0.1111
NC_000024.9	28664607	0.1111
NC_000024.9	28667230	0.2222
NC_000024.9	28668268	0.2222
NC_000024.9	28668290	0.1111
NC_000024.9	28669986	0.2222
NC_000024.9	28674190	0.1111
NC_000024.9	28674695	0.2222
NC_000024.9	28676471	0.1111
NC_000024.9	28679492	0.1111
NC_000024.9	28680368	0.1111
NC_000024.9	28680422	0.3333
NC_000024.9	28680881	0.1111
NC_000024.9	28683587	0.1111
NC_000024.9	28685341	0.1111
NC_000024.9	28686379	0.1111
NC_000024.9	28687591	0.1111
NC_000024.9	28688041	0.1111
NC_000024.9	28690303	0.1111
NC_000024.9	28691383	0.1111
NC_000024.9	28692905	0.1111
NC_000024.9	28693655	0.1111
NC_000024.9	28697308	0.1111
NC_000024.9	28699018	0.1111
NC_000024.9	28700764	0.3333
NC_000024.9	28704808	0.1111
NC_000024.9	28707579	0.1111
NC_000024.9	28707807	0.1111
NC_000024.9	28708145	0.1111
NC_000024.9	28708219	0.1111
NC_000024.9	28709274	0.1111
NC_000024.9	28709518	0.1111
NC_000024.9	28710816	0.1111
NC_000024.9	28711006	0.1111
NC_000024.9	28714782	0.2222
NC_000024.9	28716270	0.1111
NC_000024.9	28716640	0.2222
NC_000024.9	28717267	0.1111
NC_000024.9	28721513	0.1111
NC_000024.9	28724216	0.1111
NC_000024.9	28725413	0.1111
NC_000024.9	28726915	0.1111
NC_000024.9	28729202	0.1111
NC_000024.9	28730982	0.1111
NC_000024.9	28731027	0.1111
NC_000024.9	28731210	0.1111
NC_000024.9	28732101	0.1111
NC_000024.9	28736226	0.1111
NC_000024.9	28736900	0.1111
NC_000024.9	28737339	0.1111
NC_000024.9	28738286	0.1111
NC_000024.9	28738441	0.1111
NC_000024.9	28738696	0.1111
NC_000024.9	28739811	0.1111
NC_000024.9	28742628	0.1111
NC_000024.9	28744822	0.1111
NC_000024.9	28744955	0.1111
NC_000024.9	28745520	0.1111
NC_000024.9	28746395	0.1111
NC_000024.9	28746408	0.1111
NC_000024.9	28747219	0.1111
NC_000024.9	28747545	0.1111
NC_000024.9	28748610	0.1111
NC_000024.9	28748901	0.2222
NC_000024.9	28748908	0.1111
NC_000024.9	28748913	0.2222
NC_000024.9	28751208	0.1111
NC_000024.9	28755098	0.1111
NC_000024.9	28756977	0.1111
NC_000024.9	28758266	0.1111
NC_000024.9	28761113	0.1111
NC_000024.9	28764857	0.1111
NC_000024.9	28767601	0.1111
NC_000024.9	28772048	0.1111
NC_000024.9	28772489	0.1111
NC_000024.9	28773169	0.1111
NC_000024.9	28776879	0.1111
NC_000024.9	28777725	0.1111
NC_000024.9	28783124	0.1111
NC_000024.9	28784574	0.1111
NC_000024.9	28786238	0.1111
NC_000024.9	28786642	0.2222
NC_000024.9	28787058	0.1111
NC_000024.9	28787646	0.2
NC_000024.9	28787653	0.2
NC_000024.9	28789895	0.2
NC_000024.9	28790215	0.2
